

TRUNCATE `glpi_states`;
INSERT INTO `glpi_states` (id, name, completename) VALUES
(1, "En Service", "En Service"),
(2, "Détruit", "Détruit"),
(3, "Réparation", "Réparation");

TRUNCATE glpi_computertypes;
INSERT INTO `glpi_computertypes` (`ID`, `name`, `date_mod`, `date_creation`) VALUES 
(1, "Autres", now(), now()), 
(2, "AT/AT COMPATIBLE", now(), now()), 
(3, "Desktop", now(), now()), 
(4,"Low Profile Desktop", now(), now()), 
(5,"Mini Tower", now(), now()); 

TRUNCATE glpi_computermodels;
INSERT INTO glpi_computermodels (id, name,date_mod,date_creation) VALUES 
(1,"Autres",now(),now()),
(2,"G5215fr",now(),now()), 
(3,"HP Compaq 6005 Pro SFF PC",now(),now()), 
(4,"HP Compaq 6200 Pro MT PC",now(),now()), 
(5,"HP Compaq dc5750 Small Form Factor",now(),now()), 
(6,"HP Compaq dc5850 Small Form Factor",now(),now()), 
(7,"HP Compaq dc7600 Convertible Minitower",now(),now()), 
(8,"HP Compaq dc7700 Convertible Minitower",now(),now()), 
(9,"HP Compaq dc7800 Convertible Minitower",now(),now()), 
(10,"HP Compaq Pro 6300 MT",now(),now()), 
(11,"HP Compaq Pro 6300 SFF",now(),now()), 
(12,"HP Z220 CMT Workstation",now(),now()), 
(13,"OptiPlex 390",now(),now()), 
(14,"SLIC-BPC",now(),now()), 
(15,"System Product Name",now(),now()), 
(16,"Vostro 260",now(),now()); 

TRUNCATE glpi_manufacturers;
INSERT INTO `glpi_manufacturers` (id, name,date_mod,date_creation) VALUES
(1,"Autres",now(),now()),
(2,"Dell Inc.",now(),now()),
(3,"Hewlett-Packard",now(),now()),
(4,"American Megatrends Inc.",now(),now()),
(5,"System manufacturer",now(),now()),
(6,"AMD",now(),now()),
(7,"Intel(R) Corporation",now(),now()),
(8,"(Lecteurs de disque standard)",now(),now());

TRUNCATE glpi_operatingsystems;
INSERT INTO glpi_operatingsystems (`name`, `DATE_MOD`, `date_creation`) VALUES
('Debian GNU/Linux 7.2', '2023-10-03 10:09:28', '2023-10-03 10:09:28'),
('Debian GNU/Linux 7.7 (wheezy)', '2023-10-03 10:09:28', '2023-10-03 10:09:28'),
('Debian GNU/Linux wheezy/sid', '2023-10-03 10:09:28', '2023-10-03 10:09:28'),
('Microsoft Windows 7 Professionnel', '2023-10-03 10:09:28', '2023-10-03 10:09:28'),
('Microsoft Windows Vista', '2023-10-03 10:09:28', '2023-10-03 10:09:28'),
('Microsoft Windows XP Professional', '2023-10-03 10:09:28', '2023-10-03 10:09:28'),
('Microsoft Windows 7 Édition Familiale Premium', '2023-10-03 10:09:28', '2023-10-03 10:09:28');


TRUNCATE glpi_operatingsystemkernels;
INSERT INTO glpi_operatingsystemkernels (id, name, date_mod, date_creation) VALUES
(1, "linux", DATE_ADD(now(), INTERVAL - 3 YEAR), DATE_ADD(now(), INTERVAL - 3 YEAR)),
(2, "MSWin32", DATE_ADD(now(), INTERVAL - 3 YEAR), DATE_ADD(now(), INTERVAL - 3 YEAR));

TRUNCATE glpi_operatingsystemkernelversions;
INSERT INTO glpi_operatingsystemkernelversions (`operatingsystemkernels_id`, `name`, `comment`, `date_mod`, `date_creation`) VALUES
(2, "5.1.2600", "Service Pack 3", '2020-10-03 14:58:09', '2020-10-03 14:58:09'),
(2, "5.1.2600", "Service Pack 3 (Terminal Services in Remote Admin Mode)", '2020-10-03 14:58:09', '2020-10-03 14:58:09'),
(2, "6.1.7601", "Service Pack 1", '2020-10-03 14:58:09', '2020-10-03 14:58:09'),
(2, "6.1.7601", "Service Pack 1 (Terminal Services in Remote Admin Mode)", '2020-10-03 14:58:09', '2020-10-03 14:58:09'),
(2, "5.1.2600", "Service Pack 2", '2020-10-03 14:58:09', '2020-10-03 14:58:09'),
(2, "6.1.7600",  "(Terminal Services in Remote Admin Mode)", '2020-10-03 14:58:09', '2020-10-03 14:58:09'),
(1, "2.6.32-30-pve", "#1 SMP Wed Jun 25 05:54:15 CEST 2014", '2020-10-03 14:58:09', '2020-10-03 14:58:09');


INSERT INTO glpi_computers (id,NAME,serial,computermodels_ID,computerTypes_ID,manufacturers_ID,States_ID,UUID) VALUES  
(2,"109-05","CZC2361LL8",4,5,3,1,"109-05-2012-10-16-13-40-16"),
(4,"109-08","CZC2361LKR",4,5,3,1,"109-08-2012-10-19-08-37-35"),
(5,"109-10","CZC2361LKM",4,5,3,1,"109-10-2012-10-16-13-52-04"),
(6,"109-06","CZC2361LKT",4,5,3,1,"109-06-2012-10-19-09-14-03"),
(7,"109-09","CZC2361LKQ",4,5,3,1,"109-09-2012-10-08-11-04-29"),
(8,"109-04","CZC2361LKS",4,5,3,1,"109-04-2012-10-16-19-35-23"),
(9,"109-15","CZC2361LL0",4,5,3,1,"109-15-2012-10-17-11-43-19"),
(10,"109-11","CZC2361LLK",4,5,3,1,"109-11-2012-10-16-19-30-26"),
(11,"109-14","CZC2361LKP",4,5,3,1,"109-14-2012-10-16-15-23-38"),
(12,"109-12","CZC2361LKY",4,5,3,1,"109-12-2012-10-17-12-13-43"),
(17,"109-07","CZC2361LL1",4,5,3,1,"109-07-2012-10-17-09-40-30"),
(18,"201-07","CZC9362Z7Y",6,4,3,1,"201-07-2012-12-20-23-26-37"),
(19,"204-09","CZC8260ZMG",5,4,3,1,"204-09-2012-12-06-21-48-11"),
(20,"109-03","CZC2361LLB",4,5,3,1,"109-03-2012-10-17-09-35-23"),
(24,"204-11","CZC8260ZM3",5,4,3,1,"204-11-2012-12-13-12-03-09"),
(25,"204-12","CZC8260ZM2",5,4,3,1,"204-12-2012-12-18-09-35-13"),
(26,"204-03","CZC8260ZM4",5,4,3,1,"204-03-2012-12-11-10-14-18"),
(29,"204-06","CZC8260ZM9",5,4,3,1,"204-06-2012-12-17-15-48-32"),
(31,"204-04","CZC826540L",5,4,3,1,"204-04-2012-12-06-20-44-29"),
(32,"108-03","14C5B5J",13,5,2,1,"108-03-2012-09-24-14-36-40"),
(35,"108-04","F4C5B5J",13,5,2,1,"108-04-2012-09-24-14-24-38"),
(37,"108-10","G4C5B5J",13,5,2,1,"108-10-2012-10-05-18-47-42"),
(38,"108-12","94C5B5J",13,5,2,1,"108-12-2012-09-24-14-27-29"),
(39,"108-14","84C5B5J",13,5,2,1,"108-14-2012-09-24-14-29-49"),
(40,"108-13","J3C5B5J",13,5,2,1,"108-13-2012-10-05-18-38-11"),
(42,"108-09","H4C5B5J",13,5,2,1,"108-09-2012-09-24-13-38-25"),
(43,"201-06","CZC9352H6P",6,4,3,1,"201-06-2012-12-05-09-41-05"),
(44,"108-11","34C5B5J",13,5,2,1,"108-11-2012-09-24-14-25-56"),
(46,"201-13","CZC9362ZBB",6,4,3,1,"201-13-2012-12-11-08-01-24"),
(47,"201-16","CZC9362ZFR",6,4,3,1,"201-16-2012-12-18-14-38-23"),
(52,"204-10","CZC8260ZM5",5,4,3,1,"204-10-2012-12-13-16-22-28"),
(53,"204-15","CZC826540F",5,4,3,1,"204-15-2012-12-19-14-23-33"),
(54,"201-04","CZC9362ZBN",6,4,3,1,"201-04-2012-12-04-06-06-02"),
(60,"204-02","CZC826540G",5,4,3,1,"204-02-2012-12-11-09-48-32"),
(64,"201-01","CZC9362ZBJ",6,4,3,1,"201-01-2012-12-04-07-36-19"),
(67,"204-07","CZC8260ZMB",5,4,3,1,"204-07-2012-12-19-15-16-43"),
(71,"204-05","CZC8260ZM7",5,4,3,1,"204-05-2012-12-14-02-11-19"),
(73,"204-08","CZC8260ZM1",5,4,3,1,"204-08-2012-12-12-23-24-19"),
(74,"201-15","CZC9362Z94",6,4,3,1,"201-15-2012-12-04-09-24-27"),
(75,"sdp-03","CZC9362ZBT",6,4,3,1,"sdp-03-2012-12-19-11-16-45"),
(77,"108-02","44C5B5J",13,5,2,1,"108-02-2012-09-24-13-22-09"),
(79,"201-vp","CZC9362ZKD",6,4,3,1,"201-vp-2012-12-13-15-59-37"),
(83,"sdp-05","CZC9362ZFC",6,4,3,1,"sdp-05-2013-01-15-11-41-03"),
(84,"sdp-06","CZC9352H00",6,4,3,1,"sdp-06-2012-12-20-17-20-22"),
(88,"sdp-04","CZC9362ZFK",6,4,3,1,"sdp-04-2012-12-19-13-38-05"),
(89,"sdp-01","CZC9352GZH",6,4,3,1,"sdp-01-2012-12-20-12-38-59"),
(91,"110-vp","CZC63855NJ",7,5,3,1,"110-vp-2012-09-26-17-03-22"),
(93,"sdp-02","CZC9352H57",6,4,3,1,"sdp-02-2012-12-21-15-15-32"),
(94,"204-01","CZC8260ZMF",5,4,3,1,"204-01-2012-12-06-11-33-21"),
(95,"334-01","CZC9362ZDQ",6,4,3,1,"334-01-2012-12-19-23-34-46"),
(96,"svt-03","CZC63855QH",7,5,3,1,"svt-03-2012-09-21-14-22-58"),
(98,"329-09","CZC2058SSW",4,5,3,1,"329-09-2013-03-11-11-16-48"),
(100,"231-vp","CZC0302SZR",3,4,3,1,"231-vp-2012-12-13-13-13-53"),
(101,"222-01","CZC7350ZF3",8,5,3,1,"222-01-2013-01-21-17-16-30"),
(102,"113-01","CZC2065JNS",3,4,3,1,"113-01-2012-10-19-09-48-26"),
(103,"236-16","CZC0302SZX",3,4,3,1,"236-16-2012-12-07-12-46-37"),
(104,"236-12","CZC0302SZT",3,4,3,1,"236-12-2012-12-07-17-08-51"),
(105,"234-02","CZC0302SZV",3,4,3,1,"234-02-2012-12-18-17-36-22"),
(106,"236-03","CZC0302VHY",3,4,3,1,"236-03-2013-01-15-11-11-44"),
(107,"228-vp","CZC7350ZDS",8,5,3,1,"228-vp-2012-10-18-16-25-48"),
(108,"311-04","CZC7350ZD6",8,5,3,1,"311-04-2012-12-21-06-11-34"),
(110,"204-14","CZC826540R",5,4,3,1,"204-14-2012-12-20-14-40-53"),
(112,"201-10","CZC9362ZK6",6,4,3,1,"201-10-2013-02-04-10-43-39"),
(113,"201-08","CZC9352H1J",6,4,3,1,"201-08-2012-12-04-07-21-28"),
(114,"201-02","CZC9352GXW",6,4,3,1,"201-02-2012-12-04-07-47-38"),
(115,"201-03","CZC9352GZ3",6,4,3,1,"201-03-2012-11-30-14-35-53"),
(116,"200-14","CZC9352GZ8",6,4,3,1,"200-14-2012-12-18-14-57-01"),
(119,"200-05","CZC9352H60",6,4,3,1,"200-05-2012-12-12-09-05-10"),
(120,"236-09","CZC0302SZ0",3,4,3,1,"236-09-2012-12-07-16-31-30"),
(121,"233-15","CZC0302VJN",3,4,3,1,"233-15-2012-12-13-19-09-46"),
(122,"233-02","CZC0302VJQ",3,4,3,1,"233-02-2012-12-17-09-12-43"),
(123,"234-03","CZC0302VJV",3,4,3,1,"234-03-2012-12-18-19-55-02"),
(124,"236-13","CZC0310NN8",3,4,3,1,"236-13-2013-01-21-14-51-58"),
(125,"108-01","D4C5B5J",13,5,2,1,"108-01-2012-09-24-13-39-17"),
(126,"236-02","CZC0302SZK",3,4,3,1,"236-02-2013-03-04-16-47-40"),
(127,"114-01","CZC9362ZK2",6,4,3,1,"114-01-2012-11-13-13-36-13"),
(128,"236-08","CZC0302SZN",3,4,3,1,"236-08-2013-01-21-14-45-36"),
(129,"233-14","CZC0302X9G",3,4,3,1,"233-14-2012-12-13-11-56-55"),
(130,"236-01","CZC0302X7B",3,4,3,1,"236-01-2013-02-11-18-04-29"),
(131,"235-09","CZC0302VJW",3,4,3,1,"235-09-2012-12-19-13-06-17"),
(132,"236-10","CZC0302VJ7",3,4,3,1,"236-10-2012-12-11-09-05-01"),
(133,"236-14","CZC0302SZG",3,4,3,1,"236-14-2013-01-14-13-57-18"),
(134,"232-01","CZC0302SZB",3,4,3,1,"232-01-2013-01-22-15-16-00"),
(135,"329-02","CZC2058SSV",4,5,3,1,"329-02-2013-03-11-09-04-36"),
(137,"329-05","CZC2058SSL",4,5,3,1,"329-05-2013-03-08-10-48-37"),
(138,"329-08","CZC2058SSB",4,5,3,1,"329-08-2013-03-12-11-51-14"),
(139,"329-07","CZC2058SSN",4,5,3,1,"329-07-2013-03-11-14-25-03"),
(141,"233-03","CZC0257TRP",3,4,3,1,"233-03-2012-12-18-14-04-10"),
(142,"235-12","CZC0310NND",3,4,3,1,"235-12-2012-12-17-08-14-06"),
(143,"220-01","CZC7350ZDB",8,5,3,1,"220-01-2013-01-09-16-58-06"),
(144,"236-06","CZC0302SZS",3,4,3,1,"236-06-2012-12-07-14-24-14"),
(145,"236-05","CZC0302SZ5",3,4,3,1,"236-05-2012-12-07-18-32-15"),
(146,"236-04","CZC0302VJL",3,4,3,1,"236-04-2013-01-17-08-26-27"),
(148,"233-13","CZC0302X9K",3,4,3,1,"233-13-2012-12-13-12-03-38"),
(151,"233-01","CZC0302X92",3,4,3,1,"233-01-2012-12-12-12-11-40"),
(153,"235-04","CZC0302VJY",3,4,3,1,"235-04-2012-12-14-13-20-56"),
(154,"200-17","CZC9352H46",6,4,3,1,"200-17-2012-12-17-13-06-19"),
(155,"233-04","CZC0302VJ5",3,4,3,1,"233-04-2012-12-17-13-29-30"),
(156,"236-07","CZC0302SZ7",3,4,3,1,"236-07-2013-01-14-11-08-37"),
(157,"235-03","CZC0302VJ2",3,4,3,1,"235-03-2012-12-10-19-57-34"),
(158,"235-11","CZC0302VJ1",3,4,3,1,"235-11-2012-12-14-10-57-39"),
(159,"236-15","CZC0302SYZ",3,4,3,1,"236-15-2013-01-21-09-41-26"),
(160,"204-vp","CZC826540C",5,4,3,1,"204-vp-2012-12-17-21-18-55"),
(162,"235-13","CZC03033WQ",3,4,3,1,"235-13-2012-12-14-13-00-29"),
(163,"201-12","CZC9362ZG0",6,4,3,1,"201-12-2012-12-04-07-39-05"),
(164,"235-02","CZC0302VJX",3,4,3,1,"235-02-2012-12-12-15-44-50"),
(165,"235-vp","CZC0302SYP",3,4,3,1,"235-vp-2012-12-17-13-18-36"),
(166,"233-16","CZC0302X8P",3,4,3,1,"233-16-2012-12-13-14-34-42"),
(167,"108-05","24C5B5J",13,5,2,1,"108-05-2012-09-24-14-38-17"),
(168,"233-11","CZC0302VJG",3,4,3,1,"233-11-2012-12-12-19-28-16"),
(169,"235-07","CZC0302VJJ",3,4,3,1,"235-07-2012-12-14-17-29-56"),
(170,"335-10","CZC7350ZCR",8,5,3,1,"335-10-2012-12-18-11-45-59"),
(171,"235-06","CZC0302SZ1",3,4,3,1,"235-06-2012-12-10-11-51-11"),
(173,"200-04","CZC9352H2D",6,4,3,1,"200-04-2012-12-11-05-44-14"),
(175,"233-05","CZC0302X93",3,4,3,1,"233-05-2012-12-12-15-40-03"),
(176,"200-03","CZC9352H01",6,4,3,1,"200-03-2012-12-11-06-26-07"),
(177,"233-07","CZC0302X8Z",3,4,3,1,"233-07-2012-12-17-14-18-34"),
(178,"200-08","CZC9352GZP",6,4,3,1,"200-08-2012-12-11-05-46-56"),
(180,"200-01","CZC9352H02",6,4,3,1,"200-01-2012-12-11-05-39-49"),
(181,"335-08","CZC7350ZC4",8,5,3,1,"335-08-2012-12-18-08-25-44"),
(182,"335-15","CZC7350ZCB",8,5,3,1,"335-15-2012-12-18-10-15-19"),
(186,"200-15","CZC9352H48",6,4,3,1,"200-15-2012-12-11-07-50-44"),
(187,"216-01","CZC7350ZDN",8,5,3,1,"216-01-2013-04-10-11-47-17"),
(190,"200-06","CZC9352GY8",6,4,3,1,"200-06-2012-12-17-14-57-41"),
(191,"svt-07","CZC63855PB",7,5,3,1,"svt-07-2012-09-21-15-51-10"),
(192,"212-01","CZC7350ZDR",8,5,3,1,"212-01-2013-03-11-18-15-12"),
(193,"311-03","CZC7350ZC1",8,5,3,1,"311-03-2013-01-07-20-07-05"),
(195,"200-07","CZC9352H2S",6,4,3,1,"200-07-2012-12-17-19-04-55"),
(201,"335-04","CZC7350ZD0",8,5,3,1,"335-04-2012-12-18-11-41-11"),
(202,"112-09","CZC2065JN3",3,4,3,1,"112-09-2012-10-19-10-15-45"),
(204,"233-06","CZC0302X9D",3,4,3,1,"233-06-2012-12-12-16-22-26"),
(206,"335-06","CZC7350ZCQ",8,5,3,1,"335-06-2012-12-18-12-37-14"),
(208,"200-16","CZC9352H5C",6,4,3,1,"200-16-2012-12-11-08-34-09"),
(211,"215-vp","CZC63855NL",7,5,3,1,"215-vp-2012-09-28-16-36-20"),
(213,"335-01","CZC7350ZCF",8,5,3,1,"335-01-2013-01-12-06-36-34"),
(214,"233-08","CZC0302SZL",3,4,3,1,"233-08-2013-01-14-17-20-01"),
(215,"214-vp","CZC63855PT",7,5,3,1,"214-vp-2012-10-10-21-29-36"),
(218,"235-10","CZC0302GZ2",3,4,3,1,"235-10-2012-12-14-11-11-31"),
(219,"svt-06","CZC6434KN8",7,5,3,1,"svt-06-2012-09-24-08-34-07"),
(224,"235-05","CZC0302SZ3",3,4,3,1,"235-05-2012-12-10-13-04-39"),
(232,"svt-04","CZC7350ZDG",8,5,3,1,"svt-04-2012-09-20-12-01-03"),
(240,"335-16","CZC7350ZC9",8,5,3,1,"335-16-2012-12-18-11-44-29"),
(242,"235-01","CZC0302VK1",3,4,3,1,"235-01-2012-12-13-03-44-21"),
(243,"235-14","CZC0302X8S",3,4,3,1,"235-14-2013-01-30-14-19-00"),
(244,"235-15","CZC0302SYR",3,4,3,1,"235-15-2012-12-18-14-12-17"),
(246,"200-09","CZC9352GY3",6,4,3,1,"200-09-2012-12-11-08-34-39"),
(247,"235-08","CZC0302ZB4",3,4,3,1,"235-08-2012-12-18-22-58-23"),
(248,"201-05","CZC9362Z8N",6,4,3,1,"201-05-2012-12-10-20-52-39"),
(249,"200-10","CZC9352H1Y",6,4,3,1,"200-10-2012-12-10-14-38-22"),
(251,"svt-02","CZC63855PM",7,5,3,1,"svt-02-2012-09-19-17-11-14"),
(254,"200-12","CZC9362ZFM",6,4,3,1,"200-12-2012-12-12-01-45-25"),
(255,"335-02","CZC7350ZF2",8,5,3,1,"335-02-2012-12-18-08-27-04"),
(258,"107-vp","CZC63855NG",7,5,3,1,"107-vp-2012-10-02-15-02-29"),
(262,"201-11","CZC9362ZCJ",6,4,3,1,"201-11-2013-02-04-11-53-49"),
(263,"233-10","CZC03033WP",3,4,3,1,"233-10-2012-12-18-16-58-25"),
(264,"233-12","CZC02735LX",3,4,3,1,"233-12-2012-12-17-17-21-44"),
(265,"201-14","CZC9362ZJY",6,4,3,1,"201-14-2012-12-05-03-50-40"),
(266,"201-09","CZC9362ZB6",6,4,3,1,"201-09-2012-12-04-08-16-00"),
(267,"335-11","CZC7350ZCN",8,5,3,1,"335-11-2012-12-18-08-30-54"),
(268,"233-09","CZC0302SZW",3,4,3,1,"233-09-2012-12-19-10-56-43"),
(271,"335-09","CZC7350ZCJ",8,5,3,1,"335-09-2013-01-21-15-04-30"),
(273,"335-17","CZC9352H1F",6,4,3,1,"335-17-2013-05-29-12-29-23"),
(285,"svt-08","CZC63855NQ",7,5,3,1,"svt-08-2012-09-24-10-23-47"),
(286,"333-01","CZC9362ZKW",6,4,3,1,"333-01-2012-12-19-23-44-42"),
(288,"236-11","CZC0302SZ9",3,4,3,1,"236-11-2013-01-14-09-10-56"),
(290,"339-01","CZC7350HCN",8,5,3,1,"339-01-2013-09-20-09-10-47"),
(291,"338-01","CZC7350ZF6",8,5,3,1,"338-01-2013-09-20-09-10-12"),
(292,"336-01","CZC7350HCP",8,5,3,1,"336-01-2013-09-20-09-09-37"),
(294,"335-03","CZC7350ZC0",8,5,3,1,"335-03-2012-12-18-11-40-40"),
(295,"335-14","CZC7350ZCT",8,5,3,1,"335-14-2012-12-18-11-38-12"),
(296,"330-01","CZC7350HCL",8,5,3,1,"330-01-2012-12-21-01-10-03"),
(297,"331-01","CZC9362ZFF",6,4,3,1,"331-01-2012-12-20-09-16-29"),
(302,"332-01","CZC9362ZC8",6,4,3,1,"332-01-2013-03-21-17-05-41"),
(303,"200-11","CZC9352GYH",6,4,3,1,"200-11-2012-12-17-12-24-44"),
(308,"226-01","CZC7350HCQ",8,5,3,1,"226-01-2013-09-25-08-35-35"),
(311,"327-01","CZC63855PK",7,5,3,1,"327-01-2013-03-25-09-07-31"),
(314,"221-01","CZC7350ZDW",8,5,3,1,"221-01-2013-09-26-10-00-57"),
(316,"200-13","CZC9362ZCS",6,4,3,1,"200-13-2012-12-11-08-29-28"),
(319,"225-01","CZC7350ZDY",8,5,3,1,"225-01-2013-09-26-14-08-16"),
(322,"229-vp","CZC9362ZB2",6,4,3,1,"229-vp-2012-09-28-11-57-41"),
(325,"227-01","CZC7350ZDM",8,5,3,1,"227-01-2013-09-25-08-33-11"),
(326,"224-01","CZC7350ZF4",8,5,3,1,"224-01-2013-09-27-11-09-27"),
(332,"200-02","CZC9352GZ9",6,4,3,1,"200-02-2012-12-12-09-14-10"),
(348,"324-01","CZC33326CG",10,5,3,1,"324-01-2013-10-03-10-05-12"),
(349,"324-07","CZC33326CH",10,5,3,1,"324-07-2013-10-03-10-45-06"),
(350,"324-09","CZC33326CF",10,5,3,1,"324-09-2013-10-03-10-45-26"),
(353,"324-05","CZC33326C9",10,5,3,1,"324-05-2013-10-04-08-09-29"),
(354,"324-04","CZC33326CC",10,5,3,1,"324-04-2013-10-04-08-16-39"),
(355,"324-02","CZC33326CJ",10,5,3,1,"324-02-2013-10-04-08-22-15"),
(356,"324-03","CZC33326CB",10,5,3,1,"324-03-2013-10-04-08-32-05"),
(357,"324-06","CZC33326C8",10,5,3,1,"324-06-2013-10-04-10-33-12"),
(359,"315-04","CZC9362ZLH",6,4,3,1,"315-04-2013-01-24-06-15-21"),
(360,"315-06","CZC9352GYM",6,4,3,1,"315-06-2013-03-12-11-48-59"),
(361,"315-03","CZC9362Z9F",6,4,3,1,"315-03-2012-12-19-09-25-13"),
(363,"204-13","CZC7350ZD5",8,5,3,1,"204-13-2013-10-10-14-22-31"),
(379,"112-02","CZC2065JNN",3,4,3,1,"112-02-2012-10-17-10-13-38"),
(380,"335-12","CZC7350ZC2",8,5,3,1,"335-12-2013-10-14-16-55-01"),
(381,"335-07","CZC7350ZC5",8,5,3,1,"335-07-2013-10-14-16-56-43"),
(382,"335-13","CZC7350ZCY",8,5,3,1,"335-13-2013-10-14-16-56-58"),
(383,"p14-01","System Serial Number",15,3,5,1,"p14-01-2013-02-01-11-53-21"),
(384,"112-04","CZC2065JNT",3,4,3,1,"112-04-2012-10-17-14-24-25"),
(385,"112-13","CZC2065JNK",3,4,3,1,"112-13-2012-10-22-14-27-00"),
(386,"112-12","CZC2065JNF",3,4,3,1,"112-12-2012-10-23-08-42-49"),
(387,"112-07","CZC2065JND",3,4,3,1,"112-07-2012-10-18-01-52-13"),
(389,"112-10","CZC2065JN5",3,4,3,1,"112-10-2012-10-17-11-28-46"),
(391,"109-13","CZC2361LLG",4,5,3,1,"109-13-2012-10-17-10-23-17"),
(397,"219-01","CZC7350ZDD",8,5,3,1,"219-01-2013-10-16-14-18-22"),
(398,"112-01","CZC2065JNB",3,4,3,1,"112-01-2012-10-22-11-27-20"),
(399,"112-14","CZC2065JNV",3,4,3,1,"112-14-2012-10-22-11-12-00"),
(400,"112-06","CZC2065JNC",3,4,3,1,"112-06-2012-10-18-04-22-13"),
(401,"112-08","CZC2065JNH",3,4,3,1,"112-08-2012-10-18-16-57-43"),
(402,"112-05","CZC2065JN7",3,4,3,1,"112-05-2012-10-17-10-14-59"),
(403,"112-03","CZC2065JNP",3,4,3,1,"112-03-2012-10-22-10-32-19"),
(404,"112-11","CZC2065JNG",3,4,3,1,"112-11-2012-10-17-21-25-07"),
(423,"315-05","CZC9352GZX",6,4,3,1,"315-05-2013-01-31-06-17-14"),
(426,"315-01","CZC9362ZLD",6,4,3,1,"315-01-2012-12-19-09-22-37"),
(428,"108-08","C4C5B5J",13,5,2,1,"108-08-2012-09-15-21-21-02"),
(445,"313-09","CZC82572XM",9,5,3,1,"313-09-2013-11-07-12-13-42"),
(446,"313-08","CZC82572WL",9,5,3,1,"313-08-2013-11-07-15-39-38"),
(447,"313-02","CZC82572WV",9,5,3,1,"313-02-2013-11-07-16-27-39"),
(450,"315-02","CZC9352GYD",6,4,3,1,"315-02-2012-12-19-09-23-25"),
(451,"313-04","CZC82572WT",9,5,3,1,"313-04-2013-11-08-10-18-16"),
(455,"315-08","CZC9352GXZ",6,4,3,1,"315-08-2013-05-21-19-46-48"),
(460,"108-06","74C5B5J",13,5,2,1,"108-06-2013-11-08-14-08-17"),
(461,"108-07","54C5B5J",13,5,2,1,"108-07-2013-11-08-14-13-45"),
(462,"324-08","CZC33326CD",10,5,3,1,"324-08-2013-10-04-08-09-12"),
(463,"106-01","CZC7350ZFB",8,5,3,1,"106-01-2013-11-06-09-56-04"),
(468,"P12-04","CZC3332T90",12,5,3,1,"P12-04-2013-11-13-09-43-33"),
(470,"P12-12",NULL,1,2,1,1,"P12-12-2013-11-13-10-00-16"),
(471,"P11-04",NULL,1,2,1,1,"P11-04-2013-11-13-10-18-08"),
(472,"P11-00",NULL,1,2,1,1,"P11-00-2013-11-13-10-30-35"),
(473,"P11-07",NULL,1,2,1,1,"P11-07-2013-11-13-10-39-43"),
(474,"P11-02",NULL,1,2,1,1,"P11-02-2013-11-13-10-42-34"),
(475,"P11-03",NULL,1,2,1,1,"P11-03-2013-11-13-10-42-43"),
(476,"P11-08",NULL,1,2,1,1,"P11-08-2013-11-13-10-43-48"),
(477,"P11-09",NULL,1,2,1,1,"P11-09-2013-11-13-10-44-04"),
(478,"P11-06",NULL,1,2,1,1,"P11-06-2013-11-13-10-47-19"),
(479,"P11-05",NULL,1,2,1,1,"P11-05-2013-11-13-10-49-14"),
(480,"P11-01",NULL,1,2,1,1,"P11-01-2013-11-13-10-49-29"),
(481,"P11-10",NULL,1,2,1,1,"P11-10-2013-11-13-10-59-53"),
(482,"P11-11",NULL,1,2,1,1,"P11-11-2013-11-13-11-11-43"),
(484,"313-05","CZC8266Y9T",9,5,3,1,"313-05-2013-11-13-11-51-15"),
(485,"313-06","CZC8266Y9R",9,5,3,1,"313-06-2013-11-13-11-57-06"),
(488,"P12-01","CZC3332T9B",12,5,3,1,"P12-01-2013-11-13-14-33-52"),
(496,"P12-11",NULL,1,2,1,1,"P12-11-2013-11-13-14-48-21"),
(500,"111-01","CZC2065JNR",3,4,3,1,"111-01-2013-10-16-14-12-28"),
(508,"P12-06","CZC3332T9C",12,5,3,1,"P12-06-2013-11-14-15-14-19"),
(518,"P12-00","CZC3332T9S",12,5,3,1,"P12-00-2013-11-15-11-18-38"),
(527,"P12-02","CZC3332T9R",12,5,3,1,"P12-02-2013-11-15-13-19-40"),
(528,"P12-07","CZC3332T97",12,5,3,1,"P12-07-2013-11-15-15-07-26"),
(529,"P12-03","CZC3332T94",12,5,3,1,"P12-03-2013-11-15-15-33-03"),
(530,"P12-08","CZC3332T96",12,5,3,1,"P12-08-2013-11-15-16-16-38"),
(531,"313-01","CZC8266Y9P",9,5,3,1,"313-01-2013-11-07-01-37-45"),
(532,"P16-04","3GQ265J",16,3,2,1,"P16-04-2013-11-18-07-20-13"),
(533,"P16-02","FFQ265J",16,3,2,1,"P16-02-2013-11-18-08-10-18"),
(536,"P16-14","5GQ265J",16,3,2,1,"P16-14-2013-11-18-11-44-35"),
(538,"P16-13","8QB965J",16,3,2,1,"P16-13-2013-11-18-12-19-29"),
(540,"P16-10","3Y7C65J",16,3,2,1,"P16-10-2013-11-18-14-39-54"),
(541,"p14-02","CZC8266Y95",9,5,3,1,"p14-02-2013-11-18-16-23-34"),
(548,"CDI-02","CZC3331JVH",11,4,3,1,"CDI-02-2013-11-20-16-40-39"),
(549,"CDI-03","CZC3331JVB",11,4,3,1,"CDI-03-2013-11-21-10-38-14"),
(550,"P12-05","CZC3332T93",12,5,3,1,"P12-05-2013-11-21-14-26-59"),
(551,"P16-01","7QB965J",16,3,2,1,"P16-01-2013-11-15-10-38-38"),
(553,"CDI-04","CZC3331JVG",11,4,3,1,"CDI-04-2013-11-22-08-59-03"),
(554,"p13-01","CZC8266YBP",9,5,3,1,"p13-01-2013-11-22-09-59-44"),
(555,"P16-06","GPB965J",16,3,2,1,"P16-06-2013-11-18-16-39-50"),
(556,"P16-11","HQB965J",16,3,2,1,"P16-11-2013-11-18-08-10-05"),
(557,"P16-12","3QB965J",16,3,2,1,"P16-12-2013-11-18-11-37-03"),
(559,"CDI-05","CZC3331JVP",11,4,3,1,"CDI-05-2013-11-25-10-49-16"),
(561,"P16-03","JQB965J",16,3,2,1,"P16-03-2013-11-18-14-01-50"),
(562,"P16-08","HFQ265J",16,3,2,1,"P16-08-2013-11-18-13-07-17"),
(565,"P16-15","5Y7C65J",16,3,2,1,"P16-15-2013-11-18-15-59-37"),
(566,"CDI-01","CZC3331JVL",11,4,3,1,"CDI-01-2013-11-26-14-29-39"),
(573,"P10-05","CZC0425F9W",2,3,3,1,"P10-05-2013-11-27-16-40-36"),
(579,"CDI-00","CZC3331JVR",11,4,3,1,"CDI-00-2013-11-28-11-59-35"),
(601,"P10-08","CZC0425FF2",2,3,3,1,"P10-08-2013-12-02-14-51-17"),
(602,"P10-10","CZC0425FF1",2,3,3,1,"P10-10-2013-12-02-15-21-08"),
(604,"P10-04","CZC0425FCW",2,3,3,1,"P10-04-2013-12-02-15-48-41"),
(611,"P10-09","CZC0425F99",2,3,3,1,"P10-09-2013-12-03-11-16-52"),
(612,"P10-06",NULL,1,2,1,1,"P10-06-2013-12-03-13-13-10"),
(619,"P10-03","CZC0425F9Y",2,3,3,1,"P10-03-2013-12-04-14-53-50"),
(620,"P10-07","CZC0425FBL",2,3,3,1,"P10-07-2013-12-04-16-39-03"),
(625,"P12-10","CZC3332T92",12,5,3,1,"P12-10-2013-12-06-13-41-24"),
(628,"P10-01","CZC0425FC3",2,3,3,1,"P10-01-2013-12-10-11-30-25"),
(631,"211-01","CZC63855MP",7,5,3,1,"211-01-2013-12-05-21-32-33"),
(642,"213-01","CZC7350ZDH",8,5,3,1,"213-01-2013-12-13-05-46-07"),
(650,"P10-02","CZC0425F9T",2,3,3,1,"P10-02-2013-12-19-10-22-06"),
(651,"P12-09","CZC3332T9L",12,5,3,1,"P12-09-2013-12-20-15-49-41"),
(652,"003-01","CZC7350ZF8",8,5,3,1,"003-01-2013-12-16-09-48-32"),
(655,"326-01","CZC7350ZD4",8,5,3,1,"326-01-2014-01-10-16-30-03"),
(658,"001-01","CZC7350ZF7",8,5,3,1,"001-01-2014-01-14-15-39-48"),
(663,"002-01","CZC7350ZD1",8,5,3,1,"002-01-2014-01-20-10-27-59"),
(782,"svt-01","CZC63855MR",7,5,3,1,"svt-01-2012-09-24-09-00-00"),
(783,"svt-05","CZC7350ZDQ",8,5,3,1,"svt-05-2014-01-31-07-44-01"),
(882,"P15-10","FW7C65J",16,3,2,1,"P15-10-2014-02-13-14-03-24"),
(884,"313_01","CZC7350ZDF",8,5,3,1,"313_01-2012-03-29-10-09-28"),
(905,"P15-12","6HQ265J",16,3,2,1,"P15-12-2014-02-18-17-30-53"),
(908,"P15-03","CQB965J",16,3,2,1,"P15-03-2014-02-20-08-50-11"),
(910,"P15-05","HGQ265J",16,3,2,1,"P15-05-2014-02-20-08-50-58"),
(913,"P15-06","2HQ265J",16,3,2,1,"P15-06-2014-02-20-10-27-57"),
(915,"P15-11","DQB965J",16,3,2,1,"P15-11-2014-02-20-10-28-17"),
(920,"P15-07","FX7C65J",16,3,2,1,"P15-07-2014-02-20-10-37-35"),
(921,"P15-04","7HQ265J",16,3,2,1,"P15-04-2014-02-20-11-08-20"),
(922,"P15-13","5QB965J",16,3,2,1,"P15-13-2014-02-20-11-22-11"),
(924,"P15-02","1QB965J",16,3,2,1,"P15-02-2014-02-20-14-21-36"),
(926,"P15-01","9QB965J",16,3,2,1,"P15-01-2014-02-21-09-25-48"),
(934,"P15-15","1RB965J",16,3,2,1,"P15-15-2014-03-20-17-35-21"),
(939,"P16-09","4QB965J",16,3,2,1,"P16-09-2014-03-24-16-49-21"),
(951,"311-05","CZC7350ZFC",8,5,3,1,"311-05-2014-04-01-14-57-08"),
(961,"112-15","CZC2065JNQ",3,4,3,1,"112-15-2014-04-08-14-57-04"),
(966,"313-03","CZC82572WM",9,5,3,1,"313-03-2014-04-17-13-05-32"),
(971,"108-15","B4C5B5J",13,5,2,1,"108-15-2014-04-23-10-23-13"),
(973,"109-01",NULL,1,2,1,1,"109-01-2014-04-25-11-41-47"),
(975,"P15-08","FQB965J",16,3,2,1,"P15-08-2014-05-13-09-03-18"),
(980,"109-01","CZC2361LLF",4,5,3,1,"109-01-2014-05-14-16-23-00"),
(989,"P16-05","HPB965J",16,3,2,1,"P16-05-2014-05-22-17-31-51"),
(990,"313-10","CZC82572XQ",9,5,3,1,"313-10-2014-05-23-14-12-26"),
(992,"P16-07","JPB965J",16,3,2,1,"P16-07-2014-05-26-13-42-33"),
(995,"109-02","CZC2361LL5",4,5,3,1,"109-02-2014-06-03-09-45-36"),
(998,"315-07","CZC9362ZKJ",6,4,3,1,"315-07-2014-06-11-07-54-49"),
(999,"P15-09","GQB965J",16,3,2,1,"P15-09-2014-06-16-08-40-06"),
(1000,"P15-14","BQB965J",16,3,2,1,"P15-14-2014-06-16-16-25-25"),
(1028,"318-03","CZC2361LKK",4,5,3,1,"318-03-2014-06-30-11-57-30"),
(1030,"318-06","CZC2361LL7",4,5,3,1,"318-06-2014-06-30-11-58-08"),
(1031,"318-08","CZC2361LKN",4,5,3,1,"318-08-2014-06-30-12-00-32"),
(1032,"318-01","CZC2361LKV",4,5,3,1,"318-01-2014-06-30-12-02-10"),
(1033,"318-05","CZC2361LL4",4,5,3,1,"318-05-2014-06-30-12-05-50"),
(1034,"318-07","CZC2361LLH",4,5,3,1,"318-07-2014-06-30-12-07-40"),
(1035,"318-02","CZC2361LL2",4,5,3,1,"318-02-2014-06-30-12-07-44"),
(1036,"318-04","CZC2361LLD",4,5,3,1,"318-04-2014-06-30-14-57-44"),
(1037,"316-06","CZC2361LKZ",4,5,3,1,"316-06-2014-06-30-15-02-53"),
(1038,"316-03","CZC2361LKW",4,5,3,1,"316-03-2014-06-30-15-13-32"),
(1067,"310-06","CZC2058SSK",4,5,3,1,"310-06-2014-07-08-10-06-23"),
(1068,"310-02","CZC2058SSS",4,5,3,1,"310-02-2014-07-08-10-07-20"),
(1070,"310-01","czc2058ST3",14,5,3,1,"310-01-2014-07-08-10-07-52"),
(1071,"312-08","CZC2058SSJ",4,5,3,1,"312-08-2014-07-08-10-08-20"),
(1072,"312-02","CZC2058ST2",4,5,3,1,"312-02-2014-07-08-10-08-36"),
(1073,"312-03","CZC2058SST",4,5,3,1,"312-03-2014-07-08-10-08-49"),
(1074,"310-08","CZC2058ST0",4,5,3,1,"310-08-2014-07-08-10-08-51"),
(1075,"312-05","CZC2058SSQ",4,5,3,1,"312-05-2014-07-08-10-10-02"),
(1076,"310-03","czc2058ssd",14,5,3,1,"310-03-2014-07-08-10-10-16"),
(1077,"310-07","CZC2058SSF",4,5,3,1,"310-07-2014-07-08-10-10-29"),
(1078,"312-04","CZC2058SSP",4,5,3,1,"312-04-2014-07-08-10-10-39"),
(1079,"312-07","CZC2058SSY",4,5,3,1,"312-07-2014-07-08-10-11-46"),
(1080,"312-06","CZC2058SSG",4,5,3,1,"312-06-2014-07-08-10-11-50"),
(1081,"312-01","CZC2058SSX",4,5,3,1,"312-01-2014-07-08-10-12-29"),
(1083,"310-04","CZC2058SSR",4,5,3,1,"310-04-2014-07-08-15-12-26"),
(1085,"316-08","CZC2361LL3",4,5,3,1,"316-08-2014-09-02-23-05-32"),
(1087,"310-05","CZC2058SSZ",4,5,3,1,"310-05-2014-07-08-10-07-45"),
(1088,"331-01","CZC7350ZDX",8,5,3,1,"331-01-2014-09-05-16-10-22"),
(1089,"316-07","CZC2361LLJ",4,5,3,1,"316-07-2014-09-09-09-31-41"),
(1090,"316-02","CZC2361LL6",4,5,3,1,"316-02-2014-09-10-09-10-14"),
(1091,"316-01","CZC2361LKX",4,5,3,1,"316-01-2014-09-12-03-00-19"),
(1093,"313-07","CZC8266Y9F",9,5,3,1,"313-07-2014-09-15-11-15-37"),
(1094,"servGestParc",NULL,1,1,1,1,"servGestParc-2014-10-25-14-10-30"),
(1095,"servShinken",NULL,1,1,1,1,"servShinken-2014-10-25-12-15-39"),
(1096,"servDNS",NULL,1,1,1,1,"servDNS-2014-10-25-12-19-20"),
(1097,"servProfSISR",NULL,1,1,1,1,"servProfSISR-2014-10-25-12-21-27"),
(1098,"servProfSLAM",NULL,1,1,1,1,"servProfSLAM-2014-10-25-14-22-37"),
(1099,"servDevWeb",NULL,1,1,1,1,"servDevWeb-2014-10-25-14-26-04");


TRUNCATE glpi_items_operatingsystems;
INSERT INTO glpi_items_operatingsystems (items_id,itemtype,operatingsystems_id,operatingsystemkernelversions_id,date_mod,date_creation) VALUES
(2,"computer",4,3,"2020-10-03 17:55:57","2020-10-03 17:55:57"),
(4,"computer",4,3,"2020-10-03 17:55:57","2020-10-03 17:55:57"),
(5,"computer",4,3,"2020-10-03 17:55:57","2020-10-03 17:55:57"),
(6,"computer",4,3,"2020-10-03 17:55:57","2020-10-03 17:55:57"),
(7,"computer",4,3,"2020-10-03 17:55:57","2020-10-03 17:55:57"),
(8,"computer",4,3,"2020-10-03 17:55:57","2020-10-03 17:55:57"),
(9,"computer",4,3,"2020-10-03 17:55:57","2020-10-03 17:55:57"),
(10,"computer",4,3,"2020-10-03 17:55:57","2020-10-03 17:55:57"),
(11,"computer",4,3,"2020-10-03 17:55:57","2020-10-03 17:55:57"),
(12,"computer",4,3,"2020-10-03 17:55:57","2020-10-03 17:55:57"),
(17,"computer",4,3,"2020-10-03 17:55:57","2020-10-03 17:55:57"),
(18,"computer",6,1,"2020-10-03 17:55:57","2020-10-03 17:55:57"),
(19,"computer",6,1,"2020-10-03 17:55:57","2020-10-03 17:55:57"),
(20,"computer",4,3,"2020-10-03 17:55:57","2020-10-03 17:55:57"),
(24,"computer",6,1,"2020-10-03 17:55:57","2020-10-03 17:55:57"),
(25,"computer",6,1,"2020-10-03 17:55:57","2020-10-03 17:55:57"),
(26,"computer",6,1,"2020-10-03 17:55:57","2020-10-03 17:55:57"),
(29,"computer",6,1,"2020-10-03 17:55:57","2020-10-03 17:55:57"),
(31,"computer",6,1,"2020-10-03 17:55:57","2020-10-03 17:55:57"),
(32,"computer",4,3,"2020-10-03 17:55:57","2020-10-03 17:55:57"),
(35,"computer",4,3,"2020-10-03 17:55:57","2020-10-03 17:55:57"),
(37,"computer",4,3,"2020-10-03 17:55:57","2020-10-03 17:55:57"),
(38,"computer",4,3,"2020-10-03 17:55:57","2020-10-03 17:55:57"),
(39,"computer",4,3,"2020-10-03 17:55:57","2020-10-03 17:55:57"),
(40,"computer",4,3,"2020-10-03 17:55:57","2020-10-03 17:55:57"),
(42,"computer",4,3,"2020-10-03 17:55:57","2020-10-03 17:55:57"),
(43,"computer",6,1,"2020-10-03 17:55:57","2020-10-03 17:55:57"),
(44,"computer",4,3,"2020-10-03 17:55:57","2020-10-03 17:55:57"),
(46,"computer",6,1,"2020-10-03 17:55:57","2020-10-03 17:55:57"),
(47,"computer",6,1,"2020-10-03 17:55:57","2020-10-03 17:55:57"),
(52,"computer",6,1,"2020-10-03 17:55:57","2020-10-03 17:55:57"),
(53,"computer",6,1,"2020-10-03 17:55:57","2020-10-03 17:55:57"),
(54,"computer",6,1,"2020-10-03 17:55:57","2020-10-03 17:55:57"),
(60,"computer",6,1,"2020-10-03 17:55:57","2020-10-03 17:55:57"),
(64,"computer",6,1,"2020-10-03 17:55:57","2020-10-03 17:55:57"),
(67,"computer",6,1,"2020-10-03 17:55:57","2020-10-03 17:55:57"),
(71,"computer",6,1,"2020-10-03 17:55:57","2020-10-03 17:55:57"),
(73,"computer",6,1,"2020-10-03 17:55:57","2020-10-03 17:55:57"),
(74,"computer",6,1,"2020-10-03 17:55:57","2020-10-03 17:55:57"),
(75,"computer",6,1,"2020-10-03 17:55:57","2020-10-03 17:55:57"),
(77,"computer",4,3,"2020-10-03 17:55:57","2020-10-03 17:55:57"),
(79,"computer",6,1,"2020-10-03 17:55:57","2020-10-03 17:55:57"),
(83,"computer",6,1,"2020-10-03 17:55:57","2020-10-03 17:55:57"),
(84,"computer",6,1,"2020-10-03 17:55:57","2020-10-03 17:55:57"),
(88,"computer",6,1,"2020-10-03 17:55:57","2020-10-03 17:55:57"),
(89,"computer",6,1,"2020-10-03 17:55:57","2020-10-03 17:55:57"),
(91,"computer",6,1,"2020-10-03 17:55:57","2020-10-03 17:55:57"),
(93,"computer",6,1,"2020-10-03 17:55:57","2020-10-03 17:55:57"),
(94,"computer",6,1,"2020-10-03 17:55:57","2020-10-03 17:55:57"),
(95,"computer",6,1,"2020-10-03 17:55:57","2020-10-03 17:55:57"),
(96,"computer",6,1,"2020-10-03 17:55:57","2020-10-03 17:55:57"),
(98,"computer",4,3,"2020-10-03 17:55:57","2020-10-03 17:55:57"),
(100,"computer",6,1,"2020-10-03 17:55:57","2020-10-03 17:55:57"),
(101,"computer",6,1,"2020-10-03 17:55:57","2020-10-03 17:55:57"),
(102,"computer",4,3,"2020-10-03 17:55:57","2020-10-03 17:55:57"),
(103,"computer",6,1,"2020-10-03 17:55:57","2020-10-03 17:55:57"),
(104,"computer",6,1,"2020-10-03 17:55:57","2020-10-03 17:55:57"),
(105,"computer",6,1,"2020-10-03 17:55:57","2020-10-03 17:55:57"),
(106,"computer",6,1,"2020-10-03 17:55:57","2020-10-03 17:55:57"),
(107,"computer",6,1,"2020-10-03 17:55:57","2020-10-03 17:55:57"),
(108,"computer",6,1,"2020-10-03 17:55:57","2020-10-03 17:55:57"),
(110,"computer",6,1,"2020-10-03 17:55:57","2020-10-03 17:55:57"),
(112,"computer",6,1,"2020-10-03 17:55:57","2020-10-03 17:55:57"),
(113,"computer",6,1,"2020-10-03 17:55:57","2020-10-03 17:55:57"),
(114,"computer",6,1,"2020-10-03 17:55:57","2020-10-03 17:55:57"),
(115,"computer",6,1,"2020-10-03 17:55:57","2020-10-03 17:55:57"),
(116,"computer",6,1,"2020-10-03 17:55:57","2020-10-03 17:55:57"),
(119,"computer",6,1,"2020-10-03 17:55:57","2020-10-03 17:55:57"),
(120,"computer",6,1,"2020-10-03 17:55:57","2020-10-03 17:55:57"),
(121,"computer",6,1,"2020-10-03 17:55:57","2020-10-03 17:55:57"),
(122,"computer",6,1,"2020-10-03 17:55:57","2020-10-03 17:55:57"),
(123,"computer",6,1,"2020-10-03 17:55:57","2020-10-03 17:55:57"),
(124,"computer",6,1,"2020-10-03 17:55:57","2020-10-03 17:55:57"),
(125,"computer",4,3,"2020-10-03 17:55:57","2020-10-03 17:55:57"),
(126,"computer",6,1,"2020-10-03 17:55:57","2020-10-03 17:55:57"),
(127,"computer",6,1,"2020-10-03 17:55:57","2020-10-03 17:55:57"),
(128,"computer",6,1,"2020-10-03 17:55:57","2020-10-03 17:55:57"),
(129,"computer",6,1,"2020-10-03 17:55:57","2020-10-03 17:55:57"),
(130,"computer",6,1,"2020-10-03 17:55:57","2020-10-03 17:55:57"),
(131,"computer",6,1,"2020-10-03 17:55:57","2020-10-03 17:55:57"),
(132,"computer",6,1,"2020-10-03 17:55:57","2020-10-03 17:55:57"),
(133,"computer",6,1,"2020-10-03 17:55:57","2020-10-03 17:55:57"),
(134,"computer",6,1,"2020-10-03 17:55:57","2020-10-03 17:55:57"),
(135,"computer",4,3,"2020-10-03 17:55:57","2020-10-03 17:55:57"),
(137,"computer",4,3,"2020-10-03 17:55:57","2020-10-03 17:55:57"),
(138,"computer",4,3,"2020-10-03 17:55:57","2020-10-03 17:55:57"),
(139,"computer",4,3,"2020-10-03 17:55:57","2020-10-03 17:55:57"),
(141,"computer",6,1,"2020-10-03 17:55:57","2020-10-03 17:55:57"),
(142,"computer",6,1,"2020-10-03 17:55:57","2020-10-03 17:55:57"),
(143,"computer",6,1,"2020-10-03 17:55:57","2020-10-03 17:55:57"),
(144,"computer",6,2,"2020-10-03 17:55:57","2020-10-03 17:55:57"),
(145,"computer",6,1,"2020-10-03 17:55:57","2020-10-03 17:55:57"),
(146,"computer",6,2,"2020-10-03 17:55:57","2020-10-03 17:55:57"),
(148,"computer",6,1,"2020-10-03 17:55:57","2020-10-03 17:55:57"),
(151,"computer",6,1,"2020-10-03 17:55:57","2020-10-03 17:55:57"),
(153,"computer",6,1,"2020-10-03 17:55:57","2020-10-03 17:55:57"),
(154,"computer",6,1,"2020-10-03 17:55:57","2020-10-03 17:55:57"),
(155,"computer",6,1,"2020-10-03 17:55:57","2020-10-03 17:55:57"),
(156,"computer",6,1,"2020-10-03 17:55:57","2020-10-03 17:55:57"),
(157,"computer",6,1,"2020-10-03 17:55:57","2020-10-03 17:55:57"),
(158,"computer",6,1,"2020-10-03 17:55:57","2020-10-03 17:55:57"),
(159,"computer",6,1,"2020-10-03 17:55:57","2020-10-03 17:55:57"),
(160,"computer",6,1,"2020-10-03 17:55:57","2020-10-03 17:55:57"),
(162,"computer",6,1,"2020-10-03 17:55:57","2020-10-03 17:55:57"),
(163,"computer",6,1,"2020-10-03 17:55:57","2020-10-03 17:55:57"),
(164,"computer",6,1,"2020-10-03 17:55:57","2020-10-03 17:55:57"),
(165,"computer",6,1,"2020-10-03 17:55:57","2020-10-03 17:55:57"),
(166,"computer",6,2,"2020-10-03 17:55:57","2020-10-03 17:55:57"),
(167,"computer",4,3,"2020-10-03 17:55:57","2020-10-03 17:55:57"),
(168,"computer",6,1,"2020-10-03 17:55:57","2020-10-03 17:55:57"),
(169,"computer",6,1,"2020-10-03 17:55:57","2020-10-03 17:55:57"),
(170,"computer",6,1,"2020-10-03 17:55:57","2020-10-03 17:55:57"),
(171,"computer",6,1,"2020-10-03 17:55:57","2020-10-03 17:55:57"),
(173,"computer",6,1,"2020-10-03 17:55:57","2020-10-03 17:55:57"),
(175,"computer",6,1,"2020-10-03 17:55:57","2020-10-03 17:55:57"),
(176,"computer",6,1,"2020-10-03 17:55:57","2020-10-03 17:55:57"),
(177,"computer",6,1,"2020-10-03 17:55:57","2020-10-03 17:55:57"),
(178,"computer",6,1,"2020-10-03 17:55:57","2020-10-03 17:55:57"),
(180,"computer",6,1,"2020-10-03 17:55:57","2020-10-03 17:55:57"),
(181,"computer",6,1,"2020-10-03 17:55:57","2020-10-03 17:55:57"),
(182,"computer",6,1,"2020-10-03 17:55:57","2020-10-03 17:55:57"),
(186,"computer",6,1,"2020-10-03 17:55:57","2020-10-03 17:55:57"),
(187,"computer",6,1,"2020-10-03 17:55:57","2020-10-03 17:55:57"),
(190,"computer",6,1,"2020-10-03 17:55:57","2020-10-03 17:55:57"),
(191,"computer",6,1,"2020-10-03 17:55:57","2020-10-03 17:55:57"),
(192,"computer",6,1,"2020-10-03 17:55:57","2020-10-03 17:55:57"),
(193,"computer",6,1,"2020-10-03 17:55:57","2020-10-03 17:55:57"),
(195,"computer",6,1,"2020-10-03 17:55:57","2020-10-03 17:55:57"),
(201,"computer",6,1,"2020-10-03 17:55:57","2020-10-03 17:55:57"),
(202,"computer",4,3,"2020-10-03 17:55:57","2020-10-03 17:55:57"),
(204,"computer",6,1,"2020-10-03 17:55:57","2020-10-03 17:55:57"),
(206,"computer",6,1,"2020-10-03 17:55:57","2020-10-03 17:55:57"),
(208,"computer",6,1,"2020-10-03 17:55:57","2020-10-03 17:55:57"),
(211,"computer",6,1,"2020-10-03 17:55:57","2020-10-03 17:55:57"),
(213,"computer",6,1,"2020-10-03 17:55:57","2020-10-03 17:55:57"),
(214,"computer",6,1,"2020-10-03 17:55:57","2020-10-03 17:55:57"),
(215,"computer",6,1,"2020-10-03 17:55:57","2020-10-03 17:55:57"),
(218,"computer",6,1,"2020-10-03 17:55:57","2020-10-03 17:55:57"),
(219,"computer",6,1,"2020-10-03 17:55:57","2020-10-03 17:55:57"),
(224,"computer",6,1,"2020-10-03 17:55:57","2020-10-03 17:55:57"),
(232,"computer",6,1,"2020-10-03 17:55:57","2020-10-03 17:55:57"),
(240,"computer",6,1,"2020-10-03 17:55:57","2020-10-03 17:55:57"),
(242,"computer",6,1,"2020-10-03 17:55:57","2020-10-03 17:55:57"),
(243,"computer",6,1,"2020-10-03 17:55:57","2020-10-03 17:55:57"),
(244,"computer",6,1,"2020-10-03 17:55:57","2020-10-03 17:55:57"),
(246,"computer",6,1,"2020-10-03 17:55:57","2020-10-03 17:55:57"),
(247,"computer",6,1,"2020-10-03 17:55:57","2020-10-03 17:55:57"),
(248,"computer",6,1,"2020-10-03 17:55:57","2020-10-03 17:55:57"),
(249,"computer",6,1,"2020-10-03 17:55:57","2020-10-03 17:55:57"),
(251,"computer",6,1,"2020-10-03 17:55:57","2020-10-03 17:55:57"),
(254,"computer",6,1,"2020-10-03 17:55:57","2020-10-03 17:55:57"),
(255,"computer",6,2,"2020-10-03 17:55:57","2020-10-03 17:55:57"),
(258,"computer",6,1,"2020-10-03 17:55:57","2020-10-03 17:55:57"),
(262,"computer",6,1,"2020-10-03 17:55:57","2020-10-03 17:55:57"),
(263,"computer",6,1,"2020-10-03 17:55:57","2020-10-03 17:55:57"),
(264,"computer",6,1,"2020-10-03 17:55:57","2020-10-03 17:55:57"),
(265,"computer",6,1,"2020-10-03 17:55:57","2020-10-03 17:55:57"),
(266,"computer",6,1,"2020-10-03 17:55:57","2020-10-03 17:55:57"),
(267,"computer",6,1,"2020-10-03 17:55:57","2020-10-03 17:55:57"),
(268,"computer",6,1,"2020-10-03 17:55:57","2020-10-03 17:55:57"),
(271,"computer",6,1,"2020-10-03 17:55:57","2020-10-03 17:55:57"),
(273,"computer",6,1,"2020-10-03 17:55:57","2020-10-03 17:55:57"),
(285,"computer",6,1,"2020-10-03 17:55:57","2020-10-03 17:55:57"),
(286,"computer",6,1,"2020-10-03 17:55:57","2020-10-03 17:55:57"),
(288,"computer",6,1,"2020-10-03 17:55:57","2020-10-03 17:55:57"),
(290,"computer",6,1,"2020-10-03 17:55:57","2020-10-03 17:55:57"),
(291,"computer",6,1,"2020-10-03 17:55:57","2020-10-03 17:55:57"),
(292,"computer",6,1,"2020-10-03 17:55:57","2020-10-03 17:55:57"),
(294,"computer",6,1,"2020-10-03 17:55:57","2020-10-03 17:55:57"),
(295,"computer",6,1,"2020-10-03 17:55:57","2020-10-03 17:55:57"),
(296,"computer",6,1,"2020-10-03 17:55:57","2020-10-03 17:55:57"),
(297,"computer",6,1,"2020-10-03 17:55:57","2020-10-03 17:55:57"),
(302,"computer",6,1,"2020-10-03 17:55:57","2020-10-03 17:55:57"),
(303,"computer",6,1,"2020-10-03 17:55:57","2020-10-03 17:55:57"),
(308,"computer",6,1,"2020-10-03 17:55:57","2020-10-03 17:55:57"),
(311,"computer",6,5,"2020-10-03 17:55:57","2020-10-03 17:55:57"),
(314,"computer",6,1,"2020-10-03 17:55:57","2020-10-03 17:55:57"),
(316,"computer",6,1,"2020-10-03 17:55:57","2020-10-03 17:55:57"),
(319,"computer",6,1,"2020-10-03 17:55:57","2020-10-03 17:55:57"),
(322,"computer",6,1,"2020-10-03 17:55:57","2020-10-03 17:55:57"),
(325,"computer",6,1,"2020-10-03 17:55:57","2020-10-03 17:55:57"),
(326,"computer",6,1,"2020-10-03 17:55:57","2020-10-03 17:55:57"),
(332,"computer",6,1,"2020-10-03 17:55:57","2020-10-03 17:55:57"),
(348,"computer",4,3,"2020-10-03 17:55:57","2020-10-03 17:55:57"),
(349,"computer",4,3,"2020-10-03 17:55:57","2020-10-03 17:55:57"),
(350,"computer",4,3,"2020-10-03 17:55:57","2020-10-03 17:55:57"),
(353,"computer",4,3,"2020-10-03 17:55:57","2020-10-03 17:55:57"),
(354,"computer",4,3,"2020-10-03 17:55:57","2020-10-03 17:55:57"),
(355,"computer",4,3,"2020-10-03 17:55:57","2020-10-03 17:55:57"),
(356,"computer",4,3,"2020-10-03 17:55:57","2020-10-03 17:55:57"),
(357,"computer",4,3,"2020-10-03 17:55:57","2020-10-03 17:55:57"),
(359,"computer",6,1,"2020-10-03 17:55:57","2020-10-03 17:55:57"),
(360,"computer",6,1,"2020-10-03 17:55:57","2020-10-03 17:55:57"),
(361,"computer",6,1,"2020-10-03 17:55:57","2020-10-03 17:55:57"),
(363,"computer",6,1,"2020-10-03 17:55:57","2020-10-03 17:55:57"),
(379,"computer",4,3,"2020-10-03 17:55:57","2020-10-03 17:55:57"),
(380,"computer",6,1,"2020-10-03 17:55:57","2020-10-03 17:55:57"),
(381,"computer",6,1,"2020-10-03 17:55:57","2020-10-03 17:55:57"),
(382,"computer",6,1,"2020-10-03 17:55:57","2020-10-03 17:55:57"),
(383,"computer",6,1,"2020-10-03 17:55:57","2020-10-03 17:55:57"),
(384,"computer",4,3,"2020-10-03 17:55:57","2020-10-03 17:55:57"),
(385,"computer",4,3,"2020-10-03 17:55:57","2020-10-03 17:55:57"),
(386,"computer",4,3,"2020-10-03 17:55:57","2020-10-03 17:55:57"),
(387,"computer",4,3,"2020-10-03 17:55:57","2020-10-03 17:55:57"),
(389,"computer",4,3,"2020-10-03 17:55:57","2020-10-03 17:55:57"),
(391,"computer",4,3,"2020-10-03 17:55:57","2020-10-03 17:55:57"),
(397,"computer",6,1,"2020-10-03 17:55:57","2020-10-03 17:55:57"),
(398,"computer",4,3,"2020-10-03 17:55:57","2020-10-03 17:55:57"),
(399,"computer",4,3,"2020-10-03 17:55:57","2020-10-03 17:55:57"),
(400,"computer",4,3,"2020-10-03 17:55:57","2020-10-03 17:55:57"),
(401,"computer",4,3,"2020-10-03 17:55:57","2020-10-03 17:55:57"),
(402,"computer",4,3,"2020-10-03 17:55:57","2020-10-03 17:55:57"),
(403,"computer",4,3,"2020-10-03 17:55:57","2020-10-03 17:55:57"),
(404,"computer",4,3,"2020-10-03 17:55:57","2020-10-03 17:55:57"),
(423,"computer",6,1,"2020-10-03 17:55:57","2020-10-03 17:55:57"),
(426,"computer",6,1,"2020-10-03 17:55:57","2020-10-03 17:55:57"),
(428,"computer",4,3,"2020-10-03 17:55:57","2020-10-03 17:55:57"),
(445,"computer",6,1,"2020-10-03 17:55:57","2020-10-03 17:55:57"),
(446,"computer",6,1,"2020-10-03 17:55:57","2020-10-03 17:55:57"),
(447,"computer",6,1,"2020-10-03 17:55:57","2020-10-03 17:55:57"),
(450,"computer",6,1,"2020-10-03 17:55:57","2020-10-03 17:55:57"),
(451,"computer",6,1,"2020-10-03 17:55:57","2020-10-03 17:55:57"),
(455,"computer",6,1,"2020-10-03 17:55:57","2020-10-03 17:55:57"),
(460,"computer",4,3,"2020-10-03 17:55:57","2020-10-03 17:55:57"),
(461,"computer",4,3,"2020-10-03 17:55:57","2020-10-03 17:55:57"),
(462,"computer",4,3,"2020-10-03 17:55:57","2020-10-03 17:55:57"),
(463,"computer",6,1,"2020-10-03 17:55:57","2020-10-03 17:55:57"),
(468,"computer",4,3,"2020-10-03 17:55:57","2020-10-03 17:55:57"),
(470,"computer",5,4,"2020-10-03 17:55:57","2020-10-03 17:55:57"),
(471,"computer",5,4,"2020-10-03 17:55:57","2020-10-03 17:55:57"),
(472,"computer",5,4,"2020-10-03 17:55:57","2020-10-03 17:55:57"),
(473,"computer",5,4,"2020-10-03 17:55:57","2020-10-03 17:55:57"),
(474,"computer",5,4,"2020-10-03 17:55:57","2020-10-03 17:55:57"),
(475,"computer",5,4,"2020-10-03 17:55:57","2020-10-03 17:55:57"),
(476,"computer",5,4,"2020-10-03 17:55:57","2020-10-03 17:55:57"),
(477,"computer",5,4,"2020-10-03 17:55:57","2020-10-03 17:55:57"),
(478,"computer",5,4,"2020-10-03 17:55:57","2020-10-03 17:55:57"),
(479,"computer",5,4,"2020-10-03 17:55:57","2020-10-03 17:55:57"),
(480,"computer",5,4,"2020-10-03 17:55:57","2020-10-03 17:55:57"),
(481,"computer",5,4,"2020-10-03 17:55:57","2020-10-03 17:55:57"),
(482,"computer",5,4,"2020-10-03 17:55:57","2020-10-03 17:55:57"),
(484,"computer",6,1,"2020-10-03 17:55:57","2020-10-03 17:55:57"),
(485,"computer",6,1,"2020-10-03 17:55:57","2020-10-03 17:55:57"),
(488,"computer",4,3,"2020-10-03 17:55:57","2020-10-03 17:55:57"),
(496,"computer",5,4,"2020-10-03 17:55:57","2020-10-03 17:55:57"),
(500,"computer",4,3,"2020-10-03 17:55:57","2020-10-03 17:55:57"),
(508,"computer",4,3,"2020-10-03 17:55:57","2020-10-03 17:55:57"),
(518,"computer",4,3,"2020-10-03 17:55:57","2020-10-03 17:55:57"),
(527,"computer",4,3,"2020-10-03 17:55:57","2020-10-03 17:55:57"),
(528,"computer",4,3,"2020-10-03 17:55:57","2020-10-03 17:55:57"),
(529,"computer",4,3,"2020-10-03 17:55:57","2020-10-03 17:55:57"),
(530,"computer",4,3,"2020-10-03 17:55:57","2020-10-03 17:55:57"),
(531,"computer",6,1,"2020-10-03 17:55:57","2020-10-03 17:55:57"),
(532,"computer",4,3,"2020-10-03 17:55:57","2020-10-03 17:55:57"),
(533,"computer",4,3,"2020-10-03 17:55:57","2020-10-03 17:55:57"),
(536,"computer",4,3,"2020-10-03 17:55:57","2020-10-03 17:55:57"),
(538,"computer",4,3,"2020-10-03 17:55:57","2020-10-03 17:55:57"),
(540,"computer",4,3,"2020-10-03 17:55:57","2020-10-03 17:55:57"),
(541,"computer",6,1,"2020-10-03 17:55:57","2020-10-03 17:55:57"),
(548,"computer",4,3,"2020-10-03 17:55:57","2020-10-03 17:55:57"),
(549,"computer",4,3,"2020-10-03 17:55:57","2020-10-03 17:55:57"),
(550,"computer",4,3,"2020-10-03 17:55:57","2020-10-03 17:55:57"),
(551,"computer",4,3,"2020-10-03 17:55:57","2020-10-03 17:55:57"),
(553,"computer",4,3,"2020-10-03 17:55:57","2020-10-03 17:55:57"),
(554,"computer",6,1,"2020-10-03 17:55:57","2020-10-03 17:55:57"),
(555,"computer",4,3,"2020-10-03 17:55:57","2020-10-03 17:55:57"),
(556,"computer",4,3,"2020-10-03 17:55:57","2020-10-03 17:55:57"),
(557,"computer",4,3,"2020-10-03 17:55:57","2020-10-03 17:55:57"),
(559,"computer",4,3,"2020-10-03 17:55:57","2020-10-03 17:55:57"),
(561,"computer",4,3,"2020-10-03 17:55:57","2020-10-03 17:55:57"),
(562,"computer",4,3,"2020-10-03 17:55:57","2020-10-03 17:55:57"),
(565,"computer",4,3,"2020-10-03 17:55:57","2020-10-03 17:55:57"),
(566,"computer",4,3,"2020-10-03 17:55:57","2020-10-03 17:55:57"),
(573,"computer",7,3,"2020-10-03 17:55:57","2020-10-03 17:55:57"),
(579,"computer",4,3,"2020-10-03 17:55:57","2020-10-03 17:55:57"),
(601,"computer",7,3,"2020-10-03 17:55:57","2020-10-03 17:55:57"),
(602,"computer",7,3,"2020-10-03 17:55:57","2020-10-03 17:55:57"),
(604,"computer",7,3,"2020-10-03 17:55:57","2020-10-03 17:55:57"),
(611,"computer",7,3,"2020-10-03 17:55:57","2020-10-03 17:55:57"),
(612,"computer",5,3,"2020-10-03 17:55:57","2020-10-03 17:55:57"),
(619,"computer",7,3,"2020-10-03 17:55:57","2020-10-03 17:55:57"),
(620,"computer",7,3,"2020-10-03 17:55:57","2020-10-03 17:55:57"),
(625,"computer",4,3,"2020-10-03 17:55:57","2020-10-03 17:55:57"),
(628,"computer",7,3,"2020-10-03 17:55:57","2020-10-03 17:55:57"),
(631,"computer",6,1,"2020-10-03 17:55:57","2020-10-03 17:55:57"),
(642,"computer",6,1,"2020-10-03 17:55:57","2020-10-03 17:55:57"),
(650,"computer",7,3,"2020-10-03 17:55:57","2020-10-03 17:55:57"),
(651,"computer",4,3,"2020-10-03 17:55:57","2020-10-03 17:55:57"),
(652,"computer",6,2,"2020-10-03 17:55:57","2020-10-03 17:55:57"),
(655,"computer",6,1,"2020-10-03 17:55:57","2020-10-03 17:55:57"),
(658,"computer",6,1,"2020-10-03 17:55:57","2020-10-03 17:55:57"),
(663,"computer",6,1,"2020-10-03 17:55:57","2020-10-03 17:55:57"),
(782,"computer",6,1,"2020-10-03 17:55:57","2020-10-03 17:55:57"),
(783,"computer",6,1,"2020-10-03 17:55:57","2020-10-03 17:55:57"),
(882,"computer",4,3,"2020-10-03 17:55:57","2020-10-03 17:55:57"),
(884,"computer",6,1,"2020-10-03 17:55:57","2020-10-03 17:55:57"),
(905,"computer",4,3,"2020-10-03 17:55:57","2020-10-03 17:55:57"),
(908,"computer",4,3,"2020-10-03 17:55:57","2020-10-03 17:55:57"),
(910,"computer",4,3,"2020-10-03 17:55:57","2020-10-03 17:55:57"),
(913,"computer",4,3,"2020-10-03 17:55:57","2020-10-03 17:55:57"),
(915,"computer",4,3,"2020-10-03 17:55:57","2020-10-03 17:55:57"),
(920,"computer",4,3,"2020-10-03 17:55:57","2020-10-03 17:55:57"),
(921,"computer",4,3,"2020-10-03 17:55:57","2020-10-03 17:55:57"),
(922,"computer",4,3,"2020-10-03 17:55:57","2020-10-03 17:55:57"),
(924,"computer",4,3,"2020-10-03 17:55:57","2020-10-03 17:55:57"),
(926,"computer",4,3,"2020-10-03 17:55:57","2020-10-03 17:55:57"),
(934,"computer",4,3,"2020-10-03 17:55:57","2020-10-03 17:55:57"),
(939,"computer",4,3,"2020-10-03 17:55:57","2020-10-03 17:55:57"),
(951,"computer",6,1,"2020-10-03 17:55:57","2020-10-03 17:55:57"),
(961,"computer",4,3,"2020-10-03 17:55:57","2020-10-03 17:55:57"),
(966,"computer",6,1,"2020-10-03 17:55:57","2020-10-03 17:55:57"),
(971,"computer",4,3,"2020-10-03 17:55:57","2020-10-03 17:55:57"),
(973,"computer",5,4,"2020-10-03 17:55:57","2020-10-03 17:55:57"),
(975,"computer",4,3,"2020-10-03 17:55:57","2020-10-03 17:55:57"),
(980,"computer",4,3,"2020-10-03 17:55:57","2020-10-03 17:55:57"),
(989,"computer",4,3,"2020-10-03 17:55:57","2020-10-03 17:55:57"),
(990,"computer",6,1,"2020-10-03 17:55:57","2020-10-03 17:55:57"),
(992,"computer",4,3,"2020-10-03 17:55:57","2020-10-03 17:55:57"),
(995,"computer",4,3,"2020-10-03 17:55:57","2020-10-03 17:55:57"),
(998,"computer",6,1,"2020-10-03 17:55:57","2020-10-03 17:55:57"),
(999,"computer",4,3,"2020-10-03 17:55:57","2020-10-03 17:55:57"),
(1000,"computer",4,3,"2020-10-03 17:55:57","2020-10-03 17:55:57"),
(1028,"computer",4,3,"2020-10-03 17:55:57","2020-10-03 17:55:57"),
(1030,"computer",4,3,"2020-10-03 17:55:57","2020-10-03 17:55:57"),
(1031,"computer",4,3,"2020-10-03 17:55:57","2020-10-03 17:55:57"),
(1032,"computer",4,3,"2020-10-03 17:55:57","2020-10-03 17:55:57"),
(1033,"computer",4,3,"2020-10-03 17:55:57","2020-10-03 17:55:57"),
(1034,"computer",4,3,"2020-10-03 17:55:57","2020-10-03 17:55:57"),
(1035,"computer",4,3,"2020-10-03 17:55:57","2020-10-03 17:55:57"),
(1036,"computer",4,3,"2020-10-03 17:55:57","2020-10-03 17:55:57"),
(1037,"computer",4,3,"2020-10-03 17:55:57","2020-10-03 17:55:57"),
(1038,"computer",4,3,"2020-10-03 17:55:57","2020-10-03 17:55:57"),
(1067,"computer",4,3,"2020-10-03 17:55:57","2020-10-03 17:55:57"),
(1068,"computer",4,3,"2020-10-03 17:55:57","2020-10-03 17:55:57"),
(1070,"computer",4,3,"2020-10-03 17:55:57","2020-10-03 17:55:57"),
(1071,"computer",4,3,"2020-10-03 17:55:57","2020-10-03 17:55:57"),
(1072,"computer",4,3,"2020-10-03 17:55:57","2020-10-03 17:55:57"),
(1073,"computer",4,3,"2020-10-03 17:55:57","2020-10-03 17:55:57"),
(1074,"computer",4,3,"2020-10-03 17:55:57","2020-10-03 17:55:57"),
(1075,"computer",4,3,"2020-10-03 17:55:57","2020-10-03 17:55:57"),
(1076,"computer",4,3,"2020-10-03 17:55:57","2020-10-03 17:55:57"),
(1077,"computer",4,3,"2020-10-03 17:55:57","2020-10-03 17:55:57"),
(1078,"computer",4,3,"2020-10-03 17:55:57","2020-10-03 17:55:57"),
(1079,"computer",4,3,"2020-10-03 17:55:57","2020-10-03 17:55:57"),
(1080,"computer",4,3,"2020-10-03 17:55:57","2020-10-03 17:55:57"),
(1081,"computer",4,3,"2020-10-03 17:55:57","2020-10-03 17:55:57"),
(1083,"computer",4,3,"2020-10-03 17:55:57","2020-10-03 17:55:57"),
(1085,"computer",4,3,"2020-10-03 17:55:57","2020-10-03 17:55:57"),
(1087,"computer",4,3,"2020-10-03 17:55:57","2020-10-03 17:55:57"),
(1088,"computer",6,1,"2020-10-03 17:55:57","2020-10-03 17:55:57"),
(1089,"computer",4,3,"2020-10-03 17:55:57","2020-10-03 17:55:57"),
(1090,"computer",4,3,"2020-10-03 17:55:57","2020-10-03 17:55:57"),
(1091,"computer",4,3,"2020-10-03 17:55:57","2020-10-03 17:55:57"),
(1093,"computer",6,1,"2020-10-03 17:55:57","2020-10-03 17:55:57"),
(1094,"computer",3,7,"2020-10-03 17:55:57","2020-10-03 17:55:57"),
(1095,"computer",2,7,"2020-10-03 17:55:57","2020-10-03 17:55:57"),
(1096,"computer",3,7,"2020-10-03 17:55:57","2020-10-03 17:55:57"),
(1097,"computer",1,7,"2020-10-03 17:55:57","2020-10-03 17:55:57"),
(1098,"computer",3,7,"2020-10-03 17:55:57","2020-10-03 17:55:57"),
(1099,"computer",3,7,"2020-10-03 17:55:57","2020-10-03 17:55:57");

TRUNCATE glpi_devicefirmwaretypes;
INSERT INTO `glpi_devicefirmwaretypes` (`id`, `name`, `comment`, `date_mod`, `date_creation`) VALUES
(1, 'BIOS', NULL, NULL, NULL),
(2, 'UEFI', NULL, NULL, NULL),
(3, 'Firmware', NULL, NULL, NULL);

INSERT INTO `glpi_devicefirmwares` (`designation`, `manufacturers_id`, `version`, `devicefirmwaretypes_id`, `DATE_MOD`, `DATE_CREATION`) VALUES
('HPQOEM - 1072009- ', 3,  ' J01 v02.15', 1, '2020-10-04 07:08:23', '2020-10-04 07:08:23'),
('HPQOEM - 20080409- ', 3,  ' 786F6 v01.09', 1, '2020-10-04 07:08:23', '2020-10-04 07:08:23'),
('HPQOEM - 20070125- ', 3,  ' 786E3 v02.10', 1, '2020-10-04 07:08:23', '2020-10-04 07:08:23'),
('HPQOEM - 20080807- ', 3,  ' 786E3 v02.35', 1, '2020-10-04 07:08:23', '2020-10-04 07:08:23'),
('DELL   - 6222004- ', 2,  ' A05', 1, '2020-10-04 07:08:23', '2020-10-04 07:08:23'),
('COMPAQ - 20050518- ', 3,  ' 786D1 v01.03', 1, '2020-10-04 07:08:23', '2020-10-04 07:08:23'),
('HPQOEM - 20090825- ', 3,  ' 786G6 v01.03', 1, '2020-10-04 07:08:23', '2020-10-04 07:08:23'),
('HPQOEM - 20070413- ', 3,  ' 786E1 v01.10', 1, '2020-10-04 07:08:23', '2020-10-04 07:08:23'),
('HPQOEM - 20110802- ', 3,  ' 786G6 v01.15', 1, '2020-10-04 07:08:23', '2020-10-04 07:08:23'),
('HPQOEM - 20070413', 3,  ' 786E1 v01.10', 1, '2020-10-04 07:08:23', '2020-10-04 07:08:23'),
('HPQOEM - 1072009-', 3,  ' K01 v02.90', 1, '2020-10-04 07:08:23', '2020-10-04 07:08:23'),
('A M I  - 7000631;BIOS Date: 07/31/06 14:52:50 Ver: 08.00.12;BIOS Date: 07/31/06 14:52:50 Ver: 08.00.12- ', 4, ' 0301', 1, '2020-10-04 07:08:23', '2020-10-04 07:08:23'),
('HPQOEM - 20070718- ', 3,  ' 786F1 v01.04', 1, '2020-10-04 07:08:23', '2020-10-04 07:08:23'),
('HPQOEM - 1072009- ', 3,  ' K51 v01.61', 1, '2020-10-04 07:08:23', '2020-10-04 07:08:23'),
('DELL   - 1072009;BIOS Date: 07/27/11 10:59:30 Ver: 04.06.04;BIOS Date: 07/27/11 10:59:30 Ver: 04.06.04- ', 2,  ' A02', 1, '2020-10-04 07:08:23', '2020-10-04 07:08:23'),
('HPQOEM - 20110208;BIOS Date: 02/08/11 15:28:55 Ver: 6.14 - ', 4,  ' 6.14', 1, '2020-10-04 07:08:23', '2020-10-04 07:08:23'),
('HPQOEM - 20100908;BIOS Date: 09/08/10 14:17:58 Ver: 6.13 - ', 4,  ' 6.13', 1, '2020-10-04 07:08:23', '2020-10-04 07:08:23');

TRUNCATE glpi_items_devicefirmwares;
INSERT INTO `glpi_items_devicefirmwares` (`items_id`, `itemtype`, `devicefirmwares_id`) VALUES
(2, 'computer', 1),
(4, 'computer', 1),
(5, 'computer', 1),
(6, 'computer', 1),
(7, 'computer', 1),
(8, 'computer', 1),
(9, 'computer', 1),
(10, 'computer', 1),
(11, 'computer', 1),
(12, 'computer', 1),
(17, 'computer', 1),
(18, 'computer', 2),
(19, 'computer', 3),
(20, 'computer', 1),
(24, 'computer', 3),
(25, 'computer', 3),
(26, 'computer', 3),
(29, 'computer', 4),
(31, 'computer', 3),
(32, 'computer', 5),
(35, 'computer', 5),
(37, 'computer', 5),
(38, 'computer', 5),
(39, 'computer', 5),
(40, 'computer', 5),
(42, 'computer', 5),
(43, 'computer', 2),
(44, 'computer', 5),
(46, 'computer', 2),
(47, 'computer', 2),
(52, 'computer', 3),
(53, 'computer', 3),
(54, 'computer', 2),
(60, 'computer', 3),
(64, 'computer', 2),
(67, 'computer', 3),
(71, 'computer', 3),
(73, 'computer', 3),
(74, 'computer', 2),
(75, 'computer', 2),
(77, 'computer', 5),
(79, 'computer', 2),
(83, 'computer', 2),
(84, 'computer', 2),
(88, 'computer', 2),
(89, 'computer', 2),
(91, 'computer', 6),
(93, 'computer', 2),
(94, 'computer', 3),
(95, 'computer', 2),
(96, 'computer', 6),
(98, 'computer', 1),
(100, 'computer', 7),
(101, 'computer', 8),
(102, 'computer', 9),
(103, 'computer', 7),
(104, 'computer', 7),
(105, 'computer', 7),
(106, 'computer', 7),
(107, 'computer', 8),
(108, 'computer', 8),
(110, 'computer', 3),
(112, 'computer', 2),
(113, 'computer', 2),
(114, 'computer', 2),
(115, 'computer', 2),
(116, 'computer', 2),
(119, 'computer', 2),
(120, 'computer', 7),
(121, 'computer', 7),
(122, 'computer', 7),
(123, 'computer', 7),
(124, 'computer', 7),
(125, 'computer', 5),
(126, 'computer', 7),
(127, 'computer', 2),
(128, 'computer', 9),
(129, 'computer', 7),
(130, 'computer', 7),
(131, 'computer', 7),
(132, 'computer', 7),
(133, 'computer', 7),
(134, 'computer', 7),
(135, 'computer', 1),
(137, 'computer', 1),
(138, 'computer', 1),
(139, 'computer', 1),
(141, 'computer', 7),
(142, 'computer', 7),
(143, 'computer', 8),
(145, 'computer', 7),
(148, 'computer', 7),
(151, 'computer', 7),
(153, 'computer', 7),
(154, 'computer', 2),
(155, 'computer', 7),
(156, 'computer', 7),
(157, 'computer', 7),
(158, 'computer', 7),
(159, 'computer', 7),
(160, 'computer', 3),
(162, 'computer', 7),
(163, 'computer', 2),
(164, 'computer', 7),
(165, 'computer', 7),
(167, 'computer', 5),
(168, 'computer', 7),
(169, 'computer', 7),
(170, 'computer', 8),
(171, 'computer', 7),
(173, 'computer', 2),
(175, 'computer', 7),
(176, 'computer', 2),
(177, 'computer', 7),
(178, 'computer', 2),
(180, 'computer', 2),
(181, 'computer', 8),
(182, 'computer', 8),
(186, 'computer', 2),
(187, 'computer', 8),
(190, 'computer', 2),
(191, 'computer', 6),
(192, 'computer', 8),
(193, 'computer', 8),
(195, 'computer', 2),
(201, 'computer', 8),
(202, 'computer', 9),
(204, 'computer', 7),
(206, 'computer', 8),
(208, 'computer', 2),
(211, 'computer', 6),
(213, 'computer', 8),
(214, 'computer', 7),
(215, 'computer', 6),
(218, 'computer', 7),
(219, 'computer', 6),
(224, 'computer', 7),
(232, 'computer', 8),
(240, 'computer', 8),
(242, 'computer', 7),
(243, 'computer', 7),
(244, 'computer', 7),
(246, 'computer', 2),
(247, 'computer', 7),
(248, 'computer', 2),
(249, 'computer', 2),
(251, 'computer', 6),
(254, 'computer', 2),
(258, 'computer', 6),
(262, 'computer', 2),
(263, 'computer', 7),
(264, 'computer', 7),
(265, 'computer', 2),
(266, 'computer', 2),
(267, 'computer', 8),
(268, 'computer', 7),
(271, 'computer', 8),
(273, 'computer', 2),
(285, 'computer', 6),
(286, 'computer', 2),
(288, 'computer', 7),
(290, 'computer', 8),
(291, 'computer', 8),
(292, 'computer', 8),
(294, 'computer', 8),
(295, 'computer', 8),
(296, 'computer', 8),
(297, 'computer', 2),
(302, 'computer', 2),
(303, 'computer', 2),
(308, 'computer', 8),
(311, 'computer', 6),
(316, 'computer', 2),
(319, 'computer', 8),
(322, 'computer', 2),
(325, 'computer', 8),
(326, 'computer', 8),
(332, 'computer', 2),
(348, 'computer', 11),
(349, 'computer', 11),
(350, 'computer', 11),
(353, 'computer', 11),
(354, 'computer', 11),
(355, 'computer', 11),
(356, 'computer', 11),
(357, 'computer', 11),
(359, 'computer', 2),
(360, 'computer', 2),
(361, 'computer', 2),
(363, 'computer', 8),
(379, 'computer', 9),
(380, 'computer', 8),
(381, 'computer', 8),
(382, 'computer', 8),
(383, 'computer', 12),
(384, 'computer', 9),
(385, 'computer', 9),
(386, 'computer', 9),
(387, 'computer', 9),
(389, 'computer', 9),
(391, 'computer', 1),
(397, 'computer', 8),
(398, 'computer', 9),
(399, 'computer', 9),
(400, 'computer', 9),
(401, 'computer', 9),
(402, 'computer', 9),
(403, 'computer', 9),
(404, 'computer', 9),
(423, 'computer', 2),
(426, 'computer', 2),
(428, 'computer', 5),
(445, 'computer', 13),
(446, 'computer', 13),
(447, 'computer', 13),
(450, 'computer', 2),
(451, 'computer', 13),
(455, 'computer', 2),
(460, 'computer', 5),
(461, 'computer', 5),
(462, 'computer', 11),
(463, 'computer', 8),
(468, 'computer', 14),
(484, 'computer', 13),
(485, 'computer', 13),
(488, 'computer', 14),
(500, 'computer', 9),
(508, 'computer', 14),
(518, 'computer', 14),
(527, 'computer', 14),
(528, 'computer', 14),
(529, 'computer', 14),
(530, 'computer', 14),
(531, 'computer', 13),
(532, 'computer', 15),
(533, 'computer', 15),
(536, 'computer', 15),
(538, 'computer', 15),
(540, 'computer', 15),
(541, 'computer', 13),
(548, 'computer', 11),
(549, 'computer', 11),
(550, 'computer', 14),
(551, 'computer', 15),
(553, 'computer', 11),
(554, 'computer', 13),
(555, 'computer', 15),
(556, 'computer', 15),
(557, 'computer', 15),
(559, 'computer', 11),
(561, 'computer', 15),
(562, 'computer', 15),
(565, 'computer', 15),
(566, 'computer', 11),
(573, 'computer', 16),
(579, 'computer', 11),
(601, 'computer', 17),
(602, 'computer', 17),
(604, 'computer', 17),
(611, 'computer', 17),
(619, 'computer', 17),
(620, 'computer', 17),
(625, 'computer', 14),
(628, 'computer', 17),
(631, 'computer', 6),
(642, 'computer', 8),
(650, 'computer', 17),
(651, 'computer', 14),
(655, 'computer', 8),
(658, 'computer', 8),
(663, 'computer', 8),
(782, 'computer', 6),
(783, 'computer', 8),
(882, 'computer', 15),
(884, 'computer', 8),
(905, 'computer', 15),
(908, 'computer', 15),
(910, 'computer', 15),
(913, 'computer', 15),
(915, 'computer', 15),
(920, 'computer', 15),
(921, 'computer', 15),
(922, 'computer', 15),
(924, 'computer', 15),
(926, 'computer', 15),
(934, 'computer', 15),
(939, 'computer', 15),
(951, 'computer', 8),
(961, 'computer', 9),
(966, 'computer', 13),
(971, 'computer', 5),
(975, 'computer', 15),
(980, 'computer', 1),
(989, 'computer', 15),
(990, 'computer', 13),
(992, 'computer', 15),
(995, 'computer', 1),
(998, 'computer', 2),
(999, 'computer', 15),
(1000, 'computer', 15),
(1028, 'computer', 1),
(1030, 'computer', 1),
(1031, 'computer', 1),
(1032, 'computer', 1),
(1033, 'computer', 1),
(1034, 'computer', 1),
(1035, 'computer', 1),
(1036, 'computer', 1),
(1037, 'computer', 1),
(1038, 'computer', 1),
(1067, 'computer', 1),
(1068, 'computer', 1),
(1070, 'computer', 1),
(1071, 'computer', 1),
(1072, 'computer', 1),
(1073, 'computer', 1),
(1074, 'computer', 1),
(1075, 'computer', 1),
(1076, 'computer', 1),
(1077, 'computer', 1),
(1078, 'computer', 1),
(1079, 'computer', 1),
(1080, 'computer', 1),
(1081, 'computer', 1),
(1083, 'computer', 1),
(1085, 'computer', 1),
(1087, 'computer', 1),
(1088, 'computer', 8),
(1089, 'computer', 1),
(1090, 'computer', 1),
(1091, 'computer', 1),
(1093, 'computer', 13);

TRUNCATE `glpi_items_disks`;
INSERT INTO `glpi_items_disks` (`itemtype`, `items_id`, `name`, `device`, `mountpoint`, `filesystems_id`, `totalsize`, `freesize`, `date_mod`, `date_creation`) VALUES
('computer', 2, 'OS', 'OS', 'C:/', '14', 229688, 192555, '2020-10-05 09:48:52', '2020-10-05 09:48:52'),
('computer', 2, 'HP_RECOVERY', 'HP_RECOVERY', 'D:/', '14', 8683, 1060, '2020-10-05 09:48:52', '2020-10-05 09:48:52'),
('computer', 2, 'E:/', '', 'E:/', '0', 0, 0, '2020-10-05 09:48:52', '2020-10-05 09:48:52'),
('computer', 4, 'OS', 'OS', 'C:/', '14', 229688, 191666, '2020-10-05 09:48:52', '2020-10-05 09:48:52'),
('computer', 4, 'HP_RECOVERY', 'HP_RECOVERY', 'D:/', '14', 8683, 1060, '2020-10-05 09:48:52', '2020-10-05 09:48:52'),
('computer', 4, 'E:/', '', 'E:/', '0', 0, 0, '2020-10-05 09:48:52', '2020-10-05 09:48:52'),
('computer', 5, 'OS', 'OS', 'C:/', '14', 229688, 192029, '2020-10-05 09:48:52', '2020-10-05 09:48:52'),
('computer', 5, 'HP_RECOVERY', 'HP_RECOVERY', 'D:/', '14', 8683, 1060, '2020-10-05 09:48:52', '2020-10-05 09:48:52'),
('computer', 5, 'E:/', '', 'E:/', '0', 0, 0, '2020-10-05 09:48:52', '2020-10-05 09:48:52'),
('computer', 6, 'OS', 'OS', 'C:/', '14', 229688, 192641, '2020-10-05 09:48:52', '2020-10-05 09:48:52'),
('computer', 6, 'HP_RECOVERY', 'HP_RECOVERY', 'D:/', '14', 8683, 1060, '2020-10-05 09:48:52', '2020-10-05 09:48:52'),
('computer', 6, 'E:/', '', 'E:/', '0', 0, 0, '2020-10-05 09:48:52', '2020-10-05 09:48:52'),
('computer', 7, 'OS', 'OS', 'C:/', '14', 229688, 192046, '2020-10-05 09:48:52', '2020-10-05 09:48:52'),
('computer', 7, 'HP_RECOVERY', 'HP_RECOVERY', 'D:/', '14', 8683, 1060, '2020-10-05 09:48:52', '2020-10-05 09:48:52'),
('computer', 7, 'E:/', '', 'E:/', '0', 0, 0, '2020-10-05 09:48:52', '2020-10-05 09:48:52'),
('computer', 8, 'OS', 'OS', 'C:/', '14', 229688, 193276, '2020-10-05 09:48:52', '2020-10-05 09:48:52'),
('computer', 8, 'HP_RECOVERY', 'HP_RECOVERY', 'D:/', '14', 8683, 1060, '2020-10-05 09:48:52', '2020-10-05 09:48:52'),
('computer', 8, 'E:/', '', 'E:/', '0', 0, 0, '2020-10-05 09:48:52', '2020-10-05 09:48:52'),
('computer', 9, 'OS', 'OS', 'C:/', '14', 229688, 191932, '2020-10-05 09:48:52', '2020-10-05 09:48:52'),
('computer', 9, 'HP_RECOVERY', 'HP_RECOVERY', 'D:/', '14', 8683, 1060, '2020-10-05 09:48:52', '2020-10-05 09:48:52'),
('computer', 9, 'E:/', '', 'E:/', '0', 0, 0, '2020-10-05 09:48:52', '2020-10-05 09:48:52'),
('computer', 10, 'OS', 'OS', 'C:/', '14', 229688, 192687, '2020-10-05 09:48:52', '2020-10-05 09:48:52'),
('computer', 10, 'HP_RECOVERY', 'HP_RECOVERY', 'D:/', '14', 8683, 1060, '2020-10-05 09:48:52', '2020-10-05 09:48:52'),
('computer', 10, 'E:/', '', 'E:/', '0', 0, 0, '2020-10-05 09:48:52', '2020-10-05 09:48:52'),
('computer', 11, 'OS', 'OS', 'C:/', '14', 229688, 192391, '2020-10-05 09:48:52', '2020-10-05 09:48:52'),
('computer', 11, 'HP_RECOVERY', 'HP_RECOVERY', 'D:/', '14', 8683, 1060, '2020-10-05 09:48:52', '2020-10-05 09:48:52'),
('computer', 11, 'E:/', '', 'E:/', '0', 0, 0, '2020-10-05 09:48:52', '2020-10-05 09:48:52'),
('computer', 12, 'OS', 'OS', 'C:/', '14', 229688, 190676, '2020-10-05 09:48:52', '2020-10-05 09:48:52'),
('computer', 12, 'HP_RECOVERY', 'HP_RECOVERY', 'D:/', '14', 8683, 1060, '2020-10-05 09:48:52', '2020-10-05 09:48:52'),
('computer', 12, 'E:/', '', 'E:/', '0', 0, 0, '2020-10-05 09:48:52', '2020-10-05 09:48:52'),
('computer', 17, 'OS', 'OS', 'C:/', '14', 229688, 194358, '2020-10-05 09:48:52', '2020-10-05 09:48:52'),
('computer', 17, 'HP_RECOVERY', 'HP_RECOVERY', 'D:/', '14', 8683, 1060, '2020-10-05 09:48:52', '2020-10-05 09:48:52'),
('computer', 17, 'E:/', '', 'E:/', '0', 0, 0, '2020-10-05 09:48:52', '2020-10-05 09:48:52'),
('computer', 18, 'C:/', '', 'C:/', '14', 152617, 132790, '2020-10-05 09:48:52', '2020-10-05 09:48:52'),
('computer', 18, 'D:/', '', 'D:/', '0', 0, 0, '2020-10-05 09:48:52', '2020-10-05 09:48:52'),
('computer', 19, 'C:/', '', 'C:/', '14', 76308, 59454, '2020-10-05 09:48:52', '2020-10-05 09:48:52'),
('computer', 19, 'D:/', '', 'D:/', '0', 0, 0, '2020-10-05 09:48:52', '2020-10-05 09:48:52'),
('computer', 20, 'OS', 'OS', 'C:/', '14', 229688, 193127, '2020-10-05 09:48:52', '2020-10-05 09:48:52'),
('computer', 20, 'HP_RECOVERY', 'HP_RECOVERY', 'D:/', '14', 8683, 1060, '2020-10-05 09:48:52', '2020-10-05 09:48:52'),
('computer', 20, 'E:/', '', 'E:/', '0', 0, 0, '2020-10-05 09:48:52', '2020-10-05 09:48:52'),
('computer', 24, 'C:/', '', 'C:/', '14', 76308, 59211, '2020-10-05 09:48:52', '2020-10-05 09:48:52'),
('computer', 24, 'D:/', '', 'D:/', '0', 0, 0, '2020-10-05 09:48:52', '2020-10-05 09:48:52'),
('computer', 25, 'C:/', '', 'C:/', '14', 76308, 59729, '2020-10-05 09:48:52', '2020-10-05 09:48:52'),
('computer', 25, 'D:/', '', 'D:/', '0', 0, 0, '2020-10-05 09:48:52', '2020-10-05 09:48:52'),
('computer', 26, 'C:/', '', 'C:/', '14', 76308, 58850, '2020-10-05 09:48:52', '2020-10-05 09:48:52'),
('computer', 26, 'D:/', '', 'D:/', '0', 0, 0, '2020-10-05 09:48:52', '2020-10-05 09:48:52'),
('computer', 29, 'C:/', '', 'C:/', '14', 76308, 59881, '2020-10-05 09:48:52', '2020-10-05 09:48:52'),
('computer', 29, 'D:/', '', 'D:/', '0', 0, 0, '2020-10-05 09:48:52', '2020-10-05 09:48:52'),
('computer', 31, 'C:/', '', 'C:/', '14', 76308, 57676, '2020-10-05 09:48:52', '2020-10-05 09:48:52'),
('computer', 31, 'D:/', '', 'D:/', '0', 0, 0, '2020-10-05 09:48:52', '2020-10-05 09:48:52'),
('computer', 32, 'OS', 'OS', 'C:/', '14', 237679, 187709, '2020-10-05 09:48:52', '2020-10-05 09:48:52'),
('computer', 32, 'D:/', '', 'D:/', '0', 0, 0, '2020-10-05 09:48:52', '2020-10-05 09:48:52'),
('computer', 35, 'OS', 'OS', 'C:/', '14', 237679, 190547, '2020-10-05 09:48:52', '2020-10-05 09:48:52'),
('computer', 35, 'D:/', '', 'D:/', '0', 0, 0, '2020-10-05 09:48:52', '2020-10-05 09:48:52'),
('computer', 35, 'E:/', '', 'E:/', '0', 0, 0, '2020-10-05 09:48:52', '2020-10-05 09:48:52'),
('computer', 37, 'OS', 'OS', 'C:/', '14', 237679, 189467, '2020-10-05 09:48:52', '2020-10-05 09:48:52'),
('computer', 37, 'D:/', '', 'D:/', '0', 0, 0, '2020-10-05 09:48:52', '2020-10-05 09:48:52'),
('computer', 38, 'OS', 'OS', 'C:/', '14', 237679, 188870, '2020-10-05 09:48:52', '2020-10-05 09:48:52'),
('computer', 38, 'D:/', '', 'D:/', '0', 0, 0, '2020-10-05 09:48:52', '2020-10-05 09:48:52'),
('computer', 39, 'OS', 'OS', 'C:/', '14', 237679, 187622, '2020-10-05 09:48:52', '2020-10-05 09:48:52'),
('computer', 39, 'D:/', '', 'D:/', '0', 0, 0, '2020-10-05 09:48:52', '2020-10-05 09:48:52'),
('computer', 40, 'OS', 'OS', 'C:/', '14', 237679, 189553, '2020-10-05 09:48:52', '2020-10-05 09:48:52'),
('computer', 40, 'D:/', '', 'D:/', '0', 0, 0, '2020-10-05 09:48:52', '2020-10-05 09:48:52'),
('computer', 42, 'OS', 'OS', 'C:/', '14', 237679, 189542, '2020-10-05 09:48:52', '2020-10-05 09:48:52'),
('computer', 42, 'D:/', '', 'D:/', '0', 0, 0, '2020-10-05 09:48:52', '2020-10-05 09:48:52'),
('computer', 43, 'C:/', '', 'C:/', '14', 152617, 133673, '2020-10-05 09:48:52', '2020-10-05 09:48:52'),
('computer', 43, 'D:/', '', 'D:/', '0', 0, 0, '2020-10-05 09:48:52', '2020-10-05 09:48:52'),
('computer', 44, 'OS', 'OS', 'C:/', '14', 237679, 188082, '2020-10-05 09:48:52', '2020-10-05 09:48:52'),
('computer', 44, 'D:/', '', 'D:/', '0', 0, 0, '2020-10-05 09:48:52', '2020-10-05 09:48:52'),
('computer', 46, 'C:/', '', 'C:/', '14', 152617, 132763, '2020-10-05 09:48:52', '2020-10-05 09:48:52'),
('computer', 46, 'D:/', '', 'D:/', '0', 0, 0, '2020-10-05 09:48:52', '2020-10-05 09:48:52'),
('computer', 47, 'C:/', '', 'C:/', '14', 152617, 133333, '2020-10-05 09:48:52', '2020-10-05 09:48:52'),
('computer', 47, 'D:/', '', 'D:/', '0', 0, 0, '2020-10-05 09:48:52', '2020-10-05 09:48:52'),
('computer', 52, 'C:/', '', 'C:/', '14', 76308, 58706, '2020-10-05 09:48:52', '2020-10-05 09:48:52'),
('computer', 52, 'D:/', '', 'D:/', '0', 0, 0, '2020-10-05 09:48:52', '2020-10-05 09:48:52'),
('computer', 53, 'C:/', '', 'C:/', '14', 76308, 58628, '2020-10-05 09:48:52', '2020-10-05 09:48:52'),
('computer', 53, 'D:/', '', 'D:/', '0', 0, 0, '2020-10-05 09:48:52', '2020-10-05 09:48:52'),
('computer', 54, 'C:/', '', 'C:/', '14', 152617, 133286, '2020-10-05 09:48:52', '2020-10-05 09:48:52'),
('computer', 54, 'D:/', '', 'D:/', '0', 0, 0, '2020-10-05 09:48:52', '2020-10-05 09:48:52'),
('computer', 60, 'C:/', '', 'C:/', '14', 76308, 59711, '2020-10-05 09:48:52', '2020-10-05 09:48:52'),
('computer', 60, 'D:/', '', 'D:/', '0', 0, 0, '2020-10-05 09:48:52', '2020-10-05 09:48:52'),
('computer', 64, 'C:/', '', 'C:/', '14', 152617, 134128, '2020-10-05 09:48:52', '2020-10-05 09:48:52'),
('computer', 64, 'D:/', '', 'D:/', '0', 0, 0, '2020-10-05 09:48:52', '2020-10-05 09:48:52'),
('computer', 67, 'C:/', '', 'C:/', '14', 76308, 58393, '2020-10-05 09:48:52', '2020-10-05 09:48:52'),
('computer', 67, 'D:/', '', 'D:/', '0', 0, 0, '2020-10-05 09:48:52', '2020-10-05 09:48:52'),
('computer', 71, 'C:/', '', 'C:/', '14', 76308, 59769, '2020-10-05 09:48:52', '2020-10-05 09:48:52'),
('computer', 71, 'D:/', '', 'D:/', '0', 0, 0, '2020-10-05 09:48:52', '2020-10-05 09:48:52'),
('computer', 73, 'C:/', '', 'C:/', '14', 76308, 60682, '2020-10-05 09:48:52', '2020-10-05 09:48:52'),
('computer', 73, 'D:/', '', 'D:/', '0', 0, 0, '2020-10-05 09:48:52', '2020-10-05 09:48:52'),
('computer', 74, 'C:/', '', 'C:/', '14', 152617, 133059, '2020-10-05 09:48:52', '2020-10-05 09:48:52'),
('computer', 74, 'D:/', '', 'D:/', '0', 0, 0, '2020-10-05 09:48:52', '2020-10-05 09:48:52'),
('computer', 75, 'C:/', '', 'C:/', '14', 152617, 136709, '2020-10-05 09:48:52', '2020-10-05 09:48:52'),
('computer', 75, 'D:/', '', 'D:/', '0', 0, 0, '2020-10-05 09:48:52', '2020-10-05 09:48:52'),
('computer', 77, 'OS', 'OS', 'C:/', '14', 237679, 190748, '2020-10-05 09:48:52', '2020-10-05 09:48:52'),
('computer', 77, 'D:/', '', 'D:/', '0', 0, 0, '2020-10-05 09:48:52', '2020-10-05 09:48:52'),
('computer', 77, 'E:/', '', 'E:/', '0', 0, 0, '2020-10-05 09:48:52', '2020-10-05 09:48:52'),
('computer', 79, 'C:/', '', 'C:/', '14', 152617, 133510, '2020-10-05 09:48:52', '2020-10-05 09:48:52'),
('computer', 79, 'D:/', '', 'D:/', '0', 0, 0, '2020-10-05 09:48:52', '2020-10-05 09:48:52'),
('computer', 83, 'C:/', '', 'C:/', '14', 152617, 135535, '2020-10-05 09:48:52', '2020-10-05 09:48:52'),
('computer', 83, 'D:/', '', 'D:/', '0', 0, 0, '2020-10-05 09:48:52', '2020-10-05 09:48:52'),
('computer', 84, 'C:/', '', 'C:/', '14', 152617, 122841, '2020-10-05 09:48:52', '2020-10-05 09:48:52'),
('computer', 84, 'D:/', '', 'D:/', '0', 0, 0, '2020-10-05 09:48:52', '2020-10-05 09:48:52'),
('computer', 88, 'C:/', '', 'C:/', '14', 152617, 134577, '2020-10-05 09:48:52', '2020-10-05 09:48:52'),
('computer', 88, 'D:/', '', 'D:/', '0', 0, 0, '2020-10-05 09:48:52', '2020-10-05 09:48:52'),
('computer', 89, 'C:/', '', 'C:/', '14', 152617, 133203, '2020-10-05 09:48:52', '2020-10-05 09:48:52'),
('computer', 89, 'D:/', '', 'D:/', '0', 0, 0, '2020-10-05 09:48:52', '2020-10-05 09:48:52'),
('computer', 91, 'C:/', '', 'C:/', '14', 76308, 62379, '2020-10-05 09:48:52', '2020-10-05 09:48:52'),
('computer', 91, 'D:/', '', 'D:/', '0', 0, 0, '2020-10-05 09:48:52', '2020-10-05 09:48:52'),
('computer', 93, 'C:/', '', 'C:/', '14', 152617, 129636, '2020-10-05 09:48:52', '2020-10-05 09:48:52'),
('computer', 93, 'D:/', '', 'D:/', '0', 0, 0, '2020-10-05 09:48:52', '2020-10-05 09:48:52'),
('computer', 94, 'C:/', '', 'C:/', '14', 76308, 59156, '2020-10-05 09:48:52', '2020-10-05 09:48:52'),
('computer', 94, 'D:/', '', 'D:/', '0', 0, 0, '2020-10-05 09:48:52', '2020-10-05 09:48:52'),
('computer', 95, 'C:/', '', 'C:/', '14', 152617, 139585, '2020-10-05 09:48:52', '2020-10-05 09:48:52'),
('computer', 95, 'D:/', '', 'D:/', '0', 0, 0, '2020-10-05 09:48:52', '2020-10-05 09:48:52'),
('computer', 96, 'C:/', '', 'C:/', '14', 76308, 64047, '2020-10-05 09:48:52', '2020-10-05 09:48:52'),
('computer', 96, 'D:/', '', 'D:/', '0', 0, 0, '2020-10-05 09:48:52', '2020-10-05 09:48:52'),
('computer', 98, 'OS', 'OS', 'C:/', '14', 229965, 190978, '2020-10-05 09:48:52', '2020-10-05 09:48:52'),
('computer', 98, 'HP_RECOVERY', 'HP_RECOVERY', 'D:/', '14', 8406, 1024, '2020-10-05 09:48:52', '2020-10-05 09:48:52'),
('computer', 98, 'E:/', '', 'E:/', '0', 0, 0, '2020-10-05 09:48:52', '2020-10-05 09:48:52'),
('computer', 100, 'C:/', '', 'C:/', '14', 238464, 212971, '2020-10-05 09:48:52', '2020-10-05 09:48:52'),
('computer', 100, 'D:/', '', 'D:/', '0', 0, 0, '2020-10-05 09:48:52', '2020-10-05 09:48:52'),
('computer', 100, 'E:/', '', 'E:/', '0', 0, 0, '2020-10-05 09:48:52', '2020-10-05 09:48:52'),
('computer', 101, 'C:/', '', 'C:/', '14', 76308, 59498, '2020-10-05 09:48:52', '2020-10-05 09:48:52'),
('computer', 101, 'D:/', '', 'D:/', '0', 0, 0, '2020-10-05 09:48:52', '2020-10-05 09:48:52'),
('computer', 102, 'OS', 'OS', 'C:/', '14', 236424, 197069, '2020-10-05 09:48:52', '2020-10-05 09:48:52'),
('computer', 102, 'E:/', '', 'E:/', '0', 0, 0, '2020-10-05 09:48:52', '2020-10-05 09:48:52'),
('computer', 103, 'C:/', '', 'C:/', '14', 149997, 126290, '2020-10-05 09:48:52', '2020-10-05 09:48:52'),
('computer', 103, 'D:/', '', 'D:/', '0', 0, 0, '2020-10-05 09:48:52', '2020-10-05 09:48:52'),
('computer', 104, 'C:/', '', 'C:/', '14', 149997, 124245, '2020-10-05 09:48:52', '2020-10-05 09:48:52'),
('computer', 104, 'D:/', '', 'D:/', '0', 0, 0, '2020-10-05 09:48:52', '2020-10-05 09:48:52'),
('computer', 104, 'E:/', '', 'E:/', '0', 0, 0, '2020-10-05 09:48:52', '2020-10-05 09:48:52'),
('computer', 105, 'C:/', '', 'C:/', '14', 238464, 218204, '2020-10-05 09:48:52', '2020-10-05 09:48:52'),
('computer', 105, 'D:/', '', 'D:/', '0', 0, 0, '2020-10-05 09:48:52', '2020-10-05 09:48:52'),
('computer', 106, 'C:/', '', 'C:/', '14', 149997, 125376, '2020-10-05 09:48:52', '2020-10-05 09:48:52'),
('computer', 106, 'D:/', '', 'D:/', '0', 0, 0, '2020-10-05 09:48:52', '2020-10-05 09:48:52'),
('computer', 106, 'E:/', '', 'E:/', '0', 0, 0, '2020-10-05 09:48:52', '2020-10-05 09:48:52'),
('computer', 107, 'C:/', '', 'C:/', '14', 76308, 59873, '2020-10-05 09:48:52', '2020-10-05 09:48:52'),
('computer', 107, 'D:/', '', 'D:/', '0', 0, 0, '2020-10-05 09:48:52', '2020-10-05 09:48:52'),
('computer', 108, 'C:/', '', 'C:/', '14', 476929, 466586, '2020-10-05 09:48:52', '2020-10-05 09:48:52'),
('computer', 108, 'D:/', '', 'D:/', '0', 0, 0, '2020-10-05 09:48:52', '2020-10-05 09:48:52'),
('computer', 110, 'C:/', '', 'C:/', '14', 76308, 59027, '2020-10-05 09:48:52', '2020-10-05 09:48:52'),
('computer', 110, 'D:/', '', 'D:/', '0', 0, 0, '2020-10-05 09:48:52', '2020-10-05 09:48:52'),
('computer', 112, 'C:/', '', 'C:/', '14', 152617, 132146, '2020-10-05 09:48:52', '2020-10-05 09:48:52'),
('computer', 112, 'D:/', '', 'D:/', '0', 0, 0, '2020-10-05 09:48:52', '2020-10-05 09:48:52'),
('computer', 113, 'C:/', '', 'C:/', '14', 152617, 132679, '2020-10-05 09:48:52', '2020-10-05 09:48:52'),
('computer', 113, 'D:/', '', 'D:/', '0', 0, 0, '2020-10-05 09:48:52', '2020-10-05 09:48:52'),
('computer', 114, 'C:/', '', 'C:/', '14', 152617, 130883, '2020-10-05 09:48:52', '2020-10-05 09:48:52'),
('computer', 114, 'D:/', '', 'D:/', '0', 0, 0, '2020-10-05 09:48:52', '2020-10-05 09:48:52'),
('computer', 115, 'C:/', '', 'C:/', '14', 152617, 133278, '2020-10-05 09:48:52', '2020-10-05 09:48:52'),
('computer', 115, 'D:/', '', 'D:/', '0', 0, 0, '2020-10-05 09:48:52', '2020-10-05 09:48:52'),
('computer', 116, 'C:/', '', 'C:/', '14', 152617, 132587, '2020-10-05 09:48:52', '2020-10-05 09:48:52'),
('computer', 116, 'D:/', '', 'D:/', '0', 0, 0, '2020-10-05 09:48:52', '2020-10-05 09:48:52'),
('computer', 119, 'C:/', '', 'C:/', '14', 152617, 133938, '2020-10-05 09:48:52', '2020-10-05 09:48:52'),
('computer', 119, 'D:/', '', 'D:/', '0', 0, 0, '2020-10-05 09:48:52', '2020-10-05 09:48:52'),
('computer', 120, 'C:/', '', 'C:/', '14', 149997, 125136, '2020-10-05 09:48:52', '2020-10-05 09:48:52'),
('computer', 121, 'C:/', '', 'C:/', '14', 238464, 217616, '2020-10-05 09:48:52', '2020-10-05 09:48:52'),
('computer', 121, 'D:/', '', 'D:/', '0', 0, 0, '2020-10-05 09:48:52', '2020-10-05 09:48:52'),
('computer', 122, 'C:/', '', 'C:/', '14', 238464, 217914, '2020-10-05 09:48:52', '2020-10-05 09:48:52'),
('computer', 122, 'D:/', '', 'D:/', '0', 0, 0, '2020-10-05 09:48:52', '2020-10-05 09:48:52'),
('computer', 123, 'C:/', '', 'C:/', '14', 238464, 217321, '2020-10-05 09:48:52', '2020-10-05 09:48:52'),
('computer', 123, 'D:/', '', 'D:/', '0', 0, 0, '2020-10-05 09:48:52', '2020-10-05 09:48:52'),
('computer', 124, 'C:/', '', 'C:/', '14', 149997, 123014, '2020-10-05 09:48:52', '2020-10-05 09:48:52'),
('computer', 124, 'D:/', '', 'D:/', '0', 0, 0, '2020-10-05 09:48:52', '2020-10-05 09:48:52'),
('computer', 124, 'E:/', '', 'E:/', '0', 0, 0, '2020-10-05 09:48:52', '2020-10-05 09:48:52'),
('computer', 125, 'OS', 'OS', 'C:/', '14', 237679, 187517, '2020-10-05 09:48:52', '2020-10-05 09:48:52'),
('computer', 125, 'D:/', '', 'D:/', '0', 0, 0, '2020-10-05 09:48:52', '2020-10-05 09:48:52'),
('computer', 126, 'C:/', '', 'C:/', '14', 149997, 127709, '2020-10-05 09:48:52', '2020-10-05 09:48:52'),
('computer', 126, 'D:/', '', 'D:/', '0', 0, 0, '2020-10-05 09:48:52', '2020-10-05 09:48:52'),
('computer', 126, 'E:/', '', 'E:/', '0', 0, 0, '2020-10-05 09:48:52', '2020-10-05 09:48:52'),
('computer', 127, 'C:/', '', 'C:/', '14', 152617, 131380, '2020-10-05 09:48:52', '2020-10-05 09:48:52'),
('computer', 127, 'D:/', '', 'D:/', '0', 0, 0, '2020-10-05 09:48:52', '2020-10-05 09:48:52'),
('computer', 128, 'C:/', '', 'C:/', '14', 238472, 219160, '2020-10-05 09:48:52', '2020-10-05 09:48:52'),
('computer', 128, 'D:/', '', 'D:/', '0', 0, 0, '2020-10-05 09:48:52', '2020-10-05 09:48:52'),
('computer', 128, 'E:/', '', 'E:/', '0', 0, 0, '2020-10-05 09:48:52', '2020-10-05 09:48:52'),
('computer', 129, 'C:/', '', 'C:/', '14', 238464, 218446, '2020-10-05 09:48:52', '2020-10-05 09:48:52'),
('computer', 129, 'D:/', '', 'D:/', '0', 0, 0, '2020-10-05 09:48:52', '2020-10-05 09:48:52'),
('computer', 130, 'C:/', '', 'C:/', '14', 149997, 123750, '2020-10-05 09:48:52', '2020-10-05 09:48:52'),
('computer', 130, 'D:/', '', 'D:/', '0', 0, 0, '2020-10-05 09:48:52', '2020-10-05 09:48:52'),
('computer', 130, 'E:/', '', 'E:/', '0', 0, 0, '2020-10-05 09:48:52', '2020-10-05 09:48:52'),
('computer', 131, 'C:/', '', 'C:/', '14', 238464, 216916, '2020-10-05 09:48:52', '2020-10-05 09:48:52'),
('computer', 131, 'D:/', '', 'D:/', '0', 0, 0, '2020-10-05 09:48:52', '2020-10-05 09:48:52'),
('computer', 132, 'C:/', '', 'C:/', '14', 149997, 122814, '2020-10-05 09:48:52', '2020-10-05 09:48:52'),
('computer', 132, 'D:/', '', 'D:/', '0', 0, 0, '2020-10-05 09:48:52', '2020-10-05 09:48:52'),
('computer', 132, 'E:/', '', 'E:/', '0', 0, 0, '2020-10-05 09:48:52', '2020-10-05 09:48:52'),
('computer', 133, 'C:/', '', 'C:/', '14', 149997, 122825, '2020-10-05 09:48:52', '2020-10-05 09:48:52'),
('computer', 133, 'D:/', '', 'D:/', '0', 0, 0, '2020-10-05 09:48:52', '2020-10-05 09:48:52'),
('computer', 133, 'E:/', '', 'E:/', '0', 0, 0, '2020-10-05 09:48:52', '2020-10-05 09:48:52'),
('computer', 134, 'C:/', '', 'C:/', '14', 238472, 218804, '2020-10-05 09:48:52', '2020-10-05 09:48:52'),
('computer', 134, 'D:/', '', 'D:/', '0', 0, 0, '2020-10-05 09:48:52', '2020-10-05 09:48:52'),
('computer', 134, 'E:/', '', 'E:/', '0', 0, 0, '2020-10-05 09:48:52', '2020-10-05 09:48:52'),
('computer', 135, 'OS', 'OS', 'C:/', '14', 229965, 187171, '2020-10-05 09:48:52', '2020-10-05 09:48:52'),
('computer', 135, 'HP_RECOVERY', 'HP_RECOVERY', 'D:/', '14', 8406, 1023, '2020-10-05 09:48:52', '2020-10-05 09:48:52'),
('computer', 135, 'E:/', '', 'E:/', '0', 0, 0, '2020-10-05 09:48:52', '2020-10-05 09:48:52'),
('computer', 137, 'OS', 'OS', 'C:/', '14', 229965, 188363, '2020-10-05 09:48:52', '2020-10-05 09:48:52'),
('computer', 137, 'HP_RECOVERY', 'HP_RECOVERY', 'D:/', '14', 8406, 1023, '2020-10-05 09:48:52', '2020-10-05 09:48:52'),
('computer', 137, 'E:/', '', 'E:/', '0', 0, 0, '2020-10-05 09:48:52', '2020-10-05 09:48:52'),
('computer', 138, 'OS', 'OS', 'C:/', '14', 229965, 189034, '2020-10-05 09:48:52', '2020-10-05 09:48:52'),
('computer', 138, 'HP_RECOVERY', 'HP_RECOVERY', 'D:/', '14', 8406, 1023, '2020-10-05 09:48:52', '2020-10-05 09:48:52'),
('computer', 138, 'E:/', '', 'E:/', '0', 0, 0, '2020-10-05 09:48:52', '2020-10-05 09:48:52'),
('computer', 139, 'OS', 'OS', 'C:/', '14', 229965, 188565, '2020-10-05 09:48:52', '2020-10-05 09:48:52'),
('computer', 139, 'HP_RECOVERY', 'HP_RECOVERY', 'D:/', '14', 8406, 985, '2020-10-05 09:48:52', '2020-10-05 09:48:52'),
('computer', 139, 'E:/', '', 'E:/', '0', 0, 0, '2020-10-05 09:48:52', '2020-10-05 09:48:52'),
('computer', 141, 'C:/', '', 'C:/', '14', 238464, 218456, '2020-10-05 09:48:52', '2020-10-05 09:48:52'),
('computer', 141, 'D:/', '', 'D:/', '0', 0, 0, '2020-10-05 09:48:52', '2020-10-05 09:48:52'),
('computer', 142, 'C:/', '', 'C:/', '14', 238464, 217703, '2020-10-05 09:48:52', '2020-10-05 09:48:52'),
('computer', 142, 'D:/', '', 'D:/', '0', 0, 0, '2020-10-05 09:48:52', '2020-10-05 09:48:52'),
('computer', 143, 'C:/', '', 'C:/', '14', 76308, 60760, '2020-10-05 09:48:52', '2020-10-05 09:48:52'),
('computer', 143, 'D:/', '', 'D:/', '0', 0, 0, '2020-10-05 09:48:52', '2020-10-05 09:48:52'),
('computer', 144, 'C:/', '', 'C:/', '14', 149997, 126528, '2020-10-05 09:48:52', '2020-10-05 09:48:52'),
('computer', 144, 'D:/', '', 'D:/', '0', 0, 0, '2020-10-05 09:48:52', '2020-10-05 09:48:52'),
('computer', 144, 'E:/', '', 'E:/', '0', 0, 0, '2020-10-05 09:48:52', '2020-10-05 09:48:52'),
('computer', 145, 'C:/', '', 'C:/', '14', 149997, 125926, '2020-10-05 09:48:52', '2020-10-05 09:48:52'),
('computer', 145, 'D:/', '', 'D:/', '0', 0, 0, '2020-10-05 09:48:52', '2020-10-05 09:48:52'),
('computer', 145, 'E:/', '', 'E:/', '0', 0, 0, '2020-10-05 09:48:52', '2020-10-05 09:48:52'),
('computer', 146, 'C:/', '', 'C:/', '14', 149997, 126954, '2020-10-05 09:48:52', '2020-10-05 09:48:52'),
('computer', 146, 'D:/', '', 'D:/', '0', 0, 0, '2020-10-05 09:48:52', '2020-10-05 09:48:52'),
('computer', 146, 'E:/', '', 'E:/', '0', 0, 0, '2020-10-05 09:48:52', '2020-10-05 09:48:52'),
('computer', 148, 'C:/', '', 'C:/', '14', 238464, 218550, '2020-10-05 09:48:52', '2020-10-05 09:48:52'),
('computer', 148, 'D:/', '', 'D:/', '0', 0, 0, '2020-10-05 09:48:52', '2020-10-05 09:48:52'),
('computer', 151, 'C:/', '', 'C:/', '14', 238464, 216386, '2020-10-05 09:48:52', '2020-10-05 09:48:52'),
('computer', 151, 'D:/', '', 'D:/', '0', 0, 0, '2020-10-05 09:48:52', '2020-10-05 09:48:52'),
('computer', 153, 'C:/', '', 'C:/', '14', 238464, 217354, '2020-10-05 09:48:52', '2020-10-05 09:48:52'),
('computer', 153, 'D:/', '', 'D:/', '0', 0, 0, '2020-10-05 09:48:52', '2020-10-05 09:48:52'),
('computer', 154, 'C:/', '', 'C:/', '14', 152617, 129542, '2020-10-05 09:48:52', '2020-10-05 09:48:52'),
('computer', 154, 'D:/', '', 'D:/', '0', 0, 0, '2020-10-05 09:48:52', '2020-10-05 09:48:52'),
('computer', 155, 'C:/', '', 'C:/', '14', 238464, 218887, '2020-10-05 09:48:52', '2020-10-05 09:48:52'),
('computer', 155, 'D:/', '', 'D:/', '0', 0, 0, '2020-10-05 09:48:52', '2020-10-05 09:48:52'),
('computer', 156, 'C:/', '', 'C:/', '14', 149997, 125267, '2020-10-05 09:48:52', '2020-10-05 09:48:52'),
('computer', 156, 'E:/', '', 'E:/', '0', 0, 0, '2020-10-05 09:48:52', '2020-10-05 09:48:52'),
('computer', 157, 'C:/', '', 'C:/', '14', 238464, 218639, '2020-10-05 09:48:52', '2020-10-05 09:48:52'),
('computer', 157, 'D:/', '', 'D:/', '0', 0, 0, '2020-10-05 09:48:52', '2020-10-05 09:48:52'),
('computer', 158, 'C:/', '', 'C:/', '14', 238464, 220246, '2020-10-05 09:48:52', '2020-10-05 09:48:52'),
('computer', 158, 'D:/', '', 'D:/', '0', 0, 0, '2020-10-05 09:48:52', '2020-10-05 09:48:52'),
('computer', 159, 'C:/', '', 'C:/', '14', 149997, 126520, '2020-10-05 09:48:52', '2020-10-05 09:48:52'),
('computer', 159, 'E:/', '', 'E:/', '0', 0, 0, '2020-10-05 09:48:52', '2020-10-05 09:48:52'),
('computer', 160, 'C:/', '', 'C:/', '14', 76308, 59068, '2020-10-05 09:48:52', '2020-10-05 09:48:52'),
('computer', 160, 'D:/', '', 'D:/', '0', 0, 0, '2020-10-05 09:48:52', '2020-10-05 09:48:52'),
('computer', 162, 'C:/', '', 'C:/', '14', 238464, 218694, '2020-10-05 09:48:52', '2020-10-05 09:48:52'),
('computer', 162, 'D:/', '', 'D:/', '0', 0, 0, '2020-10-05 09:48:52', '2020-10-05 09:48:52'),
('computer', 163, 'C:/', '', 'C:/', '14', 152617, 132737, '2020-10-05 09:48:52', '2020-10-05 09:48:52'),
('computer', 163, 'D:/', '', 'D:/', '0', 0, 0, '2020-10-05 09:48:52', '2020-10-05 09:48:52'),
('computer', 164, 'C:/', '', 'C:/', '14', 238464, 218631, '2020-10-05 09:48:52', '2020-10-05 09:48:52'),
('computer', 164, 'D:/', '', 'D:/', '0', 0, 0, '2020-10-05 09:48:52', '2020-10-05 09:48:52'),
('computer', 165, 'C:/', '', 'C:/', '14', 238464, 216887, '2020-10-05 09:48:52', '2020-10-05 09:48:52'),
('computer', 165, 'D:/', '', 'D:/', '0', 0, 0, '2020-10-05 09:48:52', '2020-10-05 09:48:52'),
('computer', 165, 'E:/', '', 'E:/', '0', 0, 0, '2020-10-05 09:48:52', '2020-10-05 09:48:52'),
('computer', 166, 'C:/', '', 'C:/', '14', 238464, 218914, '2020-10-05 09:48:52', '2020-10-05 09:48:52'),
('computer', 166, 'D:/', '', 'D:/', '0', 0, 0, '2020-10-05 09:48:52', '2020-10-05 09:48:52'),
('computer', 167, 'OS', 'OS', 'C:/', '14', 237679, 186996, '2020-10-05 09:48:52', '2020-10-05 09:48:52'),
('computer', 167, 'D:/', '', 'D:/', '0', 0, 0, '2020-10-05 09:48:52', '2020-10-05 09:48:52'),
('computer', 168, 'C:/', '', 'C:/', '14', 238464, 217937, '2020-10-05 09:48:52', '2020-10-05 09:48:52'),
('computer', 168, 'D:/', '', 'D:/', '0', 0, 0, '2020-10-05 09:48:52', '2020-10-05 09:48:52'),
('computer', 169, 'C:/', '', 'C:/', '14', 238464, 217998, '2020-10-05 09:48:52', '2020-10-05 09:48:52'),
('computer', 169, 'D:/', '', 'D:/', '0', 0, 0, '2020-10-05 09:48:52', '2020-10-05 09:48:52'),
('computer', 170, 'C:/', '', 'C:/', '14', 76308, 53887, '2020-10-05 09:48:52', '2020-10-05 09:48:52'),
('computer', 170, 'D:/', '', 'D:/', '0', 0, 0, '2020-10-05 09:48:52', '2020-10-05 09:48:52'),
('computer', 171, 'C:/', '', 'C:/', '14', 238464, 218049, '2020-10-05 09:48:52', '2020-10-05 09:48:52'),
('computer', 171, 'D:/', '', 'D:/', '0', 0, 0, '2020-10-05 09:48:52', '2020-10-05 09:48:52'),
('computer', 173, 'C:/', '', 'C:/', '14', 152617, 133794, '2020-10-05 09:48:52', '2020-10-05 09:48:52'),
('computer', 173, 'D:/', '', 'D:/', '0', 0, 0, '2020-10-05 09:48:52', '2020-10-05 09:48:52'),
('computer', 175, 'C:/', '', 'C:/', '14', 238464, 218343, '2020-10-05 09:48:52', '2020-10-05 09:48:52'),
('computer', 175, 'D:/', '', 'D:/', '0', 0, 0, '2020-10-05 09:48:52', '2020-10-05 09:48:52'),
('computer', 176, 'C:/', '', 'C:/', '14', 152617, 132197, '2020-10-05 09:48:52', '2020-10-05 09:48:52'),
('computer', 176, 'D:/', '', 'D:/', '0', 0, 0, '2020-10-05 09:48:52', '2020-10-05 09:48:52'),
('computer', 177, 'C:/', '', 'C:/', '14', 238464, 217833, '2020-10-05 09:48:52', '2020-10-05 09:48:52'),
('computer', 177, 'D:/', '', 'D:/', '0', 0, 0, '2020-10-05 09:48:52', '2020-10-05 09:48:52'),
('computer', 178, 'C:/', '', 'C:/', '14', 152617, 131548, '2020-10-05 09:48:52', '2020-10-05 09:48:52'),
('computer', 178, 'D:/', '', 'D:/', '0', 0, 0, '2020-10-05 09:48:52', '2020-10-05 09:48:52'),
('computer', 180, 'C:/', '', 'C:/', '14', 152617, 133563, '2020-10-05 09:48:52', '2020-10-05 09:48:52'),
('computer', 180, 'D:/', '', 'D:/', '0', 0, 0, '2020-10-05 09:48:52', '2020-10-05 09:48:52'),
('computer', 181, 'C:/', '', 'C:/', '14', 76308, 55951, '2020-10-05 09:48:52', '2020-10-05 09:48:52'),
('computer', 181, 'D:/', '', 'D:/', '0', 0, 0, '2020-10-05 09:48:52', '2020-10-05 09:48:52'),
('computer', 182, 'C:/', '', 'C:/', '14', 76308, 51101, '2020-10-05 09:48:52', '2020-10-05 09:48:52'),
('computer', 182, 'D:/', '', 'D:/', '0', 0, 0, '2020-10-05 09:48:52', '2020-10-05 09:48:52'),
('computer', 186, 'C:/', '', 'C:/', '14', 152617, 131140, '2020-10-05 09:48:52', '2020-10-05 09:48:52'),
('computer', 186, 'D:/', '', 'D:/', '0', 0, 0, '2020-10-05 09:48:52', '2020-10-05 09:48:52'),
('computer', 187, 'C:/', '', 'C:/', '14', 76308, 59968, '2020-10-05 09:48:52', '2020-10-05 09:48:52'),
('computer', 187, 'D:/', '', 'D:/', '0', 0, 0, '2020-10-05 09:48:52', '2020-10-05 09:48:52'),
('computer', 190, 'C:/', '', 'C:/', '14', 152617, 133103, '2020-10-05 09:48:52', '2020-10-05 09:48:52'),
('computer', 190, 'D:/', '', 'D:/', '0', 0, 0, '2020-10-05 09:48:52', '2020-10-05 09:48:52'),
('computer', 191, 'C:/', '', 'C:/', '14', 76308, 61557, '2020-10-05 09:48:52', '2020-10-05 09:48:52'),
('computer', 191, 'D:/', '', 'D:/', '0', 0, 0, '2020-10-05 09:48:52', '2020-10-05 09:48:52'),
('computer', 192, 'C:/', '', 'C:/', '14', 76308, 60106, '2020-10-05 09:48:52', '2020-10-05 09:48:52'),
('computer', 192, 'D:/', '', 'D:/', '0', 0, 0, '2020-10-05 09:48:52', '2020-10-05 09:48:52'),
('computer', 192, 'E:/', '', 'E:/', '0', 0, 0, '2020-10-05 09:48:52', '2020-10-05 09:48:52'),
('computer', 192, 'F:/', '', 'F:/', '0', 0, 0, '2020-10-05 09:48:52', '2020-10-05 09:48:52'),
('computer', 192, 'G:/', '', 'G:/', '0', 0, 0, '2020-10-05 09:48:52', '2020-10-05 09:48:52'),
('computer', 193, 'C:/', '', 'C:/', '14', 476929, 468301, '2020-10-05 09:48:52', '2020-10-05 09:48:52'),
('computer', 193, 'D:/', '', 'D:/', '0', 0, 0, '2020-10-05 09:48:52', '2020-10-05 09:48:52'),
('computer', 195, 'C:/', '', 'C:/', '14', 152617, 132692, '2020-10-05 09:48:52', '2020-10-05 09:48:52'),
('computer', 195, 'D:/', '', 'D:/', '0', 0, 0, '2020-10-05 09:48:52', '2020-10-05 09:48:52'),
('computer', 201, 'C:/', '', 'C:/', '14', 76308, 57211, '2020-10-05 09:48:52', '2020-10-05 09:48:52'),
('computer', 201, 'D:/', '', 'D:/', '0', 0, 0, '2020-10-05 09:48:52', '2020-10-05 09:48:52'),
('computer', 202, 'OS', 'OS', 'C:/', '14', 236424, 193507, '2020-10-05 09:48:52', '2020-10-05 09:48:52'),
('computer', 202, 'E:/', '', 'E:/', '0', 0, 0, '2020-10-05 09:48:52', '2020-10-05 09:48:52'),
('computer', 204, 'C:/', '', 'C:/', '14', 238464, 215813, '2020-10-05 09:48:52', '2020-10-05 09:48:52'),
('computer', 204, 'D:/', '', 'D:/', '0', 0, 0, '2020-10-05 09:48:52', '2020-10-05 09:48:52'),
('computer', 206, 'C:/', '', 'C:/', '14', 76308, 59823, '2020-10-05 09:48:52', '2020-10-05 09:48:52'),
('computer', 206, 'D:/', '', 'D:/', '0', 0, 0, '2020-10-05 09:48:52', '2020-10-05 09:48:52'),
('computer', 208, 'C:/', '', 'C:/', '14', 152617, 132449, '2020-10-05 09:48:52', '2020-10-05 09:48:52'),
('computer', 208, 'D:/', '', 'D:/', '0', 0, 0, '2020-10-05 09:48:52', '2020-10-05 09:48:52'),
('computer', 211, 'C:/', '', 'C:/', '14', 76308, 59862, '2020-10-05 09:48:52', '2020-10-05 09:48:52'),
('computer', 211, 'D:/', '', 'D:/', '0', 0, 0, '2020-10-05 09:48:52', '2020-10-05 09:48:52'),
('computer', 213, 'C:/', '', 'C:/', '14', 76308, 59470, '2020-10-05 09:48:52', '2020-10-05 09:48:52'),
('computer', 213, 'D:/', '', 'D:/', '0', 0, 0, '2020-10-05 09:48:52', '2020-10-05 09:48:52'),
('computer', 214, 'C:/', '', 'C:/', '14', 238464, 218602, '2020-10-05 09:48:52', '2020-10-05 09:48:52'),
('computer', 215, 'C:/', '', 'C:/', '14', 76308, 64681, '2020-10-05 09:48:52', '2020-10-05 09:48:52'),
('computer', 215, 'D:/', '', 'D:/', '0', 0, 0, '2020-10-05 09:48:52', '2020-10-05 09:48:52'),
('computer', 218, 'C:/', '', 'C:/', '14', 238464, 218018, '2020-10-05 09:48:52', '2020-10-05 09:48:52'),
('computer', 218, 'D:/', '', 'D:/', '0', 0, 0, '2020-10-05 09:48:52', '2020-10-05 09:48:52'),
('computer', 219, 'C:/', '', 'C:/', '14', 76308, 64202, '2020-10-05 09:48:52', '2020-10-05 09:48:52'),
('computer', 219, 'D:/', '', 'D:/', '0', 0, 0, '2020-10-05 09:48:52', '2020-10-05 09:48:52'),
('computer', 224, 'C:/', '', 'C:/', '14', 238464, 218108, '2020-10-05 09:48:52', '2020-10-05 09:48:52'),
('computer', 224, 'D:/', '', 'D:/', '0', 0, 0, '2020-10-05 09:48:52', '2020-10-05 09:48:52'),
('computer', 232, 'C:/', '', 'C:/', '14', 76308, 64773, '2020-10-05 09:48:52', '2020-10-05 09:48:52'),
('computer', 232, 'D:/', '', 'D:/', '0', 0, 0, '2020-10-05 09:48:52', '2020-10-05 09:48:52'),
('computer', 240, 'C:/', '', 'C:/', '14', 76308, 59403, '2020-10-05 09:48:52', '2020-10-05 09:48:52'),
('computer', 240, 'D:/', '', 'D:/', '0', 0, 0, '2020-10-05 09:48:52', '2020-10-05 09:48:52'),
('computer', 242, 'C:/', '', 'C:/', '14', 238464, 217825, '2020-10-05 09:48:52', '2020-10-05 09:48:52'),
('computer', 242, 'D:/', '', 'D:/', '0', 0, 0, '2020-10-05 09:48:52', '2020-10-05 09:48:52'),
('computer', 243, 'C:/', '', 'C:/', '14', 238464, 217995, '2020-10-05 09:48:52', '2020-10-05 09:48:52'),
('computer', 243, 'D:/', '', 'D:/', '0', 0, 0, '2020-10-05 09:48:52', '2020-10-05 09:48:52'),
('computer', 244, 'C:/', '', 'C:/', '14', 238464, 217931, '2020-10-05 09:48:52', '2020-10-05 09:48:52'),
('computer', 244, 'D:/', '', 'D:/', '0', 0, 0, '2020-10-05 09:48:52', '2020-10-05 09:48:52'),
('computer', 246, 'C:/', '', 'C:/', '14', 152617, 131776, '2020-10-05 09:48:52', '2020-10-05 09:48:52'),
('computer', 246, 'D:/', '', 'D:/', '0', 0, 0, '2020-10-05 09:48:52', '2020-10-05 09:48:52'),
('computer', 247, 'C:/', '', 'C:/', '14', 238464, 218305, '2020-10-05 09:48:52', '2020-10-05 09:48:52'),
('computer', 247, 'D:/', '', 'D:/', '0', 0, 0, '2020-10-05 09:48:52', '2020-10-05 09:48:52'),
('computer', 248, 'C:/', '', 'C:/', '14', 152617, 133403, '2020-10-05 09:48:52', '2020-10-05 09:48:52'),
('computer', 248, 'D:/', '', 'D:/', '0', 0, 0, '2020-10-05 09:48:52', '2020-10-05 09:48:52'),
('computer', 249, 'C:/', '', 'C:/', '14', 152617, 133225, '2020-10-05 09:48:52', '2020-10-05 09:48:52'),
('computer', 249, 'D:/', '', 'D:/', '0', 0, 0, '2020-10-05 09:48:52', '2020-10-05 09:48:52'),
('computer', 251, 'C:/', '', 'C:/', '14', 76308, 62903, '2020-10-05 09:48:52', '2020-10-05 09:48:52'),
('computer', 251, 'D:/', '', 'D:/', '0', 0, 0, '2020-10-05 09:48:52', '2020-10-05 09:48:52'),
('computer', 254, 'C:/', '', 'C:/', '14', 152617, 133755, '2020-10-05 09:48:52', '2020-10-05 09:48:52'),
('computer', 254, 'D:/', '', 'D:/', '0', 0, 0, '2020-10-05 09:48:52', '2020-10-05 09:48:52'),
('computer', 255, 'C:/', '', 'C:/', '14', 76308, 59696, '2020-10-05 09:48:52', '2020-10-05 09:48:52'),
('computer', 255, 'D:/', '', 'D:/', '0', 0, 0, '2020-10-05 09:48:52', '2020-10-05 09:48:52'),
('computer', 258, 'C:/', '', 'C:/', '14', 76308, 63897, '2020-10-05 09:48:52', '2020-10-05 09:48:52'),
('computer', 258, 'D:/', '', 'D:/', '0', 0, 0, '2020-10-05 09:48:52', '2020-10-05 09:48:52'),
('computer', 262, 'C:/', '', 'C:/', '14', 152617, 131265, '2020-10-05 09:48:52', '2020-10-05 09:48:52'),
('computer', 262, 'D:/', '', 'D:/', '0', 0, 0, '2020-10-05 09:48:52', '2020-10-05 09:48:52'),
('computer', 263, 'C:/', '', 'C:/', '14', 238464, 219118, '2020-10-05 09:48:52', '2020-10-05 09:48:52'),
('computer', 263, 'D:/', '', 'D:/', '0', 0, 0, '2020-10-05 09:48:52', '2020-10-05 09:48:52'),
('computer', 264, 'C:/', '', 'C:/', '14', 238464, 217967, '2020-10-05 09:48:52', '2020-10-05 09:48:52'),
('computer', 264, 'D:/', '', 'D:/', '0', 0, 0, '2020-10-05 09:48:52', '2020-10-05 09:48:52'),
('computer', 265, 'C:/', '', 'C:/', '14', 152617, 132294, '2020-10-05 09:48:52', '2020-10-05 09:48:52'),
('computer', 265, 'D:/', '', 'D:/', '0', 0, 0, '2020-10-05 09:48:52', '2020-10-05 09:48:52'),
('computer', 266, 'C:/', '', 'C:/', '14', 152617, 132296, '2020-10-05 09:48:52', '2020-10-05 09:48:52'),
('computer', 266, 'D:/', '', 'D:/', '0', 0, 0, '2020-10-05 09:48:52', '2020-10-05 09:48:52'),
('computer', 267, 'C:/', '', 'C:/', '14', 76308, 59538, '2020-10-05 09:48:52', '2020-10-05 09:48:52'),
('computer', 267, 'D:/', '', 'D:/', '0', 0, 0, '2020-10-05 09:48:52', '2020-10-05 09:48:52'),
('computer', 268, 'C:/', '', 'C:/', '14', 238464, 218114, '2020-10-05 09:48:52', '2020-10-05 09:48:52'),
('computer', 271, 'C:/', '', 'C:/', '14', 76308, 57044, '2020-10-05 09:48:52', '2020-10-05 09:48:52'),
('computer', 271, 'D:/', '', 'D:/', '0', 0, 0, '2020-10-05 09:48:52', '2020-10-05 09:48:52'),
('computer', 273, 'C:/', '', 'C:/', '14', 152617, 141581, '2020-10-05 09:48:52', '2020-10-05 09:48:52'),
('computer', 273, 'D:/', '', 'D:/', '0', 0, 0, '2020-10-05 09:48:52', '2020-10-05 09:48:52'),
('computer', 285, 'C:/', '', 'C:/', '14', 76308, 42937, '2020-10-05 09:48:52', '2020-10-05 09:48:52'),
('computer', 285, 'D:/', '', 'D:/', '0', 0, 0, '2020-10-05 09:48:52', '2020-10-05 09:48:52'),
('computer', 286, 'C:/', '', 'C:/', '14', 152617, 141333, '2020-10-05 09:48:52', '2020-10-05 09:48:52'),
('computer', 286, 'D:/', '', 'D:/', '0', 0, 0, '2020-10-05 09:48:52', '2020-10-05 09:48:52'),
('computer', 286, 'E:/', '', 'E:/', '0', 0, 0, '2020-10-05 09:48:52', '2020-10-05 09:48:52'),
('computer', 288, 'C:/', '', 'C:/', '14', 149997, 127059, '2020-10-05 09:48:52', '2020-10-05 09:48:52'),
('computer', 288, 'D:/', '', 'D:/', '0', 0, 0, '2020-10-05 09:48:52', '2020-10-05 09:48:52'),
('computer', 288, 'E:/', '', 'E:/', '0', 0, 0, '2020-10-05 09:48:52', '2020-10-05 09:48:52'),
('computer', 290, 'C:/', '', 'C:/', '14', 76308, 58731, '2020-10-05 09:48:52', '2020-10-05 09:48:52'),
('computer', 290, 'D:/', '', 'D:/', '0', 0, 0, '2020-10-05 09:48:52', '2020-10-05 09:48:52'),
('computer', 291, 'C:/', '', 'C:/', '14', 76308, 62864, '2020-10-05 09:48:52', '2020-10-05 09:48:52'),
('computer', 291, 'D:/', '', 'D:/', '0', 0, 0, '2020-10-05 09:48:52', '2020-10-05 09:48:52'),
('computer', 292, 'C:/', '', 'C:/', '14', 76308, 59772, '2020-10-05 09:48:52', '2020-10-05 09:48:52'),
('computer', 292, 'D:/', '', 'D:/', '0', 0, 0, '2020-10-05 09:48:52', '2020-10-05 09:48:52'),
('computer', 294, 'C:/', '', 'C:/', '14', 76308, 60426, '2020-10-05 09:48:52', '2020-10-05 09:48:52'),
('computer', 294, 'D:/', '', 'D:/', '0', 0, 0, '2020-10-05 09:48:52', '2020-10-05 09:48:52'),
('computer', 295, 'C:/', '', 'C:/', '14', 76308, 59650, '2020-10-05 09:48:52', '2020-10-05 09:48:52'),
('computer', 295, 'D:/', '', 'D:/', '0', 0, 0, '2020-10-05 09:48:52', '2020-10-05 09:48:52'),
('computer', 296, 'C:/', '', 'C:/', '14', 76308, 62076, '2020-10-05 09:48:52', '2020-10-05 09:48:52'),
('computer', 296, 'D:/', '', 'D:/', '0', 0, 0, '2020-10-05 09:48:52', '2020-10-05 09:48:52'),
('computer', 297, 'C:/', '', 'C:/', '14', 152617, 131244, '2020-10-05 09:48:52', '2020-10-05 09:48:52'),
('computer', 297, 'D:/', '', 'D:/', '0', 0, 0, '2020-10-05 09:48:52', '2020-10-05 09:48:52'),
('computer', 297, 'E:/', '', 'E:/', '0', 0, 0, '2020-10-05 09:48:52', '2020-10-05 09:48:52'),
('computer', 302, 'C:/', '', 'C:/', '14', 152617, 141675, '2020-10-05 09:48:52', '2020-10-05 09:48:52'),
('computer', 302, 'D:/', '', 'D:/', '0', 0, 0, '2020-10-05 09:48:52', '2020-10-05 09:48:52'),
('computer', 303, 'C:/', '', 'C:/', '14', 152617, 127957, '2020-10-05 09:48:52', '2020-10-05 09:48:52'),
('computer', 303, 'D:/', '', 'D:/', '0', 0, 0, '2020-10-05 09:48:52', '2020-10-05 09:48:52'),
('computer', 308, 'C:/', '', 'C:/', '14', 76308, 61962, '2020-10-05 09:48:52', '2020-10-05 09:48:52'),
('computer', 308, 'D:/', '', 'D:/', '0', 0, 0, '2020-10-05 09:48:52', '2020-10-05 09:48:52'),
('computer', 308, '//se3/admin', '//se3/admin', 'K:/', '14', 0, 0, '2020-10-05 09:48:52', '2020-10-05 09:48:52'),
('computer', 308, '//se3/Classes', '//se3/Classes', 'U:/', '14', 0, 0, '2020-10-05 09:48:52', '2020-10-05 09:48:52'),
('computer', 308, '//se3/Docs', '//se3/Docs', 'V:/', '14', 0, 0, '2020-10-05 09:48:52', '2020-10-05 09:48:52'),
('computer', 308, '//se3/Progs', '//se3/Progs', 'W:/', '14', 0, 0, '2020-10-05 09:48:52', '2020-10-05 09:48:52'),
('computer', 308, '//se3/admhomes', '//se3/admhomes', 'X:/', '14', 0, 0, '2020-10-05 09:48:52', '2020-10-05 09:48:52'),
('computer', 308, '//se3/admse3', '//se3/admse3', 'Y:/', '14', 0, 0, '2020-10-05 09:48:52', '2020-10-05 09:48:52'),
('computer', 311, 'C:/', '', 'C:/', '14', 76308, 66808, '2020-10-05 09:48:52', '2020-10-05 09:48:52'),
('computer', 311, 'D:/', '', 'D:/', '0', 0, 0, '2020-10-05 09:48:52', '2020-10-05 09:48:52'),
('computer', 314, 'C:/', '', 'C:/', '14', 76308, 61339, '2020-10-05 09:48:52', '2020-10-05 09:48:52'),
('computer', 314, 'D:/', '', 'D:/', '0', 0, 0, '2020-10-05 09:48:52', '2020-10-05 09:48:52'),
('computer', 316, 'C:/', '', 'C:/', '14', 152617, 131210, '2020-10-05 09:48:52', '2020-10-05 09:48:52'),
('computer', 316, 'D:/', '', 'D:/', '0', 0, 0, '2020-10-05 09:48:52', '2020-10-05 09:48:52'),
('computer', 319, 'C:/', '', 'C:/', '14', 76308, 62026, '2020-10-05 09:48:52', '2020-10-05 09:48:52'),
('computer', 319, 'D:/', '', 'D:/', '0', 0, 0, '2020-10-05 09:48:52', '2020-10-05 09:48:52'),
('computer', 322, 'C:/', '', 'C:/', '14', 152617, 137095, '2020-10-05 09:48:52', '2020-10-05 09:48:52'),
('computer', 322, 'D:/', '', 'D:/', '0', 0, 0, '2020-10-05 09:48:52', '2020-10-05 09:48:52'),
('computer', 325, 'C:/', '', 'C:/', '14', 76308, 61307, '2020-10-05 09:48:52', '2020-10-05 09:48:52'),
('computer', 325, 'D:/', '', 'D:/', '0', 0, 0, '2020-10-05 09:48:52', '2020-10-05 09:48:52'),
('computer', 326, 'C:/', '', 'C:/', '14', 76308, 61167, '2020-10-05 09:48:52', '2020-10-05 09:48:52'),
('computer', 326, 'D:/', '', 'D:/', '0', 0, 0, '2020-10-05 09:48:52', '2020-10-05 09:48:52'),
('computer', 332, 'C:/', '', 'C:/', '14', 152617, 132418, '2020-10-05 09:48:52', '2020-10-05 09:48:52'),
('computer', 332, 'D:/', '', 'D:/', '0', 0, 0, '2020-10-05 09:48:52', '2020-10-05 09:48:52'),
('computer', 348, 'OS', 'OS', 'C:/', '14', 230005, 192809, '2020-10-05 09:48:52', '2020-10-05 09:48:52'),
('computer', 348, 'HP_RECOVERY', 'HP_RECOVERY', 'D:/', '14', 8262, 903, '2020-10-05 09:48:52', '2020-10-05 09:48:52'),
('computer', 348, 'E:/', '', 'E:/', '0', 0, 0, '2020-10-05 09:48:52', '2020-10-05 09:48:52'),
('computer', 349, 'OS', 'OS', 'C:/', '14', 230005, 193390, '2020-10-05 09:48:52', '2020-10-05 09:48:52'),
('computer', 349, 'HP_RECOVERY', 'HP_RECOVERY', 'D:/', '14', 8262, 903, '2020-10-05 09:48:52', '2020-10-05 09:48:52'),
('computer', 349, 'E:/', '', 'E:/', '0', 0, 0, '2020-10-05 09:48:52', '2020-10-05 09:48:52'),
('computer', 350, 'OS', 'OS', 'C:/', '14', 230005, 193801, '2020-10-05 09:48:52', '2020-10-05 09:48:52'),
('computer', 350, 'HP_RECOVERY', 'HP_RECOVERY', 'D:/', '14', 8262, 903, '2020-10-05 09:48:52', '2020-10-05 09:48:52'),
('computer', 350, 'E:/', '', 'E:/', '0', 0, 0, '2020-10-05 09:48:52', '2020-10-05 09:48:52'),
('computer', 353, 'OS', 'OS', 'C:/', '14', 230005, 194048, '2020-10-05 09:48:52', '2020-10-05 09:48:52'),
('computer', 353, 'HP_RECOVERY', 'HP_RECOVERY', 'D:/', '14', 8262, 903, '2020-10-05 09:48:52', '2020-10-05 09:48:52'),
('computer', 353, 'E:/', '', 'E:/', '0', 0, 0, '2020-10-05 09:48:52', '2020-10-05 09:48:52'),
('computer', 354, 'OS', 'OS', 'C:/', '14', 230005, 193110, '2020-10-05 09:48:52', '2020-10-05 09:48:52'),
('computer', 354, 'HP_RECOVERY', 'HP_RECOVERY', 'D:/', '14', 8262, 903, '2020-10-05 09:48:52', '2020-10-05 09:48:52'),
('computer', 354, 'E:/', '', 'E:/', '0', 0, 0, '2020-10-05 09:48:52', '2020-10-05 09:48:52'),
('computer', 355, 'OS', 'OS', 'C:/', '14', 230005, 194054, '2020-10-05 09:48:52', '2020-10-05 09:48:52'),
('computer', 355, 'HP_RECOVERY', 'HP_RECOVERY', 'D:/', '14', 8262, 903, '2020-10-05 09:48:52', '2020-10-05 09:48:52'),
('computer', 355, 'E:/', '', 'E:/', '0', 0, 0, '2020-10-05 09:48:52', '2020-10-05 09:48:52'),
('computer', 356, 'OS', 'OS', 'C:/', '14', 230005, 193236, '2020-10-05 09:48:52', '2020-10-05 09:48:52'),
('computer', 356, 'HP_RECOVERY', 'HP_RECOVERY', 'D:/', '14', 8262, 903, '2020-10-05 09:48:52', '2020-10-05 09:48:52'),
('computer', 356, 'E:/', '', 'E:/', '0', 0, 0, '2020-10-05 09:48:52', '2020-10-05 09:48:52'),
('computer', 357, 'OS', 'OS', 'C:/', '14', 230005, 192755, '2020-10-05 09:48:52', '2020-10-05 09:48:52'),
('computer', 357, 'HP_RECOVERY', 'HP_RECOVERY', 'D:/', '14', 8262, 903, '2020-10-05 09:48:52', '2020-10-05 09:48:52'),
('computer', 357, 'E:/', '', 'E:/', '0', 0, 0, '2020-10-05 09:48:52', '2020-10-05 09:48:52'),
('computer', 359, 'C:/', '', 'C:/', '14', 152617, 133107, '2020-10-05 09:48:52', '2020-10-05 09:48:52'),
('computer', 359, 'D:/', '', 'D:/', '0', 0, 0, '2020-10-05 09:48:52', '2020-10-05 09:48:52'),
('computer', 360, 'C:/', '', 'C:/', '14', 152617, 132806, '2020-10-05 09:48:52', '2020-10-05 09:48:52'),
('computer', 360, 'D:/', '', 'D:/', '0', 0, 0, '2020-10-05 09:48:52', '2020-10-05 09:48:52'),
('computer', 361, 'C:/', '', 'C:/', '14', 152617, 137414, '2020-10-05 09:48:52', '2020-10-05 09:48:52'),
('computer', 361, 'D:/', '', 'D:/', '0', 0, 0, '2020-10-05 09:48:52', '2020-10-05 09:48:52'),
('computer', 363, 'C:/', '', 'C:/', '14', 76308, 59309, '2020-10-05 09:48:52', '2020-10-05 09:48:52'),
('computer', 363, 'D:/', '', 'D:/', '0', 0, 0, '2020-10-05 09:48:52', '2020-10-05 09:48:52'),
('computer', 379, 'OS', 'OS', 'C:/', '14', 236424, 191654, '2020-10-05 09:48:52', '2020-10-05 09:48:52'),
('computer', 379, 'E:/', '', 'E:/', '0', 0, 0, '2020-10-05 09:48:52', '2020-10-05 09:48:52'),
('computer', 380, 'C:/', '', 'C:/', '14', 76308, 61369, '2020-10-05 09:48:52', '2020-10-05 09:48:52'),
('computer', 380, 'D:/', '', 'D:/', '0', 0, 0, '2020-10-05 09:48:52', '2020-10-05 09:48:52'),
('computer', 380, '//se3/admin', '//se3/admin', 'K:/', '14', 0, 0, '2020-10-05 09:48:52', '2020-10-05 09:48:52'),
('computer', 380, '//se3/Classes', '//se3/Classes', 'U:/', '14', 0, 0, '2020-10-05 09:48:52', '2020-10-05 09:48:52'),
('computer', 380, '//se3/Docs', '//se3/Docs', 'V:/', '14', 0, 0, '2020-10-05 09:48:52', '2020-10-05 09:48:52'),
('computer', 380, '//se3/Progs', '//se3/Progs', 'W:/', '14', 0, 0, '2020-10-05 09:48:52', '2020-10-05 09:48:52'),
('computer', 380, '//se3/admhomes', '//se3/admhomes', 'X:/', '14', 0, 0, '2020-10-05 09:48:52', '2020-10-05 09:48:52'),
('computer', 380, '//se3/admse3', '//se3/admse3', 'Y:/', '14', 0, 0, '2020-10-05 09:48:52', '2020-10-05 09:48:52'),
('computer', 381, 'C:/', '', 'C:/', '14', 76308, 62002, '2020-10-05 09:48:52', '2020-10-05 09:48:52'),
('computer', 381, 'D:/', '', 'D:/', '0', 0, 0, '2020-10-05 09:48:52', '2020-10-05 09:48:52'),
('computer', 381, '//se3/admin', '//se3/admin', 'K:/', '14', 0, 0, '2020-10-05 09:48:52', '2020-10-05 09:48:52'),
('computer', 381, '//se3/Classes', '//se3/Classes', 'U:/', '14', 0, 0, '2020-10-05 09:48:52', '2020-10-05 09:48:52'),
('computer', 381, '//se3/Docs', '//se3/Docs', 'V:/', '14', 0, 0, '2020-10-05 09:48:52', '2020-10-05 09:48:52'),
('computer', 381, '//se3/Progs', '//se3/Progs', 'W:/', '14', 0, 0, '2020-10-05 09:48:52', '2020-10-05 09:48:52'),
('computer', 381, '//se3/admhomes', '//se3/admhomes', 'X:/', '14', 0, 0, '2020-10-05 09:48:52', '2020-10-05 09:48:52'),
('computer', 381, '//se3/admse3', '//se3/admse3', 'Y:/', '14', 0, 0, '2020-10-05 09:48:52', '2020-10-05 09:48:52'),
('computer', 382, 'C:/', '', 'C:/', '14', 76308, 61292, '2020-10-05 09:48:52', '2020-10-05 09:48:52'),
('computer', 382, 'D:/', '', 'D:/', '0', 0, 0, '2020-10-05 09:48:52', '2020-10-05 09:48:52'),
('computer', 382, '//se3/admin', '//se3/admin', 'K:/', '14', 0, 0, '2020-10-05 09:48:52', '2020-10-05 09:48:52'),
('computer', 382, '//se3/Classes', '//se3/Classes', 'U:/', '14', 0, 0, '2020-10-05 09:48:52', '2020-10-05 09:48:52'),
('computer', 382, '//se3/Docs', '//se3/Docs', 'V:/', '14', 0, 0, '2020-10-05 09:48:52', '2020-10-05 09:48:52'),
('computer', 382, '//se3/Progs', '//se3/Progs', 'W:/', '14', 0, 0, '2020-10-05 09:48:52', '2020-10-05 09:48:52'),
('computer', 382, '//se3/admhomes', '//se3/admhomes', 'X:/', '14', 0, 0, '2020-10-05 09:48:52', '2020-10-05 09:48:52'),
('computer', 382, '//se3/admse3', '//se3/admse3', 'Y:/', '14', 0, 0, '2020-10-05 09:48:52', '2020-10-05 09:48:52'),
('computer', 383, 'A:/', '', 'A:/', '0', 0, 0, '2020-10-05 09:48:52', '2020-10-05 09:48:52'),
('computer', 383, 'C:/', '', 'C:/', '14', 76308, 64823, '2020-10-05 09:48:52', '2020-10-05 09:48:52'),
('computer', 383, 'D:/', '', 'D:/', '0', 0, 0, '2020-10-05 09:48:52', '2020-10-05 09:48:52'),
('computer', 384, 'OS', 'OS', 'C:/', '14', 236424, 194424, '2020-10-05 09:48:52', '2020-10-05 09:48:52'),
('computer', 384, 'E:/', '', 'E:/', '0', 0, 0, '2020-10-05 09:48:52', '2020-10-05 09:48:52'),
('computer', 385, 'OS', 'OS', 'C:/', '14', 236424, 187421, '2020-10-05 09:48:52', '2020-10-05 09:48:52'),
('computer', 385, 'E:/', '', 'E:/', '0', 0, 0, '2020-10-05 09:48:52', '2020-10-05 09:48:52'),
('computer', 386, 'OS', 'OS', 'C:/', '14', 236424, 194777, '2020-10-05 09:48:52', '2020-10-05 09:48:52'),
('computer', 386, 'E:/', '', 'E:/', '0', 0, 0, '2020-10-05 09:48:52', '2020-10-05 09:48:52'),
('computer', 387, 'OS', 'OS', 'C:/', '14', 236424, 196076, '2020-10-05 09:48:52', '2020-10-05 09:48:52'),
('computer', 387, 'E:/', '', 'E:/', '0', 0, 0, '2020-10-05 09:48:52', '2020-10-05 09:48:52'),
('computer', 389, 'OS', 'OS', 'C:/', '14', 236424, 193974, '2020-10-05 09:48:52', '2020-10-05 09:48:52'),
('computer', 389, 'E:/', '', 'E:/', '0', 0, 0, '2020-10-05 09:48:52', '2020-10-05 09:48:52'),
('computer', 391, 'OS', 'OS', 'C:/', '14', 229688, 192793, '2020-10-05 09:48:52', '2020-10-05 09:48:52'),
('computer', 391, 'HP_RECOVERY', 'HP_RECOVERY', 'D:/', '14', 8683, 1060, '2020-10-05 09:48:52', '2020-10-05 09:48:52'),
('computer', 391, 'E:/', '', 'E:/', '0', 0, 0, '2020-10-05 09:48:52', '2020-10-05 09:48:52'),
('computer', 397, 'C:/', '', 'C:/', '14', 76308, 61548, '2020-10-05 09:48:52', '2020-10-05 09:48:52'),
('computer', 397, 'D:/', '', 'D:/', '0', 0, 0, '2020-10-05 09:48:52', '2020-10-05 09:48:52'),
('computer', 398, 'OS', 'OS', 'C:/', '14', 236424, 193526, '2020-10-05 09:48:52', '2020-10-05 09:48:52'),
('computer', 398, 'E:/', '', 'E:/', '0', 0, 0, '2020-10-05 09:48:52', '2020-10-05 09:48:52'),
('computer', 399, 'OS', 'OS', 'C:/', '14', 236424, 194309, '2020-10-05 09:48:52', '2020-10-05 09:48:52'),
('computer', 399, 'E:/', '', 'E:/', '0', 0, 0, '2020-10-05 09:48:52', '2020-10-05 09:48:52'),
('computer', 400, 'OS', 'OS', 'C:/', '14', 236424, 193822, '2020-10-05 09:48:52', '2020-10-05 09:48:52'),
('computer', 400, 'E:/', '', 'E:/', '0', 0, 0, '2020-10-05 09:48:52', '2020-10-05 09:48:52'),
('computer', 401, 'OS', 'OS', 'C:/', '14', 236424, 194563, '2020-10-05 09:48:52', '2020-10-05 09:48:52'),
('computer', 401, 'E:/', '', 'E:/', '0', 0, 0, '2020-10-05 09:48:52', '2020-10-05 09:48:52'),
('computer', 402, 'OS', 'OS', 'C:/', '14', 236424, 194758, '2020-10-05 09:48:52', '2020-10-05 09:48:52'),
('computer', 402, 'E:/', '', 'E:/', '0', 0, 0, '2020-10-05 09:48:52', '2020-10-05 09:48:52'),
('computer', 403, 'OS', 'OS', 'C:/', '14', 236424, 192577, '2020-10-05 09:48:52', '2020-10-05 09:48:52'),
('computer', 403, 'E:/', '', 'E:/', '0', 0, 0, '2020-10-05 09:48:52', '2020-10-05 09:48:52'),
('computer', 404, 'OS', 'OS', 'C:/', '14', 236424, 194327, '2020-10-05 09:48:52', '2020-10-05 09:48:52'),
('computer', 404, 'E:/', '', 'E:/', '0', 0, 0, '2020-10-05 09:48:52', '2020-10-05 09:48:52'),
('computer', 423, 'C:/', '', 'C:/', '14', 152617, 136558, '2020-10-05 09:48:52', '2020-10-05 09:48:52'),
('computer', 423, 'D:/', '', 'D:/', '0', 0, 0, '2020-10-05 09:48:52', '2020-10-05 09:48:52'),
('computer', 426, 'C:/', '', 'C:/', '14', 152617, 135504, '2020-10-05 09:48:52', '2020-10-05 09:48:52'),
('computer', 426, 'D:/', '', 'D:/', '0', 0, 0, '2020-10-05 09:48:52', '2020-10-05 09:48:52'),
('computer', 428, 'OS', 'OS', 'C:/', '14', 237679, 188325, '2020-10-05 09:48:52', '2020-10-05 09:48:52'),
('computer', 428, 'D:/', '', 'D:/', '0', 0, 0, '2020-10-05 09:48:52', '2020-10-05 09:48:52'),
('computer', 445, 'C:/', '', 'C:/', '14', 76308, 48943, '2020-10-05 09:48:52', '2020-10-05 09:48:52');

INSERT INTO `glpi_items_disks` (`itemtype`, `items_id`, `name`, `device`, `mountpoint`, `filesystems_id`, `totalsize`, `freesize`, `date_mod`, `date_creation`) VALUES
('computer', 445, 'D:/', '', 'D:/', '0', 0, 0, '2020-10-05 09:48:52', '2020-10-05 09:48:52'),
('computer', 446, 'C:/', '', 'C:/', '14', 76308, 51801, '2020-10-05 09:48:52', '2020-10-05 09:48:52'),
('computer', 446, 'D:/', '', 'D:/', '0', 0, 0, '2020-10-05 09:48:52', '2020-10-05 09:48:52'),
('computer', 447, 'C:/', '', 'C:/', '14', 76308, 53985, '2020-10-05 09:48:52', '2020-10-05 09:48:52'),
('computer', 447, 'D:/', '', 'D:/', '0', 0, 0, '2020-10-05 09:48:52', '2020-10-05 09:48:52'),
('computer', 450, 'C:/', '', 'C:/', '14', 152617, 133037, '2020-10-05 09:48:52', '2020-10-05 09:48:52'),
('computer', 450, 'D:/', '', 'D:/', '0', 0, 0, '2020-10-05 09:48:52', '2020-10-05 09:48:52'),
('computer', 451, 'C:/', '', 'C:/', '14', 76308, 38106, '2020-10-05 09:48:52', '2020-10-05 09:48:52'),
('computer', 451, 'D:/', '', 'D:/', '0', 0, 0, '2020-10-05 09:48:52', '2020-10-05 09:48:52'),
('computer', 455, 'C:/', '', 'C:/', '14', 152617, 133615, '2020-10-05 09:48:52', '2020-10-05 09:48:52'),
('computer', 455, 'D:/', '', 'D:/', '0', 0, 0, '2020-10-05 09:48:52', '2020-10-05 09:48:52'),
('computer', 460, 'OS', 'OS', 'C:/', '14', 237679, 186226, '2020-10-05 09:48:52', '2020-10-05 09:48:52'),
('computer', 460, 'D:/', '', 'D:/', '0', 0, 0, '2020-10-05 09:48:52', '2020-10-05 09:48:52'),
('computer', 461, 'OS', 'OS', 'C:/', '14', 237679, 184483, '2020-10-05 09:48:52', '2020-10-05 09:48:52'),
('computer', 461, 'D:/', '', 'D:/', '0', 0, 0, '2020-10-05 09:48:52', '2020-10-05 09:48:52'),
('computer', 462, 'OS', 'OS', 'C:/', '14', 230005, 193264, '2020-10-05 09:48:52', '2020-10-05 09:48:52'),
('computer', 462, 'HP_RECOVERY', 'HP_RECOVERY', 'D:/', '14', 8262, 903, '2020-10-05 09:48:52', '2020-10-05 09:48:52'),
('computer', 462, 'E:/', '', 'E:/', '0', 0, 0, '2020-10-05 09:48:52', '2020-10-05 09:48:52'),
('computer', 463, 'C:/', '', 'C:/', '14', 76308, 58853, '2020-10-05 09:48:52', '2020-10-05 09:48:52'),
('computer', 463, 'D:/', '', 'D:/', '0', 0, 0, '2020-10-05 09:48:52', '2020-10-05 09:48:52'),
('computer', 468, 'OS', 'OS', 'C:/', '14', 943399, 885867, '2020-10-05 09:48:52', '2020-10-05 09:48:52'),
('computer', 468, 'HP_RECOVERY', 'HP_RECOVERY', 'E:/', '14', 9566, 1060, '2020-10-05 09:48:52', '2020-10-05 09:48:52'),
('computer', 468, 'F:/', '', 'F:/', '0', 0, 0, '2020-10-05 09:48:52', '2020-10-05 09:48:52'),
('computer', 470, 'OS', 'OS', 'C:/', '14', 943394, 914310, '2020-10-05 09:48:52', '2020-10-05 09:48:52'),
('computer', 470, 'HP_RECOVERY', 'HP_RECOVERY', 'E:/', '14', 9563, 1066, '2020-10-05 09:48:52', '2020-10-05 09:48:52'),
('computer', 470, 'F:/', '', 'F:/', '0', 0, 0, '2020-10-05 09:48:52', '2020-10-05 09:48:52'),
('computer', 471, 'OS', 'OS', 'C:/', '14', 943399, 883530, '2020-10-05 09:48:52', '2020-10-05 09:48:52'),
('computer', 471, 'HP_RECOVERY', 'HP_RECOVERY', 'D:/', '14', 9566, 1070, '2020-10-05 09:48:52', '2020-10-05 09:48:52'),
('computer', 471, 'F:/', '', 'F:/', '0', 0, 0, '2020-10-05 09:48:52', '2020-10-05 09:48:52'),
('computer', 472, 'OS', 'OS', 'C:/', '14', 943400, 884476, '2020-10-05 09:48:52', '2020-10-05 09:48:52'),
('computer', 472, 'HP_RECOVERY', 'HP_RECOVERY', 'D:/', '14', 9565, 1070, '2020-10-05 09:48:52', '2020-10-05 09:48:52'),
('computer', 472, 'F:/', '', 'F:/', '0', 0, 0, '2020-10-05 09:48:52', '2020-10-05 09:48:52'),
('computer', 473, 'OS', 'OS', 'C:/', '14', 943399, 883240, '2020-10-05 09:48:52', '2020-10-05 09:48:52'),
('computer', 473, 'HP_RECOVERY', 'HP_RECOVERY', 'D:/', '14', 9566, 1070, '2020-10-05 09:48:52', '2020-10-05 09:48:52'),
('computer', 473, 'F:/', '', 'F:/', '0', 0, 0, '2020-10-05 09:48:52', '2020-10-05 09:48:52'),
('computer', 474, 'OS', 'OS', 'C:/', '14', 943399, 886262, '2020-10-05 09:48:52', '2020-10-05 09:48:52'),
('computer', 474, 'HP_RECOVERY', 'HP_RECOVERY', 'D:/', '14', 9566, 1070, '2020-10-05 09:48:52', '2020-10-05 09:48:52'),
('computer', 474, 'F:/', '', 'F:/', '0', 0, 0, '2020-10-05 09:48:52', '2020-10-05 09:48:52'),
('computer', 475, 'OS', 'OS', 'C:/', '14', 943394, 885892, '2020-10-05 09:48:52', '2020-10-05 09:48:52'),
('computer', 475, 'HP_RECOVERY', 'HP_RECOVERY', 'D:/', '14', 9563, 1066, '2020-10-05 09:48:52', '2020-10-05 09:48:52'),
('computer', 475, 'F:/', '', 'F:/', '0', 0, 0, '2020-10-05 09:48:52', '2020-10-05 09:48:52'),
('computer', 476, 'OS', 'OS', 'C:/', '14', 943399, 884131, '2020-10-05 09:48:52', '2020-10-05 09:48:52'),
('computer', 476, 'HP_RECOVERY', 'HP_RECOVERY', 'D:/', '14', 9566, 1070, '2020-10-05 09:48:52', '2020-10-05 09:48:52'),
('computer', 476, 'F:/', '', 'F:/', '0', 0, 0, '2020-10-05 09:48:52', '2020-10-05 09:48:52'),
('computer', 477, 'OS', 'OS', 'C:/', '14', 943399, 883387, '2020-10-05 09:48:52', '2020-10-05 09:48:52'),
('computer', 477, 'HP_RECOVERY', 'HP_RECOVERY', 'D:/', '14', 9566, 1070, '2020-10-05 09:48:52', '2020-10-05 09:48:52'),
('computer', 477, 'F:/', '', 'F:/', '0', 0, 0, '2020-10-05 09:48:52', '2020-10-05 09:48:52'),
('computer', 478, 'OS', 'OS', 'C:/', '14', 943399, 885187, '2020-10-05 09:48:52', '2020-10-05 09:48:52'),
('computer', 478, 'HP_RECOVERY', 'HP_RECOVERY', 'D:/', '14', 9566, 1070, '2020-10-05 09:48:52', '2020-10-05 09:48:52'),
('computer', 478, 'F:/', '', 'F:/', '0', 0, 0, '2020-10-05 09:48:52', '2020-10-05 09:48:52'),
('computer', 479, 'OS', 'OS', 'C:/', '14', 943397, 888522, '2020-10-05 09:48:52', '2020-10-05 09:48:52'),
('computer', 479, 'HP_RECOVERY', 'HP_RECOVERY', 'D:/', '14', 9568, 1071, '2020-10-05 09:48:52', '2020-10-05 09:48:52'),
('computer', 479, 'E:/', '', 'E:/', '0', 0, 0, '2020-10-05 09:48:52', '2020-10-05 09:48:52'),
('computer', 480, 'OS', 'OS', 'C:/', '14', 943399, 883273, '2020-10-05 09:48:52', '2020-10-05 09:48:52'),
('computer', 480, 'HP_RECOVERY', 'HP_RECOVERY', 'D:/', '14', 9566, 1070, '2020-10-05 09:48:52', '2020-10-05 09:48:52'),
('computer', 480, 'F:/', '', 'F:/', '0', 0, 0, '2020-10-05 09:48:52', '2020-10-05 09:48:52'),
('computer', 481, 'OS', 'OS', 'C:/', '14', 943399, 915407, '2020-10-05 09:48:52', '2020-10-05 09:48:52'),
('computer', 481, 'HP_RECOVERY', 'HP_RECOVERY', 'E:/', '14', 9566, 1070, '2020-10-05 09:48:52', '2020-10-05 09:48:52'),
('computer', 481, 'F:/', '', 'F:/', '0', 0, 0, '2020-10-05 09:48:52', '2020-10-05 09:48:52'),
('computer', 482, 'OS', 'OS', 'C:/', '14', 943394, 870954, '2020-10-05 09:48:52', '2020-10-05 09:48:52'),
('computer', 482, 'HP_RECOVERY', 'HP_RECOVERY', 'D:/', '14', 9563, 1067, '2020-10-05 09:48:52', '2020-10-05 09:48:52'),
('computer', 482, 'F:/', '', 'F:/', '0', 0, 0, '2020-10-05 09:48:52', '2020-10-05 09:48:52'),
('computer', 484, 'C:/', '', 'C:/', '14', 76308, 52744, '2020-10-05 09:48:52', '2020-10-05 09:48:52'),
('computer', 484, 'D:/', '', 'D:/', '0', 0, 0, '2020-10-05 09:48:52', '2020-10-05 09:48:52'),
('computer', 485, 'C:/', '', 'C:/', '14', 76308, 53086, '2020-10-05 09:48:52', '2020-10-05 09:48:52'),
('computer', 485, 'D:/', '', 'D:/', '0', 0, 0, '2020-10-05 09:48:52', '2020-10-05 09:48:52'),
('computer', 488, 'OS', 'OS', 'C:/', '14', 943399, 883131, '2020-10-05 09:48:52', '2020-10-05 09:48:52'),
('computer', 488, 'HP_RECOVERY', 'HP_RECOVERY', 'E:/', '14', 9566, 1055, '2020-10-05 09:48:52', '2020-10-05 09:48:52'),
('computer', 488, 'F:/', '', 'F:/', '0', 0, 0, '2020-10-05 09:48:52', '2020-10-05 09:48:52'),
('computer', 496, 'OS', 'OS', 'C:/', '14', 943399, 914380, '2020-10-05 09:48:52', '2020-10-05 09:48:52'),
('computer', 496, 'HP_RECOVERY', 'HP_RECOVERY', 'E:/', '14', 9566, 1070, '2020-10-05 09:48:52', '2020-10-05 09:48:52'),
('computer', 496, 'F:/', '', 'F:/', '0', 0, 0, '2020-10-05 09:48:52', '2020-10-05 09:48:52'),
('computer', 500, 'OS', 'OS', 'C:/', '14', 236424, 197446, '2020-10-05 09:48:52', '2020-10-05 09:48:52'),
('computer', 500, 'E:/', '', 'E:/', '0', 0, 0, '2020-10-05 09:48:52', '2020-10-05 09:48:52'),
('computer', 508, 'OS', 'OS', 'C:/', '14', 943397, 881912, '2020-10-05 09:48:52', '2020-10-05 09:48:52'),
('computer', 508, 'HP_RECOVERY', 'HP_RECOVERY', 'D:/', '14', 9568, 1071, '2020-10-05 09:48:52', '2020-10-05 09:48:52'),
('computer', 508, 'F:/', '', 'F:/', '0', 0, 0, '2020-10-05 09:48:52', '2020-10-05 09:48:52'),
('computer', 518, 'OS', 'OS', 'C:/', '14', 943397, 869922, '2020-10-05 09:48:52', '2020-10-05 09:48:52'),
('computer', 518, 'HP_RECOVERY', 'HP_RECOVERY', 'D:/', '14', 9568, 1071, '2020-10-05 09:48:52', '2020-10-05 09:48:52'),
('computer', 518, 'E:/', '', 'E:/', '0', 0, 0, '2020-10-05 09:48:52', '2020-10-05 09:48:52'),
('computer', 518, 'DURAND320Go', 'DURAND320Go', 'F:/', '14', 305242, 235700, '2020-10-05 09:48:52', '2020-10-05 09:48:52'),
('computer', 527, 'OS', 'OS', 'C:/', '14', 943399, 879676, '2020-10-05 09:48:52', '2020-10-05 09:48:52'),
('computer', 527, 'HP_RECOVERY', 'HP_RECOVERY', 'E:/', '14', 9566, 1060, '2020-10-05 09:48:52', '2020-10-05 09:48:52'),
('computer', 527, 'F:/', '', 'F:/', '0', 0, 0, '2020-10-05 09:48:52', '2020-10-05 09:48:52'),
('computer', 527, 'G:/', '', 'G:/', '0', 0, 0, '2020-10-05 09:48:52', '2020-10-05 09:48:52'),
('computer', 528, 'OS', 'OS', 'C:/', '14', 943399, 882252, '2020-10-05 09:48:52', '2020-10-05 09:48:52'),
('computer', 528, 'HP_RECOVERY', 'HP_RECOVERY', 'D:/', '14', 9566, 1070, '2020-10-05 09:48:52', '2020-10-05 09:48:52'),
('computer', 528, 'F:/', '', 'F:/', '0', 0, 0, '2020-10-05 09:48:52', '2020-10-05 09:48:52'),
('computer', 529, 'OS', 'OS', 'C:/', '14', 943399, 881840, '2020-10-05 09:48:52', '2020-10-05 09:48:52'),
('computer', 529, 'HP_RECOVERY', 'HP_RECOVERY', 'E:/', '14', 9566, 1060, '2020-10-05 09:48:52', '2020-10-05 09:48:52'),
('computer', 529, 'F:/', '', 'F:/', '0', 0, 0, '2020-10-05 09:48:52', '2020-10-05 09:48:52'),
('computer', 530, 'OS', 'OS', 'C:/', '14', 943399, 882771, '2020-10-05 09:48:52', '2020-10-05 09:48:52'),
('computer', 530, 'HP_RECOVERY', 'HP_RECOVERY', 'D:/', '14', 9566, 1058, '2020-10-05 09:48:52', '2020-10-05 09:48:52'),
('computer', 530, 'F:/', '', 'F:/', '0', 0, 0, '2020-10-05 09:48:52', '2020-10-05 09:48:52'),
('computer', 531, 'C:/', '', 'C:/', '14', 76308, 54260, '2020-10-05 09:48:52', '2020-10-05 09:48:52'),
('computer', 532, 'OS', 'OS', 'C:/', '14', 463532, 393491, '2020-10-05 09:48:52', '2020-10-05 09:48:52'),
('computer', 532, 'D:/', '', 'D:/', '0', 0, 0, '2020-10-05 09:48:52', '2020-10-05 09:48:52'),
('computer', 532, 'E:/', '', 'E:/', '0', 0, 0, '2020-10-05 09:48:52', '2020-10-05 09:48:52'),
('computer', 532, 'F:/', '', 'F:/', '0', 0, 0, '2020-10-05 09:48:52', '2020-10-05 09:48:52'),
('computer', 532, 'G:/', '', 'G:/', '0', 0, 0, '2020-10-05 09:48:52', '2020-10-05 09:48:52'),
('computer', 532, 'H:/', '', 'H:/', '0', 0, 0, '2020-10-05 09:48:52', '2020-10-05 09:48:52'),
('computer', 533, 'OS', 'OS', 'C:/', '14', 463532, 390318, '2020-10-05 09:48:52', '2020-10-05 09:48:52'),
('computer', 533, 'D:/', '', 'D:/', '0', 0, 0, '2020-10-05 09:48:52', '2020-10-05 09:48:52'),
('computer', 533, 'E:/', '', 'E:/', '0', 0, 0, '2020-10-05 09:48:52', '2020-10-05 09:48:52'),
('computer', 533, 'F:/', '', 'F:/', '0', 0, 0, '2020-10-05 09:48:52', '2020-10-05 09:48:52'),
('computer', 533, 'G:/', '', 'G:/', '0', 0, 0, '2020-10-05 09:48:52', '2020-10-05 09:48:52'),
('computer', 533, 'H:/', '', 'H:/', '0', 0, 0, '2020-10-05 09:48:52', '2020-10-05 09:48:52'),
('computer', 536, 'OS', 'OS', 'C:/', '14', 463532, 392489, '2020-10-05 09:48:52', '2020-10-05 09:48:52'),
('computer', 536, 'D:/', '', 'D:/', '0', 0, 0, '2020-10-05 09:48:52', '2020-10-05 09:48:52'),
('computer', 536, 'E:/', '', 'E:/', '0', 0, 0, '2020-10-05 09:48:52', '2020-10-05 09:48:52'),
('computer', 536, 'F:/', '', 'F:/', '0', 0, 0, '2020-10-05 09:48:52', '2020-10-05 09:48:52'),
('computer', 536, 'G:/', '', 'G:/', '0', 0, 0, '2020-10-05 09:48:52', '2020-10-05 09:48:52'),
('computer', 536, 'H:/', '', 'H:/', '0', 0, 0, '2020-10-05 09:48:52', '2020-10-05 09:48:52'),
('computer', 538, 'OS', 'OS', 'C:/', '14', 463532, 393383, '2020-10-05 09:48:52', '2020-10-05 09:48:52'),
('computer', 538, 'D:/', '', 'D:/', '0', 0, 0, '2020-10-05 09:48:52', '2020-10-05 09:48:52'),
('computer', 538, 'E:/', '', 'E:/', '0', 0, 0, '2020-10-05 09:48:52', '2020-10-05 09:48:52'),
('computer', 538, 'F:/', '', 'F:/', '0', 0, 0, '2020-10-05 09:48:52', '2020-10-05 09:48:52'),
('computer', 538, 'G:/', '', 'G:/', '0', 0, 0, '2020-10-05 09:48:52', '2020-10-05 09:48:52'),
('computer', 538, 'H:/', '', 'H:/', '0', 0, 0, '2020-10-05 09:48:52', '2020-10-05 09:48:52'),
('computer', 540, 'OS', 'OS', 'C:/', '14', 463532, 383415, '2020-10-05 09:48:52', '2020-10-05 09:48:52'),
('computer', 540, 'D:/', '', 'D:/', '0', 0, 0, '2020-10-05 09:48:52', '2020-10-05 09:48:52'),
('computer', 540, 'E:/', '', 'E:/', '0', 0, 0, '2020-10-05 09:48:52', '2020-10-05 09:48:52'),
('computer', 540, 'F:/', '', 'F:/', '0', 0, 0, '2020-10-05 09:48:52', '2020-10-05 09:48:52'),
('computer', 540, 'G:/', '', 'G:/', '0', 0, 0, '2020-10-05 09:48:52', '2020-10-05 09:48:52'),
('computer', 540, 'H:/', '', 'H:/', '0', 0, 0, '2020-10-05 09:48:52', '2020-10-05 09:48:52'),
('computer', 541, 'C:/', '', 'C:/', '14', 76308, 51640, '2020-10-05 09:48:52', '2020-10-05 09:48:52'),
('computer', 541, 'D:/', '', 'D:/', '0', 0, 0, '2020-10-05 09:48:52', '2020-10-05 09:48:52'),
('computer', 541, 'E:/', '', 'E:/', '0', 0, 0, '2020-10-05 09:48:52', '2020-10-05 09:48:52'),
('computer', 548, 'OS', 'OS', 'C:/', '14', 230157, 194295, '2020-10-05 09:48:52', '2020-10-05 09:48:52'),
('computer', 548, 'HP_RECOVERY', 'HP_RECOVERY', 'D:/', '14', 8110, 884, '2020-10-05 09:48:52', '2020-10-05 09:48:52'),
('computer', 548, 'E:/', '', 'E:/', '0', 0, 0, '2020-10-05 09:48:52', '2020-10-05 09:48:52'),
('computer', 549, 'OS', 'OS', 'C:/', '14', 230157, 192530, '2020-10-05 09:48:52', '2020-10-05 09:48:52'),
('computer', 549, 'HP_RECOVERY', 'HP_RECOVERY', 'D:/', '14', 8110, 884, '2020-10-05 09:48:52', '2020-10-05 09:48:52'),
('computer', 549, 'E:/', '', 'E:/', '0', 0, 0, '2020-10-05 09:48:52', '2020-10-05 09:48:52'),
('computer', 550, 'OS', 'OS', 'C:/', '14', 943399, 882942, '2020-10-05 09:48:52', '2020-10-05 09:48:52'),
('computer', 550, 'HP_RECOVERY', 'HP_RECOVERY', 'D:/', '14', 9566, 1030, '2020-10-05 09:48:52', '2020-10-05 09:48:52'),
('computer', 550, 'F:/', '', 'F:/', '0', 0, 0, '2020-10-05 09:48:52', '2020-10-05 09:48:52'),
('computer', 551, 'OS', 'OS', 'C:/', '14', 463532, 390188, '2020-10-05 09:48:52', '2020-10-05 09:48:52'),
('computer', 551, 'D:/', '', 'D:/', '0', 0, 0, '2020-10-05 09:48:52', '2020-10-05 09:48:52'),
('computer', 551, 'E:/', '', 'E:/', '0', 0, 0, '2020-10-05 09:48:52', '2020-10-05 09:48:52'),
('computer', 551, 'F:/', '', 'F:/', '0', 0, 0, '2020-10-05 09:48:52', '2020-10-05 09:48:52'),
('computer', 551, 'G:/', '', 'G:/', '0', 0, 0, '2020-10-05 09:48:52', '2020-10-05 09:48:52'),
('computer', 551, 'H:/', '', 'H:/', '0', 0, 0, '2020-10-05 09:48:52', '2020-10-05 09:48:52'),
('computer', 553, 'OS', 'OS', 'C:/', '14', 230157, 191861, '2020-10-05 09:48:52', '2020-10-05 09:48:52'),
('computer', 553, 'HP_RECOVERY', 'HP_RECOVERY', 'D:/', '14', 8110, 883, '2020-10-05 09:48:52', '2020-10-05 09:48:52'),
('computer', 553, 'E:/', '', 'E:/', '0', 0, 0, '2020-10-05 09:48:52', '2020-10-05 09:48:52'),
('computer', 554, 'C:/', '', 'C:/', '14', 76308, 53291, '2020-10-05 09:48:52', '2020-10-05 09:48:52'),
('computer', 554, 'D:/', '', 'D:/', '0', 0, 0, '2020-10-05 09:48:52', '2020-10-05 09:48:52'),
('computer', 555, 'OS', 'OS', 'C:/', '14', 463532, 390447, '2020-10-05 09:48:52', '2020-10-05 09:48:52'),
('computer', 555, 'D:/', '', 'D:/', '0', 0, 0, '2020-10-05 09:48:52', '2020-10-05 09:48:52'),
('computer', 555, 'E:/', '', 'E:/', '0', 0, 0, '2020-10-05 09:48:52', '2020-10-05 09:48:52'),
('computer', 555, 'F:/', '', 'F:/', '0', 0, 0, '2020-10-05 09:48:52', '2020-10-05 09:48:52'),
('computer', 555, 'G:/', '', 'G:/', '0', 0, 0, '2020-10-05 09:48:52', '2020-10-05 09:48:52'),
('computer', 555, 'H:/', '', 'H:/', '0', 0, 0, '2020-10-05 09:48:52', '2020-10-05 09:48:52'),
('computer', 556, 'OS', 'OS', 'C:/', '14', 463532, 378260, '2020-10-05 09:48:52', '2020-10-05 09:48:52'),
('computer', 556, 'D:/', '', 'D:/', '0', 0, 0, '2020-10-05 09:48:52', '2020-10-05 09:48:52'),
('computer', 556, 'E:/', '', 'E:/', '0', 0, 0, '2020-10-05 09:48:52', '2020-10-05 09:48:52'),
('computer', 556, 'F:/', '', 'F:/', '0', 0, 0, '2020-10-05 09:48:52', '2020-10-05 09:48:52'),
('computer', 556, 'G:/', '', 'G:/', '0', 0, 0, '2020-10-05 09:48:52', '2020-10-05 09:48:52'),
('computer', 556, 'H:/', '', 'H:/', '0', 0, 0, '2020-10-05 09:48:52', '2020-10-05 09:48:52'),
('computer', 557, 'OS', 'OS', 'C:/', '14', 463532, 390546, '2020-10-05 09:48:52', '2020-10-05 09:48:52'),
('computer', 557, 'D:/', '', 'D:/', '0', 0, 0, '2020-10-05 09:48:52', '2020-10-05 09:48:52'),
('computer', 557, 'E:/', '', 'E:/', '0', 0, 0, '2020-10-05 09:48:52', '2020-10-05 09:48:52'),
('computer', 557, 'F:/', '', 'F:/', '0', 0, 0, '2020-10-05 09:48:52', '2020-10-05 09:48:52'),
('computer', 557, 'G:/', '', 'G:/', '0', 0, 0, '2020-10-05 09:48:52', '2020-10-05 09:48:52'),
('computer', 557, 'H:/', '', 'H:/', '0', 0, 0, '2020-10-05 09:48:52', '2020-10-05 09:48:52'),
('computer', 559, 'OS', 'OS', 'C:/', '14', 230157, 191548, '2020-10-05 09:48:52', '2020-10-05 09:48:52'),
('computer', 559, 'HP_RECOVERY', 'HP_RECOVERY', 'D:/', '14', 8110, 521, '2020-10-05 09:48:52', '2020-10-05 09:48:52'),
('computer', 559, 'E:/', '', 'E:/', '0', 0, 0, '2020-10-05 09:48:52', '2020-10-05 09:48:52'),
('computer', 561, 'OS', 'OS', 'C:/', '14', 463532, 388891, '2020-10-05 09:48:52', '2020-10-05 09:48:52'),
('computer', 561, 'D:/', '', 'D:/', '0', 0, 0, '2020-10-05 09:48:52', '2020-10-05 09:48:52'),
('computer', 561, 'E:/', '', 'E:/', '0', 0, 0, '2020-10-05 09:48:52', '2020-10-05 09:48:52'),
('computer', 561, 'F:/', '', 'F:/', '0', 0, 0, '2020-10-05 09:48:52', '2020-10-05 09:48:52'),
('computer', 561, 'G:/', '', 'G:/', '0', 0, 0, '2020-10-05 09:48:52', '2020-10-05 09:48:52'),
('computer', 561, 'H:/', '', 'H:/', '0', 0, 0, '2020-10-05 09:48:52', '2020-10-05 09:48:52'),
('computer', 562, 'OS', 'OS', 'C:/', '14', 463532, 391027, '2020-10-05 09:48:52', '2020-10-05 09:48:52'),
('computer', 562, 'D:/', '', 'D:/', '0', 0, 0, '2020-10-05 09:48:52', '2020-10-05 09:48:52'),
('computer', 562, 'E:/', '', 'E:/', '0', 0, 0, '2020-10-05 09:48:52', '2020-10-05 09:48:52'),
('computer', 562, 'F:/', '', 'F:/', '0', 0, 0, '2020-10-05 09:48:52', '2020-10-05 09:48:52'),
('computer', 562, 'G:/', '', 'G:/', '0', 0, 0, '2020-10-05 09:48:52', '2020-10-05 09:48:52'),
('computer', 562, 'H:/', '', 'H:/', '0', 0, 0, '2020-10-05 09:48:52', '2020-10-05 09:48:52'),
('computer', 565, 'OS', 'OS', 'C:/', '14', 463532, 407542, '2020-10-05 09:48:52', '2020-10-05 09:48:52'),
('computer', 565, 'D:/', '', 'D:/', '0', 0, 0, '2020-10-05 09:48:52', '2020-10-05 09:48:52'),
('computer', 565, 'E:/', '', 'E:/', '0', 0, 0, '2020-10-05 09:48:52', '2020-10-05 09:48:52'),
('computer', 565, 'F:/', '', 'F:/', '0', 0, 0, '2020-10-05 09:48:52', '2020-10-05 09:48:52'),
('computer', 565, 'G:/', '', 'G:/', '0', 0, 0, '2020-10-05 09:48:52', '2020-10-05 09:48:52'),
('computer', 565, 'H:/', '', 'H:/', '0', 0, 0, '2020-10-05 09:48:52', '2020-10-05 09:48:52'),
('computer', 566, 'OS', 'OS', 'C:/', '14', 230157, 194379, '2020-10-05 09:48:52', '2020-10-05 09:48:52'),
('computer', 566, 'HP_RECOVERY', 'HP_RECOVERY', 'D:/', '14', 8110, 884, '2020-10-05 09:48:52', '2020-10-05 09:48:52'),
('computer', 566, 'E:/', '', 'E:/', '0', 0, 0, '2020-10-05 09:48:52', '2020-10-05 09:48:52'),
('computer', 573, 'OS', 'OS', 'C:/', '14', 940126, 876528, '2020-10-05 09:48:52', '2020-10-05 09:48:52'),
('computer', 573, 'HP_RECOVERY', 'HP_RECOVERY', 'D:/', '14', 13639, 1676, '2020-10-05 09:48:52', '2020-10-05 09:48:52'),
('computer', 573, 'E:/', '', 'E:/', '0', 0, 0, '2020-10-05 09:48:52', '2020-10-05 09:48:52'),
('computer', 573, 'F:/', '', 'F:/', '0', 0, 0, '2020-10-05 09:48:52', '2020-10-05 09:48:52'),
('computer', 573, 'Q:/', '', 'Q:/', '0', 2147483647, 2147483647, '2020-10-05 09:48:52', '2020-10-05 09:48:52'),
('computer', 579, 'OS', 'OS', 'C:/', '14', 230157, 191058, '2020-10-05 09:48:52', '2020-10-05 09:48:52'),
('computer', 579, 'HP_RECOVERY', 'HP_RECOVERY', 'D:/', '14', 8110, 884, '2020-10-05 09:48:52', '2020-10-05 09:48:52'),
('computer', 579, 'E:/', '', 'E:/', '0', 0, 0, '2020-10-05 09:48:52', '2020-10-05 09:48:52'),
('computer', 601, 'OS', 'OS', 'C:/', '14', 939807, 850984, '2020-10-05 09:48:52', '2020-10-05 09:48:52'),
('computer', 601, 'HP_RECOVERY', 'HP_RECOVERY', 'D:/', '14', 13958, 1711, '2020-10-05 09:48:52', '2020-10-05 09:48:52'),
('computer', 601, 'E:/', '', 'E:/', '0', 0, 0, '2020-10-05 09:48:52', '2020-10-05 09:48:52'),
('computer', 601, 'G:/', '', 'G:/', '0', 0, 0, '2020-10-05 09:48:52', '2020-10-05 09:48:52'),
('computer', 602, 'OS', 'OS', 'C:/', '14', 939807, 862091, '2020-10-05 09:48:52', '2020-10-05 09:48:52'),
('computer', 602, 'HP_RECOVERY', 'HP_RECOVERY', 'D:/', '14', 13958, 1710, '2020-10-05 09:48:52', '2020-10-05 09:48:52'),
('computer', 602, 'E:/', '', 'E:/', '0', 0, 0, '2020-10-05 09:48:52', '2020-10-05 09:48:52'),
('computer', 602, 'H:/', '', 'H:/', '0', 0, 0, '2020-10-05 09:48:52', '2020-10-05 09:48:52'),
('computer', 604, 'OS', 'OS', 'C:/', '14', 939807, 850496, '2020-10-05 09:48:52', '2020-10-05 09:48:52'),
('computer', 604, 'HP_RECOVERY', 'HP_RECOVERY', 'D:/', '14', 13958, 1710, '2020-10-05 09:48:52', '2020-10-05 09:48:52'),
('computer', 604, 'E:/', '', 'E:/', '0', 0, 0, '2020-10-05 09:48:52', '2020-10-05 09:48:52'),
('computer', 604, 'H:/', '', 'H:/', '0', 0, 0, '2020-10-05 09:48:52', '2020-10-05 09:48:52'),
('computer', 611, 'OS', 'OS', 'C:/', '14', 939807, 856525, '2020-10-05 09:48:52', '2020-10-05 09:48:52'),
('computer', 611, 'HP_RECOVERY', 'HP_RECOVERY', 'D:/', '14', 13958, 1705, '2020-10-05 09:48:52', '2020-10-05 09:48:52'),
('computer', 611, 'E:/', '', 'E:/', '0', 0, 0, '2020-10-05 09:48:52', '2020-10-05 09:48:52'),
('computer', 611, 'G:/', '', 'G:/', '0', 0, 0, '2020-10-05 09:48:52', '2020-10-05 09:48:52'),
('computer', 612, 'OS', 'OS', 'C:/', '14', 939807, 881961, '2020-10-05 09:48:52', '2020-10-05 09:48:52'),
('computer', 612, 'HP_RECOVERY', 'HP_RECOVERY', 'D:/', '14', 13958, 1710, '2020-10-05 09:48:52', '2020-10-05 09:48:52'),
('computer', 612, 'E:/', '', 'E:/', '0', 0, 0, '2020-10-05 09:48:52', '2020-10-05 09:48:52'),
('computer', 612, 'G:/', '', 'G:/', '0', 0, 0, '2020-10-05 09:48:52', '2020-10-05 09:48:52'),
('computer', 619, 'OS', 'OS', 'C:/', '14', 939807, 864719, '2020-10-05 09:48:52', '2020-10-05 09:48:52'),
('computer', 619, 'HP_RECOVERY', 'HP_RECOVERY', 'D:/', '14', 13958, 1710, '2020-10-05 09:48:52', '2020-10-05 09:48:52'),
('computer', 619, 'E:/', '', 'E:/', '0', 0, 0, '2020-10-05 09:48:52', '2020-10-05 09:48:52'),
('computer', 619, 'G:/', '', 'G:/', '0', 0, 0, '2020-10-05 09:48:52', '2020-10-05 09:48:52'),
('computer', 620, 'OS', 'OS', 'C:/', '14', 939807, 867743, '2020-10-05 09:48:52', '2020-10-05 09:48:52'),
('computer', 620, 'HP_RECOVERY', 'HP_RECOVERY', 'D:/', '14', 13958, 1710, '2020-10-05 09:48:52', '2020-10-05 09:48:52'),
('computer', 620, 'E:/', '', 'E:/', '0', 0, 0, '2020-10-05 09:48:52', '2020-10-05 09:48:52'),
('computer', 620, 'G:/', '', 'G:/', '0', 0, 0, '2020-10-05 09:48:52', '2020-10-05 09:48:52'),
('computer', 625, 'OS', 'OS', 'C:/', '14', 943399, 882344, '2020-10-05 09:48:52', '2020-10-05 09:48:52'),
('computer', 625, 'HP_RECOVERY', 'HP_RECOVERY', 'D:/', '14', 9566, 1070, '2020-10-05 09:48:52', '2020-10-05 09:48:52'),
('computer', 625, 'E:/', '', 'E:/', '0', 0, 0, '2020-10-05 09:48:52', '2020-10-05 09:48:52'),
('computer', 625, 'F:/', '', 'F:/', '0', 0, 0, '2020-10-05 09:48:52', '2020-10-05 09:48:52'),
('computer', 628, 'OS', 'OS', 'C:/', '14', 939807, 868273, '2020-10-05 09:48:52', '2020-10-05 09:48:52'),
('computer', 628, 'HP_RECOVERY', 'HP_RECOVERY', 'D:/', '14', 13958, 1710, '2020-10-05 09:48:52', '2020-10-05 09:48:52'),
('computer', 628, 'E:/', '', 'E:/', '0', 0, 0, '2020-10-05 09:48:52', '2020-10-05 09:48:52'),
('computer', 628, 'G:/', '', 'G:/', '0', 0, 0, '2020-10-05 09:48:52', '2020-10-05 09:48:52'),
('computer', 631, 'C:/', '', 'C:/', '14', 76308, 59346, '2020-10-05 09:48:52', '2020-10-05 09:48:52'),
('computer', 631, 'D:/', '', 'D:/', '0', 0, 0, '2020-10-05 09:48:52', '2020-10-05 09:48:52'),
('computer', 642, 'C:/', '', 'C:/', '14', 76308, 61043, '2020-10-05 09:48:52', '2020-10-05 09:48:52'),
('computer', 642, 'D:/', '', 'D:/', '0', 0, 0, '2020-10-05 09:48:52', '2020-10-05 09:48:52'),
('computer', 650, 'OS', 'OS', 'C:/', '14', 939807, 875051, '2020-10-05 09:48:52', '2020-10-05 09:48:52'),
('computer', 650, 'HP_RECOVERY', 'HP_RECOVERY', 'D:/', '14', 13958, 1710, '2020-10-05 09:48:52', '2020-10-05 09:48:52'),
('computer', 650, 'E:/', '', 'E:/', '0', 0, 0, '2020-10-05 09:48:52', '2020-10-05 09:48:52'),
('computer', 650, 'G:/', '', 'G:/', '0', 0, 0, '2020-10-05 09:48:52', '2020-10-05 09:48:52'),
('computer', 651, 'OS', 'OS', 'C:/', '14', 943399, 884151, '2020-10-05 09:48:52', '2020-10-05 09:48:52'),
('computer', 651, 'HP_RECOVERY', 'HP_RECOVERY', 'D:/', '14', 9566, 1070, '2020-10-05 09:48:52', '2020-10-05 09:48:52'),
('computer', 651, 'F:/', '', 'F:/', '0', 0, 0, '2020-10-05 09:48:52', '2020-10-05 09:48:52'),
('computer', 652, 'C:/', '', 'C:/', '14', 76308, 68758, '2020-10-05 09:48:52', '2020-10-05 09:48:52'),
('computer', 652, 'D:/', '', 'D:/', '0', 0, 0, '2020-10-05 09:48:52', '2020-10-05 09:48:52'),
('computer', 655, 'C:/', '', 'C:/', '14', 76308, 20425, '2020-10-05 09:48:52', '2020-10-05 09:48:52'),
('computer', 655, 'D:/', '', 'D:/', '0', 0, 0, '2020-10-05 09:48:52', '2020-10-05 09:48:52'),
('computer', 658, 'C:/', '', 'C:/', '14', 76308, 58446, '2020-10-05 09:48:52', '2020-10-05 09:48:52'),
('computer', 658, 'D:/', '', 'D:/', '0', 0, 0, '2020-10-05 09:48:52', '2020-10-05 09:48:52'),
('computer', 663, 'C:/', '', 'C:/', '14', 76308, 61979, '2020-10-05 09:48:52', '2020-10-05 09:48:52'),
('computer', 663, 'D:/', '', 'D:/', '0', 0, 0, '2020-10-05 09:48:52', '2020-10-05 09:48:52'),
('computer', 782, 'C:/', '', 'C:/', '14', 76308, 63344, '2020-10-05 09:48:52', '2020-10-05 09:48:52'),
('computer', 782, 'D:/', '', 'D:/', '0', 0, 0, '2020-10-05 09:48:52', '2020-10-05 09:48:52'),
('computer', 783, 'C:/', '', 'C:/', '14', 76308, 57889, '2020-10-05 09:48:52', '2020-10-05 09:48:52'),
('computer', 783, 'D:/', '', 'D:/', '0', 0, 0, '2020-10-05 09:48:52', '2020-10-05 09:48:52'),
('computer', 882, 'OS', 'OS', 'C:/', '14', 463532, 400052, '2020-10-05 09:48:52', '2020-10-05 09:48:52'),
('computer', 882, 'D:/', '', 'D:/', '0', 0, 0, '2020-10-05 09:48:52', '2020-10-05 09:48:52'),
('computer', 882, 'F:/', '', 'F:/', '0', 0, 0, '2020-10-05 09:48:52', '2020-10-05 09:48:52'),
('computer', 882, 'G:/', '', 'G:/', '0', 0, 0, '2020-10-05 09:48:52', '2020-10-05 09:48:52'),
('computer', 882, 'H:/', '', 'H:/', '0', 0, 0, '2020-10-05 09:48:52', '2020-10-05 09:48:52'),
('computer', 882, 'I:/', '', 'I:/', '0', 0, 0, '2020-10-05 09:48:52', '2020-10-05 09:48:52'),
('computer', 884, 'C:/', '', 'C:/', '14', 76308, 56052, '2020-10-05 09:48:52', '2020-10-05 09:48:52'),
('computer', 884, 'D:/', '', 'D:/', '0', 0, 0, '2020-10-05 09:48:52', '2020-10-05 09:48:52'),
('computer', 884, 'E:/', '', 'E:/', '0', 0, 0, '2020-10-05 09:48:52', '2020-10-05 09:48:52'),
('computer', 905, 'OS', 'OS', 'C:/', '14', 463532, 397546, '2020-10-05 09:48:52', '2020-10-05 09:48:52'),
('computer', 905, 'D:/', '', 'D:/', '0', 0, 0, '2020-10-05 09:48:52', '2020-10-05 09:48:52'),
('computer', 905, 'E:/', '', 'E:/', '0', 0, 0, '2020-10-05 09:48:52', '2020-10-05 09:48:52'),
('computer', 905, 'F:/', '', 'F:/', '0', 0, 0, '2020-10-05 09:48:52', '2020-10-05 09:48:52'),
('computer', 905, 'G:/', '', 'G:/', '0', 0, 0, '2020-10-05 09:48:52', '2020-10-05 09:48:52'),
('computer', 905, 'H:/', '', 'H:/', '0', 0, 0, '2020-10-05 09:48:52', '2020-10-05 09:48:52'),
('computer', 905, 'I:/', '', 'I:/', '0', 0, 0, '2020-10-05 09:48:52', '2020-10-05 09:48:52'),
('computer', 908, 'OS', 'OS', 'C:/', '14', 463532, 398964, '2020-10-05 09:48:52', '2020-10-05 09:48:52'),
('computer', 908, 'D:/', '', 'D:/', '0', 0, 0, '2020-10-05 09:48:52', '2020-10-05 09:48:52'),
('computer', 908, 'E:/', '', 'E:/', '0', 0, 0, '2020-10-05 09:48:52', '2020-10-05 09:48:52'),
('computer', 908, 'F:/', '', 'F:/', '0', 0, 0, '2020-10-05 09:48:52', '2020-10-05 09:48:52'),
('computer', 908, 'G:/', '', 'G:/', '0', 0, 0, '2020-10-05 09:48:52', '2020-10-05 09:48:52'),
('computer', 908, 'H:/', '', 'H:/', '0', 0, 0, '2020-10-05 09:48:52', '2020-10-05 09:48:52'),
('computer', 910, 'OS', 'OS', 'C:/', '14', 463532, 399759, '2020-10-05 09:48:52', '2020-10-05 09:48:52'),
('computer', 910, 'D:/', '', 'D:/', '0', 0, 0, '2020-10-05 09:48:52', '2020-10-05 09:48:52'),
('computer', 910, 'E:/', '', 'E:/', '0', 0, 0, '2020-10-05 09:48:52', '2020-10-05 09:48:52'),
('computer', 910, 'F:/', '', 'F:/', '0', 0, 0, '2020-10-05 09:48:52', '2020-10-05 09:48:52'),
('computer', 910, 'G:/', '', 'G:/', '0', 0, 0, '2020-10-05 09:48:52', '2020-10-05 09:48:52'),
('computer', 910, 'H:/', '', 'H:/', '0', 0, 0, '2020-10-05 09:48:52', '2020-10-05 09:48:52'),
('computer', 913, 'OS', 'OS', 'C:/', '14', 463532, 399671, '2020-10-05 09:48:52', '2020-10-05 09:48:52'),
('computer', 913, 'D:/', '', 'D:/', '0', 0, 0, '2020-10-05 09:48:52', '2020-10-05 09:48:52'),
('computer', 913, 'E:/', '', 'E:/', '0', 0, 0, '2020-10-05 09:48:52', '2020-10-05 09:48:52'),
('computer', 913, 'F:/', '', 'F:/', '0', 0, 0, '2020-10-05 09:48:52', '2020-10-05 09:48:52'),
('computer', 913, 'G:/', '', 'G:/', '0', 0, 0, '2020-10-05 09:48:52', '2020-10-05 09:48:52'),
('computer', 913, 'H:/', '', 'H:/', '0', 0, 0, '2020-10-05 09:48:52', '2020-10-05 09:48:52'),
('computer', 915, 'OS', 'OS', 'C:/', '14', 463532, 397212, '2020-10-05 09:48:52', '2020-10-05 09:48:52'),
('computer', 915, 'D:/', '', 'D:/', '0', 0, 0, '2020-10-05 09:48:52', '2020-10-05 09:48:52'),
('computer', 915, 'E:/', '', 'E:/', '0', 0, 0, '2020-10-05 09:48:52', '2020-10-05 09:48:52'),
('computer', 915, 'F:/', '', 'F:/', '0', 0, 0, '2020-10-05 09:48:52', '2020-10-05 09:48:52'),
('computer', 915, 'G:/', '', 'G:/', '0', 0, 0, '2020-10-05 09:48:52', '2020-10-05 09:48:52'),
('computer', 915, 'H:/', '', 'H:/', '0', 0, 0, '2020-10-05 09:48:52', '2020-10-05 09:48:52'),
('computer', 920, 'OS', 'OS', 'C:/', '14', 463532, 399473, '2020-10-05 09:48:52', '2020-10-05 09:48:52'),
('computer', 920, 'D:/', '', 'D:/', '0', 0, 0, '2020-10-05 09:48:52', '2020-10-05 09:48:52'),
('computer', 920, 'F:/', '', 'F:/', '0', 0, 0, '2020-10-05 09:48:52', '2020-10-05 09:48:52'),
('computer', 920, 'G:/', '', 'G:/', '0', 0, 0, '2020-10-05 09:48:52', '2020-10-05 09:48:52'),
('computer', 920, 'H:/', '', 'H:/', '0', 0, 0, '2020-10-05 09:48:52', '2020-10-05 09:48:52'),
('computer', 920, 'I:/', '', 'I:/', '0', 0, 0, '2020-10-05 09:48:52', '2020-10-05 09:48:52'),
('computer', 921, 'OS', 'OS', 'C:/', '14', 463532, 399561, '2020-10-05 09:48:52', '2020-10-05 09:48:52'),
('computer', 921, 'D:/', '', 'D:/', '0', 0, 0, '2020-10-05 09:48:52', '2020-10-05 09:48:52'),
('computer', 921, 'E:/', '', 'E:/', '0', 0, 0, '2020-10-05 09:48:52', '2020-10-05 09:48:52'),
('computer', 921, 'F:/', '', 'F:/', '0', 0, 0, '2020-10-05 09:48:52', '2020-10-05 09:48:52'),
('computer', 921, 'G:/', '', 'G:/', '0', 0, 0, '2020-10-05 09:48:52', '2020-10-05 09:48:52'),
('computer', 921, 'H:/', '', 'H:/', '0', 0, 0, '2020-10-05 09:48:52', '2020-10-05 09:48:52'),
('computer', 922, 'OS', 'OS', 'C:/', '14', 463532, 398991, '2020-10-05 09:48:52', '2020-10-05 09:48:52'),
('computer', 922, 'E:/', '', 'E:/', '0', 0, 0, '2020-10-05 09:48:52', '2020-10-05 09:48:52'),
('computer', 922, 'F:/', '', 'F:/', '0', 0, 0, '2020-10-05 09:48:52', '2020-10-05 09:48:52'),
('computer', 922, 'G:/', '', 'G:/', '0', 0, 0, '2020-10-05 09:48:52', '2020-10-05 09:48:52'),
('computer', 922, 'H:/', '', 'H:/', '0', 0, 0, '2020-10-05 09:48:52', '2020-10-05 09:48:52'),
('computer', 924, 'OS', 'OS', 'C:/', '14', 463532, 397733, '2020-10-05 09:48:52', '2020-10-05 09:48:52'),
('computer', 924, 'D:/', '', 'D:/', '0', 0, 0, '2020-10-05 09:48:52', '2020-10-05 09:48:52'),
('computer', 924, 'E:/', '', 'E:/', '0', 0, 0, '2020-10-05 09:48:52', '2020-10-05 09:48:52'),
('computer', 924, 'F:/', '', 'F:/', '0', 0, 0, '2020-10-05 09:48:52', '2020-10-05 09:48:52'),
('computer', 924, 'G:/', '', 'G:/', '0', 0, 0, '2020-10-05 09:48:52', '2020-10-05 09:48:52'),
('computer', 924, 'H:/', '', 'H:/', '0', 0, 0, '2020-10-05 09:48:52', '2020-10-05 09:48:52'),
('computer', 926, 'OS', 'OS', 'C:/', '14', 463532, 395063, '2020-10-05 09:48:52', '2020-10-05 09:48:52'),
('computer', 926, 'D:/', '', 'D:/', '0', 0, 0, '2020-10-05 09:48:52', '2020-10-05 09:48:52'),
('computer', 926, 'E:/', '', 'E:/', '0', 0, 0, '2020-10-05 09:48:52', '2020-10-05 09:48:52'),
('computer', 926, 'F:/', '', 'F:/', '0', 0, 0, '2020-10-05 09:48:52', '2020-10-05 09:48:52'),
('computer', 926, 'G:/', '', 'G:/', '0', 0, 0, '2020-10-05 09:48:52', '2020-10-05 09:48:52'),
('computer', 926, 'H:/', '', 'H:/', '0', 0, 0, '2020-10-05 09:48:52', '2020-10-05 09:48:52'),
('computer', 934, 'OS', 'OS', 'C:/', '14', 463532, 398499, '2020-10-05 09:48:52', '2020-10-05 09:48:52'),
('computer', 934, 'D:/', '', 'D:/', '0', 0, 0, '2020-10-05 09:48:52', '2020-10-05 09:48:52'),
('computer', 934, 'E:/', '', 'E:/', '0', 0, 0, '2020-10-05 09:48:52', '2020-10-05 09:48:52'),
('computer', 934, 'F:/', '', 'F:/', '0', 0, 0, '2020-10-05 09:48:52', '2020-10-05 09:48:52'),
('computer', 934, 'G:/', '', 'G:/', '0', 0, 0, '2020-10-05 09:48:52', '2020-10-05 09:48:52'),
('computer', 934, 'H:/', '', 'H:/', '0', 0, 0, '2020-10-05 09:48:52', '2020-10-05 09:48:52'),
('computer', 939, 'OS', 'OS', 'C:/', '14', 463532, 389007, '2020-10-05 09:48:52', '2020-10-05 09:48:52'),
('computer', 939, 'D:/', '', 'D:/', '0', 0, 0, '2020-10-05 09:48:52', '2020-10-05 09:48:52'),
('computer', 939, 'E:/', '', 'E:/', '0', 0, 0, '2020-10-05 09:48:52', '2020-10-05 09:48:52'),
('computer', 939, 'F:/', '', 'F:/', '0', 0, 0, '2020-10-05 09:48:52', '2020-10-05 09:48:52'),
('computer', 939, 'G:/', '', 'G:/', '0', 0, 0, '2020-10-05 09:48:52', '2020-10-05 09:48:52'),
('computer', 939, 'H:/', '', 'H:/', '0', 0, 0, '2020-10-05 09:48:52', '2020-10-05 09:48:52'),
('computer', 951, 'C:/', '', 'C:/', '14', 76308, 59502, '2020-10-05 09:48:52', '2020-10-05 09:48:52'),
('computer', 951, 'D:/', '', 'D:/', '0', 0, 0, '2020-10-05 09:48:52', '2020-10-05 09:48:52'),
('computer', 951, 'E:/', '', 'E:/', '0', 0, 0, '2020-10-05 09:48:52', '2020-10-05 09:48:52'),
('computer', 961, 'OS', 'OS', 'C:/', '14', 236424, 194117, '2020-10-05 09:48:52', '2020-10-05 09:48:52'),
('computer', 961, 'E:/', '', 'E:/', '0', 0, 0, '2020-10-05 09:48:52', '2020-10-05 09:48:52'),
('computer', 966, 'C:/', '', 'C:/', '14', 76308, 53109, '2020-10-05 09:48:52', '2020-10-05 09:48:52'),
('computer', 966, 'D:/', '', 'D:/', '0', 0, 0, '2020-10-05 09:48:52', '2020-10-05 09:48:52'),
('computer', 971, 'OS', 'OS', 'C:/', '14', 237679, 188462, '2020-10-05 09:48:52', '2020-10-05 09:48:52'),
('computer', 971, 'D:/', '', 'D:/', '0', 0, 0, '2020-10-05 09:48:52', '2020-10-05 09:48:52'),
('computer', 971, 'E:/', '', 'E:/', '0', 0, 0, '2020-10-05 09:48:52', '2020-10-05 09:48:52'),
('computer', 971, 'F:/', '', 'F:/', '0', 0, 0, '2020-10-05 09:48:52', '2020-10-05 09:48:52'),
('computer', 973, 'OS', 'OS', 'C:/', '14', 229688, 194881, '2020-10-05 09:48:52', '2020-10-05 09:48:52'),
('computer', 973, 'HP_RECOVERY', 'HP_RECOVERY', 'D:/', '14', 8683, 1020, '2020-10-05 09:48:52', '2020-10-05 09:48:52'),
('computer', 973, 'E:/', '', 'E:/', '0', 0, 0, '2020-10-05 09:48:52', '2020-10-05 09:48:52'),
('computer', 973, '//se3/admin', '//se3/admin', 'K:/', '14', 0, 0, '2020-10-05 09:48:52', '2020-10-05 09:48:52'),
('computer', 973, '//se3/Classes', '//se3/Classes', 'U:/', '14', 0, 0, '2020-10-05 09:48:52', '2020-10-05 09:48:52'),
('computer', 973, '//se3/Docs', '//se3/Docs', 'V:/', '14', 0, 0, '2020-10-05 09:48:52', '2020-10-05 09:48:52'),
('computer', 973, '//se3/Progs', '//se3/Progs', 'W:/', '14', 0, 0, '2020-10-05 09:48:52', '2020-10-05 09:48:52'),
('computer', 973, '//se3/admhomes', '//se3/admhomes', 'X:/', '14', 0, 0, '2020-10-05 09:48:52', '2020-10-05 09:48:52'),
('computer', 973, '//se3/admse3', '//se3/admse3', 'Y:/', '14', 0, 0, '2020-10-05 09:48:52', '2020-10-05 09:48:52'),
('computer', 975, 'OS', 'OS', 'C:/', '14', 463532, 396935, '2020-10-05 09:48:52', '2020-10-05 09:48:52'),
('computer', 975, 'D:/', '', 'D:/', '0', 0, 0, '2020-10-05 09:48:52', '2020-10-05 09:48:52'),
('computer', 975, 'E:/', '', 'E:/', '0', 0, 0, '2020-10-05 09:48:52', '2020-10-05 09:48:52'),
('computer', 975, 'F:/', '', 'F:/', '0', 0, 0, '2020-10-05 09:48:52', '2020-10-05 09:48:52'),
('computer', 975, 'G:/', '', 'G:/', '0', 0, 0, '2020-10-05 09:48:52', '2020-10-05 09:48:52'),
('computer', 975, 'H:/', '', 'H:/', '0', 0, 0, '2020-10-05 09:48:52', '2020-10-05 09:48:52'),
('computer', 980, 'OS', 'OS', 'C:/', '14', 229688, 192853, '2020-10-05 09:48:52', '2020-10-05 09:48:52'),
('computer', 980, 'HP_RECOVERY', 'HP_RECOVERY', 'D:/', '14', 8683, 1020, '2020-10-05 09:48:52', '2020-10-05 09:48:52'),
('computer', 980, 'E:/', '', 'E:/', '0', 0, 0, '2020-10-05 09:48:52', '2020-10-05 09:48:52'),
('computer', 989, 'OS', 'OS', 'C:/', '14', 463532, 395772, '2020-10-05 09:48:52', '2020-10-05 09:48:52'),
('computer', 989, 'D:/', '', 'D:/', '0', 0, 0, '2020-10-05 09:48:52', '2020-10-05 09:48:52'),
('computer', 989, 'E:/', '', 'E:/', '0', 0, 0, '2020-10-05 09:48:52', '2020-10-05 09:48:52'),
('computer', 989, 'F:/', '', 'F:/', '0', 0, 0, '2020-10-05 09:48:52', '2020-10-05 09:48:52'),
('computer', 989, 'G:/', '', 'G:/', '0', 0, 0, '2020-10-05 09:48:52', '2020-10-05 09:48:52'),
('computer', 989, 'H:/', '', 'H:/', '0', 0, 0, '2020-10-05 09:48:52', '2020-10-05 09:48:52'),
('computer', 989, 'J:/', '', 'J:/', '0', 0, 0, '2020-10-05 09:48:52', '2020-10-05 09:48:52'),
('computer', 990, 'C:/', '', 'C:/', '14', 76308, 50762, '2020-10-05 09:48:52', '2020-10-05 09:48:52'),
('computer', 990, 'D:/', '', 'D:/', '0', 0, 0, '2020-10-05 09:48:52', '2020-10-05 09:48:52'),
('computer', 992, 'OS', 'OS', 'C:/', '14', 463532, 394121, '2020-10-05 09:48:52', '2020-10-05 09:48:52'),
('computer', 992, 'D:/', '', 'D:/', '0', 0, 0, '2020-10-05 09:48:52', '2020-10-05 09:48:52'),
('computer', 992, 'E:/', '', 'E:/', '0', 0, 0, '2020-10-05 09:48:52', '2020-10-05 09:48:52'),
('computer', 992, 'F:/', '', 'F:/', '0', 0, 0, '2020-10-05 09:48:52', '2020-10-05 09:48:52'),
('computer', 992, 'G:/', '', 'G:/', '0', 0, 0, '2020-10-05 09:48:52', '2020-10-05 09:48:52'),
('computer', 992, 'H:/', '', 'H:/', '0', 0, 0, '2020-10-05 09:48:52', '2020-10-05 09:48:52'),
('computer', 995, 'OS', 'OS', 'C:/', '14', 229688, 192057, '2020-10-05 09:48:52', '2020-10-05 09:48:52'),
('computer', 995, 'HP_RECOVERY', 'HP_RECOVERY', 'D:/', '14', 8683, 1060, '2020-10-05 09:48:52', '2020-10-05 09:48:52'),
('computer', 995, 'E:/', '', 'E:/', '0', 0, 0, '2020-10-05 09:48:52', '2020-10-05 09:48:52'),
('computer', 998, 'C:/', '', 'C:/', '14', 152617, 136655, '2020-10-05 09:48:52', '2020-10-05 09:48:52'),
('computer', 998, 'D:/', '', 'D:/', '0', 0, 0, '2020-10-05 09:48:52', '2020-10-05 09:48:52'),
('computer', 999, 'OS', 'OS', 'C:/', '14', 463532, 398632, '2020-10-05 09:48:52', '2020-10-05 09:48:52'),
('computer', 999, 'D:/', '', 'D:/', '0', 0, 0, '2020-10-05 09:48:52', '2020-10-05 09:48:52'),
('computer', 999, 'F:/', '', 'F:/', '0', 0, 0, '2020-10-05 09:48:52', '2020-10-05 09:48:52'),
('computer', 999, 'G:/', '', 'G:/', '0', 0, 0, '2020-10-05 09:48:52', '2020-10-05 09:48:52'),
('computer', 999, 'H:/', '', 'H:/', '0', 0, 0, '2020-10-05 09:48:52', '2020-10-05 09:48:52'),
('computer', 999, 'I:/', '', 'I:/', '0', 0, 0, '2020-10-05 09:48:52', '2020-10-05 09:48:52'),
('computer', 1000, 'OS', 'OS', 'C:/', '14', 463532, 399233, '2020-10-05 09:48:52', '2020-10-05 09:48:52'),
('computer', 1000, 'D:/', '', 'D:/', '0', 0, 0, '2020-10-05 09:48:52', '2020-10-05 09:48:52'),
('computer', 1000, 'E:/', '', 'E:/', '0', 0, 0, '2020-10-05 09:48:52', '2020-10-05 09:48:52'),
('computer', 1000, 'F:/', '', 'F:/', '0', 0, 0, '2020-10-05 09:48:52', '2020-10-05 09:48:52'),
('computer', 1000, 'G:/', '', 'G:/', '0', 0, 0, '2020-10-05 09:48:52', '2020-10-05 09:48:52'),
('computer', 1000, 'H:/', '', 'H:/', '0', 0, 0, '2020-10-05 09:48:52', '2020-10-05 09:48:52'),
('computer', 1028, 'OS', 'OS', 'C:/', '14', 232003, 201043, '2020-10-05 09:48:52', '2020-10-05 09:48:52'),
('computer', 1028, 'HP_RECOVERY', 'HP_RECOVERY', 'D:/', '14', 6368, 942, '2020-10-05 09:48:52', '2020-10-05 09:48:52'),
('computer', 1028, 'E:/', '', 'E:/', '0', 0, 0, '2020-10-05 09:48:52', '2020-10-05 09:48:52'),
('computer', 1030, 'OS', 'OS', 'C:/', '14', 232003, 200144, '2020-10-05 09:48:52', '2020-10-05 09:48:52'),
('computer', 1030, 'HP_RECOVERY', 'HP_RECOVERY', 'D:/', '14', 6368, 942, '2020-10-05 09:48:52', '2020-10-05 09:48:52'),
('computer', 1030, 'E:/', '', 'E:/', '0', 0, 0, '2020-10-05 09:48:52', '2020-10-05 09:48:52'),
('computer', 1031, 'OS', 'OS', 'C:/', '14', 232003, 201937, '2020-10-05 09:48:52', '2020-10-05 09:48:52'),
('computer', 1031, 'HP_RECOVERY', 'HP_RECOVERY', 'D:/', '14', 6368, 942, '2020-10-05 09:48:52', '2020-10-05 09:48:52'),
('computer', 1031, 'E:/', '', 'E:/', '0', 0, 0, '2020-10-05 09:48:52', '2020-10-05 09:48:52'),
('computer', 1032, 'OS', 'OS', 'C:/', '14', 232003, 201228, '2020-10-05 09:48:52', '2020-10-05 09:48:52'),
('computer', 1032, 'HP_RECOVERY', 'HP_RECOVERY', 'D:/', '14', 6368, 942, '2020-10-05 09:48:52', '2020-10-05 09:48:52'),
('computer', 1032, 'E:/', '', 'E:/', '0', 0, 0, '2020-10-05 09:48:52', '2020-10-05 09:48:52'),
('computer', 1033, 'OS', 'OS', 'C:/', '14', 232003, 203820, '2020-10-05 09:48:52', '2020-10-05 09:48:52'),
('computer', 1033, 'HP_RECOVERY', 'HP_RECOVERY', 'D:/', '14', 6368, 942, '2020-10-05 09:48:52', '2020-10-05 09:48:52'),
('computer', 1033, 'E:/', '', 'E:/', '0', 0, 0, '2020-10-05 09:48:52', '2020-10-05 09:48:52'),
('computer', 1034, 'OS', 'OS', 'C:/', '14', 232003, 201720, '2020-10-05 09:48:52', '2020-10-05 09:48:52'),
('computer', 1034, 'HP_RECOVERY', 'HP_RECOVERY', 'D:/', '14', 6368, 942, '2020-10-05 09:48:52', '2020-10-05 09:48:52'),
('computer', 1034, 'E:/', '', 'E:/', '0', 0, 0, '2020-10-05 09:48:52', '2020-10-05 09:48:52'),
('computer', 1035, 'OS', 'OS', 'C:/', '14', 232003, 200193, '2020-10-05 09:48:52', '2020-10-05 09:48:52'),
('computer', 1035, 'HP_RECOVERY', 'HP_RECOVERY', 'D:/', '14', 6368, 942, '2020-10-05 09:48:52', '2020-10-05 09:48:52'),
('computer', 1035, 'E:/', '', 'E:/', '0', 0, 0, '2020-10-05 09:48:52', '2020-10-05 09:48:52'),
('computer', 1036, 'OS', 'OS', 'C:/', '14', 232003, 201901, '2020-10-05 09:48:52', '2020-10-05 09:48:52'),
('computer', 1036, 'HP_RECOVERY', 'HP_RECOVERY', 'D:/', '14', 6368, 942, '2020-10-05 09:48:52', '2020-10-05 09:48:52'),
('computer', 1036, 'E:/', '', 'E:/', '0', 0, 0, '2020-10-05 09:48:52', '2020-10-05 09:48:52'),
('computer', 1037, 'OS', 'OS', 'C:/', '14', 232003, 197970, '2020-10-05 09:48:52', '2020-10-05 09:48:52'),
('computer', 1037, 'HP_RECOVERY', 'HP_RECOVERY', 'D:/', '14', 6368, 942, '2020-10-05 09:48:52', '2020-10-05 09:48:52'),
('computer', 1037, 'E:/', '', 'E:/', '0', 0, 0, '2020-10-05 09:48:52', '2020-10-05 09:48:52'),
('computer', 1038, 'OS', 'OS', 'C:/', '14', 232003, 202396, '2020-10-05 09:48:52', '2020-10-05 09:48:52'),
('computer', 1038, 'HP_RECOVERY', 'HP_RECOVERY', 'D:/', '14', 6368, 942, '2020-10-05 09:48:52', '2020-10-05 09:48:52'),
('computer', 1038, 'E:/', '', 'E:/', '0', 0, 0, '2020-10-05 09:48:52', '2020-10-05 09:48:52'),
('computer', 1067, 'OS', 'OS', 'C:/', '14', 232003, 202807, '2020-10-05 09:48:52', '2020-10-05 09:48:52'),
('computer', 1067, 'HP_RECOVERY', 'HP_RECOVERY', 'D:/', '14', 6368, 942, '2020-10-05 09:48:52', '2020-10-05 09:48:52'),
('computer', 1067, 'E:/', '', 'E:/', '0', 0, 0, '2020-10-05 09:48:52', '2020-10-05 09:48:52'),
('computer', 1068, 'OS', 'OS', 'C:/', '14', 232003, 202100, '2020-10-05 09:48:52', '2020-10-05 09:48:52'),
('computer', 1068, 'HP_RECOVERY', 'HP_RECOVERY', 'D:/', '14', 6368, 942, '2020-10-05 09:48:52', '2020-10-05 09:48:52'),
('computer', 1068, 'E:/', '', 'E:/', '0', 0, 0, '2020-10-05 09:48:52', '2020-10-05 09:48:52'),
('computer', 1070, 'OS', 'OS', 'C:/', '14', 232003, 202843, '2020-10-05 09:48:52', '2020-10-05 09:48:52'),
('computer', 1070, 'HP_RECOVERY', 'HP_RECOVERY', 'D:/', '14', 6368, 942, '2020-10-05 09:48:52', '2020-10-05 09:48:52'),
('computer', 1070, 'E:/', '', 'E:/', '0', 0, 0, '2020-10-05 09:48:52', '2020-10-05 09:48:52'),
('computer', 1071, 'OS', 'OS', 'C:/', '14', 232003, 202902, '2020-10-05 09:48:52', '2020-10-05 09:48:52'),
('computer', 1071, 'HP_RECOVERY', 'HP_RECOVERY', 'D:/', '14', 6368, 942, '2020-10-05 09:48:52', '2020-10-05 09:48:52'),
('computer', 1071, 'E:/', '', 'E:/', '0', 0, 0, '2020-10-05 09:48:52', '2020-10-05 09:48:52'),
('computer', 1072, 'OS', 'OS', 'C:/', '14', 232003, 202266, '2020-10-05 09:48:52', '2020-10-05 09:48:52'),
('computer', 1072, 'HP_RECOVERY', 'HP_RECOVERY', 'D:/', '14', 6368, 942, '2020-10-05 09:48:52', '2020-10-05 09:48:52'),
('computer', 1072, 'E:/', '', 'E:/', '0', 0, 0, '2020-10-05 09:48:52', '2020-10-05 09:48:52'),
('computer', 1073, 'OS', 'OS', 'C:/', '14', 232003, 202701, '2020-10-05 09:48:52', '2020-10-05 09:48:52'),
('computer', 1073, 'HP_RECOVERY', 'HP_RECOVERY', 'D:/', '14', 6368, 942, '2020-10-05 09:48:52', '2020-10-05 09:48:52'),
('computer', 1073, 'E:/', '', 'E:/', '0', 0, 0, '2020-10-05 09:48:52', '2020-10-05 09:48:52'),
('computer', 1074, 'OS', 'OS', 'C:/', '14', 232003, 201639, '2020-10-05 09:48:52', '2020-10-05 09:48:52'),
('computer', 1074, 'HP_RECOVERY', 'HP_RECOVERY', 'D:/', '14', 6368, 942, '2020-10-05 09:48:52', '2020-10-05 09:48:52'),
('computer', 1074, 'E:/', '', 'E:/', '0', 0, 0, '2020-10-05 09:48:52', '2020-10-05 09:48:52'),
('computer', 1075, 'OS', 'OS', 'C:/', '14', 232003, 202186, '2020-10-05 09:48:52', '2020-10-05 09:48:52'),
('computer', 1075, 'HP_RECOVERY', 'HP_RECOVERY', 'D:/', '14', 6368, 942, '2020-10-05 09:48:52', '2020-10-05 09:48:52'),
('computer', 1075, 'E:/', '', 'E:/', '0', 0, 0, '2020-10-05 09:48:52', '2020-10-05 09:48:52'),
('computer', 1076, 'OS', 'OS', 'C:/', '14', 232003, 201877, '2020-10-05 09:48:52', '2020-10-05 09:48:52'),
('computer', 1076, 'HP_RECOVERY', 'HP_RECOVERY', 'D:/', '14', 6368, 942, '2020-10-05 09:48:52', '2020-10-05 09:48:52'),
('computer', 1076, 'E:/', '', 'E:/', '0', 0, 0, '2020-10-05 09:48:52', '2020-10-05 09:48:52'),
('computer', 1077, 'OS', 'OS', 'C:/', '14', 232003, 202302, '2020-10-05 09:48:52', '2020-10-05 09:48:52'),
('computer', 1077, 'HP_RECOVERY', 'HP_RECOVERY', 'D:/', '14', 6368, 942, '2020-10-05 09:48:52', '2020-10-05 09:48:52'),
('computer', 1077, 'E:/', '', 'E:/', '0', 0, 0, '2020-10-05 09:48:52', '2020-10-05 09:48:52'),
('computer', 1078, 'OS', 'OS', 'C:/', '14', 232003, 201685, '2020-10-05 09:48:52', '2020-10-05 09:48:52'),
('computer', 1078, 'HP_RECOVERY', 'HP_RECOVERY', 'D:/', '14', 6368, 942, '2020-10-05 09:48:52', '2020-10-05 09:48:52'),
('computer', 1078, 'E:/', '', 'E:/', '0', 0, 0, '2020-10-05 09:48:52', '2020-10-05 09:48:52'),
('computer', 1079, 'OS', 'OS', 'C:/', '14', 232003, 201238, '2020-10-05 09:48:52', '2020-10-05 09:48:52'),
('computer', 1079, 'HP_RECOVERY', 'HP_RECOVERY', 'D:/', '14', 6368, 942, '2020-10-05 09:48:52', '2020-10-05 09:48:52'),
('computer', 1079, 'E:/', '', 'E:/', '0', 0, 0, '2020-10-05 09:48:52', '2020-10-05 09:48:52'),
('computer', 1080, 'OS', 'OS', 'C:/', '14', 232003, 202473, '2020-10-05 09:48:52', '2020-10-05 09:48:52'),
('computer', 1080, 'HP_RECOVERY', 'HP_RECOVERY', 'D:/', '14', 6368, 942, '2020-10-05 09:48:52', '2020-10-05 09:48:52'),
('computer', 1080, 'E:/', '', 'E:/', '0', 0, 0, '2020-10-05 09:48:52', '2020-10-05 09:48:52'),
('computer', 1081, 'OS', 'OS', 'C:/', '14', 232003, 201575, '2020-10-05 09:48:52', '2020-10-05 09:48:52'),
('computer', 1081, 'HP_RECOVERY', 'HP_RECOVERY', 'D:/', '14', 6368, 942, '2020-10-05 09:48:52', '2020-10-05 09:48:52'),
('computer', 1081, 'E:/', '', 'E:/', '0', 0, 0, '2020-10-05 09:48:52', '2020-10-05 09:48:52'),
('computer', 1083, 'OS', 'OS', 'C:/', '14', 232003, 205778, '2020-10-05 09:48:52', '2020-10-05 09:48:52'),
('computer', 1083, 'HP_RECOVERY', 'HP_RECOVERY', 'D:/', '14', 6368, 936, '2020-10-05 09:48:52', '2020-10-05 09:48:52'),
('computer', 1083, 'E:/', '', 'E:/', '0', 0, 0, '2020-10-05 09:48:52', '2020-10-05 09:48:52'),
('computer', 1085, 'OS', 'OS', 'C:/', '14', 232003, 202157, '2020-10-05 09:48:52', '2020-10-05 09:48:52'),
('computer', 1085, 'HP_RECOVERY', 'HP_RECOVERY', 'D:/', '14', 6368, 942, '2020-10-05 09:48:52', '2020-10-05 09:48:52'),
('computer', 1085, 'E:/', '', 'E:/', '0', 0, 0, '2020-10-05 09:48:52', '2020-10-05 09:48:52'),
('computer', 1087, 'OS', 'OS', 'C:/', '14', 232003, 202848, '2020-10-05 09:48:52', '2020-10-05 09:48:52'),
('computer', 1087, 'HP_RECOVERY', 'HP_RECOVERY', 'D:/', '14', 6368, 942, '2020-10-05 09:48:52', '2020-10-05 09:48:52'),
('computer', 1087, 'E:/', '', 'E:/', '0', 0, 0, '2020-10-05 09:48:52', '2020-10-05 09:48:52'),
('computer', 1088, 'C:/', '', 'C:/', '14', 76308, 62493, '2020-10-05 09:48:52', '2020-10-05 09:48:52'),
('computer', 1088, 'D:/', '', 'D:/', '0', 0, 0, '2020-10-05 09:48:52', '2020-10-05 09:48:52'),
('computer', 1089, 'OS', 'OS', 'C:/', '14', 232003, 203721, '2020-10-05 09:48:52', '2020-10-05 09:48:52'),
('computer', 1089, 'HP_RECOVERY', 'HP_RECOVERY', 'D:/', '14', 6368, 942, '2020-10-05 09:48:52', '2020-10-05 09:48:52'),
('computer', 1089, 'E:/', '', 'E:/', '0', 0, 0, '2020-10-05 09:48:52', '2020-10-05 09:48:52'),
('computer', 1090, 'OS', 'OS', 'C:/', '14', 232003, 203403, '2020-10-05 09:48:52', '2020-10-05 09:48:52'),
('computer', 1090, 'HP_RECOVERY', 'HP_RECOVERY', 'D:/', '14', 6368, 942, '2020-10-05 09:48:52', '2020-10-05 09:48:52'),
('computer', 1090, 'E:/', '', 'E:/', '0', 0, 0, '2020-10-05 09:48:52', '2020-10-05 09:48:52'),
('computer', 1091, 'OS', 'OS', 'C:/', '14', 232003, 201300, '2020-10-05 09:48:52', '2020-10-05 09:48:52'),
('computer', 1091, 'HP_RECOVERY', 'HP_RECOVERY', 'D:/', '14', 6368, 942, '2020-10-05 09:48:52', '2020-10-05 09:48:52'),
('computer', 1091, 'E:/', '', 'E:/', '0', 0, 0, '2020-10-05 09:48:52', '2020-10-05 09:48:52'),
('computer', 1093, 'C:/', '', 'C:/', '14', 76308, 46730, '2020-10-05 09:48:52', '2020-10-05 09:48:52'),
('computer', 1093, 'D:/', '', 'D:/', '0', 0, 0, '2020-10-05 09:48:52', '2020-10-05 09:48:52'),
('computer', 1094, '/dev/simfs', '/dev/simfs', '', '0', 4096, 3102, '2020-10-05 09:48:52', '2020-10-05 09:48:52'),
('computer', 1095, '/dev/simfs', '/dev/simfs', '', '0', 10240, 8414, '2020-10-05 09:48:52', '2020-10-05 09:48:52'),
('computer', 1096, '/dev/simfs', '/dev/simfs', '', '0', 4096, 3500, '2020-10-05 09:48:52', '2020-10-05 09:48:52'),
('computer', 1097, '/dev/simfs', '/dev/simfs', '', '0', 10240, 8982, '2020-10-05 09:48:52', '2020-10-05 09:48:52'),
('computer', 1098, '/dev/simfs', '/dev/simfs', '', '0', 20480, 18724, '2020-10-05 09:48:52', '2020-10-05 09:48:52'),
('computer', 1099, '/dev/simfs', '/dev/simfs', '', '0', 20480, 19216, '2020-10-05 09:48:52', '2020-10-05 09:48:52');


INSERT INTO `glpi_devicememorytypes` (`name`) VALUES ("Flash"), ("DDR2"), ('Unknown');

INSERT INTO `glpi_devicememories` (`designation`, `frequence`, `devicememorytypes_id`, `date_mod`, `date_creation`) VALUES
('DIMM1 (No ECC)', '1333', 7, '2020-10-05 12:22:36', '2020-10-05 12:22:36'),
('XMM4 (No ECC)', '800', 7, '2020-10-05 12:22:36', '2020-10-05 12:22:36'),
('SYSTEM ROM (No ECC)', '', 5, '2020-10-05 12:22:36', '2020-10-05 12:22:36'),
('XMM4 (No ECC)', '667', 7, '2020-10-05 12:22:36', '2020-10-05 12:22:36'),
('ChannelA-DIMM0 (No ECC)', '1333', 7, '2020-10-05 12:22:36', '2020-10-05 12:22:36'),
('ChannelB-DIMM0 (No ECC)', '1333', 7, '2020-10-05 12:22:36', '2020-10-05 12:22:36'),
('XMM1 (No ECC)', '533', 7, '2020-10-05 12:22:36', '2020-10-05 12:22:36'),
('XMM3 (No ECC)', '533', 7, '2020-10-05 12:22:36', '2020-10-05 12:22:36'),
('XMM4 (No ECC)', '1333', 7, '2020-10-05 12:22:36', '2020-10-05 12:22:36'),
('XMM1 (No ECC)', '667', 7, '2020-10-05 12:22:36', '2020-10-05 12:22:36'),
('XMM3 (No ECC)', '667', 7, '2020-10-05 12:22:36', '2020-10-05 12:22:36'),
('XMM3 (No ECC)', '1333', 7, '2020-10-05 12:22:36', '2020-10-05 12:22:36'),
('SYSTEM ROM', '', 5, '2020-10-05 12:22:36', '2020-10-05 12:22:36'),
('XMM4', '', 7, '2020-10-05 12:22:36', '2020-10-05 12:22:36'),
('XMM3', '', 7, '2020-10-05 12:22:36', '2020-10-05 12:22:36'),
('XMM3', '', 6, '2020-10-05 12:22:36', '2020-10-05 12:22:36'),
('XMM1', '', 6, '2020-10-05 12:22:36', '2020-10-05 12:22:36'),
('XMM2 (No ECC)', '667', 7, '2020-10-05 12:22:36', '2020-10-05 12:22:36'),
('DIMM0 (No ECC)', '', 7, '2020-10-05 12:22:36', '2020-10-05 12:22:36'),
('DIMM3 (No ECC)', '1600', 7, '2020-10-05 12:22:36', '2020-10-05 12:22:36'),
('DIMM1 (No ECC)', '1600', 7, '2020-10-05 12:22:36', '2020-10-05 12:22:36'),
('DIMM0 (No ECC)', '1333', 7, '2020-10-05 12:22:36', '2020-10-05 12:22:36'),
('XMM4 (No ECC)', '533', 7, '2020-10-05 12:22:36', '2020-10-05 12:22:36');


TRUNCATE glpi_items_devicememories;
INSERT INTO `glpi_items_devicememories` (`items_id`, `itemtype`, `devicememories_id`, `size`, `BusID`) VALUES
(2, 'computer', 1, '2048', 1),
(4, 'computer', 1, '2048', 1),
(5, 'computer', 1, '2048', 1),
(6, 'computer', 1, '2048', 1),
(7, 'computer', 1, '2048', 1),
(8, 'computer', 1, '2048', 1),
(9, 'computer', 1, '2048', 1),
(10, 'computer', 1, '2048', 1),
(11, 'computer', 1, '2048', 1),
(12, 'computer', 1, '2048', 1),
(17, 'computer', 1, '2048', 1),
(18, 'computer', 2, '1024', 1),
(18, 'computer', 3, '1', 2),
(19, 'computer', 4, '1024', 1),
(19, 'computer', 3, '1', 2),
(20, 'computer', 1, '2048', 1),
(24, 'computer', 4, '1024', 1),
(24, 'computer', 3, '1', 2),
(25, 'computer', 4, '1024', 1),
(25, 'computer', 3, '1', 2),
(26, 'computer', 4, '1024', 1),
(26, 'computer', 3, '1', 2),
(29, 'computer', 4, '1024', 1),
(29, 'computer', 3, '1', 2),
(31, 'computer', 4, '1024', 1),
(31, 'computer', 3, '1', 2),
(32, 'computer', 5, '2048', 1),
(32, 'computer', 6, '2048', 2),
(35, 'computer', 5, '2048', 1),
(35, 'computer', 6, '2048', 2),
(37, 'computer', 5, '2048', 1),
(37, 'computer', 6, '2048', 2),
(38, 'computer', 5, '2048', 1),
(38, 'computer', 6, '2048', 2),
(39, 'computer', 5, '2048', 1),
(39, 'computer', 6, '2048', 2),
(40, 'computer', 5, '2048', 1),
(40, 'computer', 6, '2048', 2),
(42, 'computer', 5, '2048', 1),
(42, 'computer', 6, '2048', 2),
(43, 'computer', 2, '1024', 1),
(43, 'computer', 3, '1', 2),
(44, 'computer', 5, '2048', 1),
(44, 'computer', 6, '2048', 2),
(46, 'computer', 2, '1024', 1),
(46, 'computer', 3, '1', 2),
(47, 'computer', 2, '1024', 1),
(47, 'computer', 3, '1', 2),
(52, 'computer', 4, '1024', 1),
(52, 'computer', 3, '1', 2),
(53, 'computer', 4, '1024', 1),
(53, 'computer', 3, '1', 2),
(54, 'computer', 2, '1024', 1),
(54, 'computer', 3, '1', 2),
(60, 'computer', 4, '1024', 1),
(60, 'computer', 3, '1', 2),
(64, 'computer', 2, '1024', 1),
(64, 'computer', 3, '1', 2),
(67, 'computer', 4, '1024', 1),
(67, 'computer', 3, '1', 2),
(71, 'computer', 4, '1024', 1),
(71, 'computer', 3, '1', 2),
(73, 'computer', 4, '1024', 1),
(73, 'computer', 3, '1', 2),
(74, 'computer', 2, '1024', 1),
(74, 'computer', 3, '1', 2),
(75, 'computer', 2, '1024', 1),
(75, 'computer', 3, '1', 2),
(77, 'computer', 5, '2048', 1),
(77, 'computer', 6, '2048', 2),
(79, 'computer', 2, '1024', 1),
(79, 'computer', 3, '1', 2),
(83, 'computer', 2, '1024', 1),
(83, 'computer', 3, '1', 2),
(84, 'computer', 2, '1024', 1),
(84, 'computer', 3, '1', 2),
(88, 'computer', 2, '1024', 1),
(88, 'computer', 3, '1', 2),
(89, 'computer', 2, '1024', 1),
(89, 'computer', 3, '1', 2),
(91, 'computer', 7, '256', 1),
(91, 'computer', 8, '256', 2),
(91, 'computer', 3, '1', 3),
(93, 'computer', 2, '1024', 1),
(93, 'computer', 3, '1', 2),
(94, 'computer', 4, '1024', 1),
(94, 'computer', 3, '1', 2),
(95, 'computer', 2, '1024', 1),
(95, 'computer', 3, '1', 2),
(96, 'computer', 7, '256', 1),
(96, 'computer', 8, '256', 2),
(96, 'computer', 3, '1', 3),
(98, 'computer', 1, '2048', 1),
(100, 'computer', 9, '1024', 1),
(100, 'computer', 3, '4', 2),
(101, 'computer', 10, '512', 1),
(101, 'computer', 11, '512', 2),
(101, 'computer', 3, '1', 3),
(102, 'computer', 9, '2048', 1),
(102, 'computer', 3, '1', 2),
(103, 'computer', 12, '2048', 1),
(103, 'computer', 9, '1024', 2),
(103, 'computer', 3, '4', 3),
(104, 'computer', 12, '2048', 1),
(104, 'computer', 9, '1024', 2),
(104, 'computer', 3, '4', 3),
(105, 'computer', 9, '1024', 1),
(105, 'computer', 3, '4', 2),
(106, 'computer', 12, '2048', 1),
(106, 'computer', 9, '1024', 2),
(106, 'computer', 3, '4', 3),
(107, 'computer', 10, '512', 1),
(107, 'computer', 11, '512', 2),
(107, 'computer', 3, '1', 3),
(108, 'computer', 10, '1024', 1),
(108, 'computer', 11, '1024', 2),
(108, 'computer', 3, '1', 3),
(110, 'computer', 4, '1024', 1),
(110, 'computer', 3, '1', 2),
(112, 'computer', 2, '1024', 1),
(112, 'computer', 3, '1', 2),
(113, 'computer', 2, '1024', 1),
(113, 'computer', 3, '1', 2),
(114, 'computer', 2, '1024', 1),
(114, 'computer', 3, '1', 2),
(115, 'computer', 2, '1024', 1),
(115, 'computer', 3, '1', 2),
(116, 'computer', 2, '1024', 1),
(116, 'computer', 3, '1', 2),
(119, 'computer', 2, '1024', 1),
(119, 'computer', 3, '1', 2),
(120, 'computer', 12, '2048', 1),
(120, 'computer', 9, '1024', 2),
(120, 'computer', 3, '4', 3),
(121, 'computer', 9, '1024', 1),
(121, 'computer', 3, '4', 2),
(122, 'computer', 9, '1024', 1),
(122, 'computer', 3, '4', 2),
(123, 'computer', 9, '1024', 1),
(123, 'computer', 3, '4', 2),
(124, 'computer', 12, '2048', 1),
(124, 'computer', 9, '1024', 2),
(124, 'computer', 3, '4', 3),
(125, 'computer', 5, '2048', 1),
(125, 'computer', 6, '2048', 2),
(126, 'computer', 12, '2048', 1),
(126, 'computer', 9, '1024', 2),
(126, 'computer', 3, '4', 3),
(127, 'computer', 2, '1024', 1),
(127, 'computer', 3, '1', 2),
(128, 'computer', 12, '2048', 1),
(128, 'computer', 9, '1024', 2),
(128, 'computer', 3, '1', 3),
(129, 'computer', 9, '1024', 1),
(129, 'computer', 3, '4', 2),
(130, 'computer', 12, '2048', 1),
(130, 'computer', 9, '1024', 2),
(130, 'computer', 3, '4', 3),
(131, 'computer', 9, '1024', 1),
(131, 'computer', 3, '4', 2),
(132, 'computer', 12, '2048', 1),
(132, 'computer', 9, '1024', 2),
(132, 'computer', 3, '4', 3),
(133, 'computer', 12, '2048', 1),
(133, 'computer', 9, '1024', 2),
(133, 'computer', 3, '4', 3),
(134, 'computer', 9, '1024', 1),
(134, 'computer', 3, '4', 2),
(135, 'computer', 1, '2048', 1),
(137, 'computer', 1, '2048', 1),
(138, 'computer', 1, '2048', 1),
(139, 'computer', 1, '2048', 1),
(141, 'computer', 9, '1024', 1),
(141, 'computer', 3, '4', 2),
(142, 'computer', 9, '1024', 1),
(142, 'computer', 3, '4', 2),
(143, 'computer', 10, '512', 1),
(143, 'computer', 11, '512', 2),
(143, 'computer', 3, '1', 3),
(144, 'computer', 13, '36', 4),
(144, 'computer', 14, '1024', 3),
(144, 'computer', 15, '2048', 2),
(144, 'computer', 16, '2048', 2),
(145, 'computer', 12, '2048', 1),
(145, 'computer', 9, '1024', 2),
(145, 'computer', 3, '4', 3),
(146, 'computer', 13, '36', 4),
(146, 'computer', 14, '1024', 3),
(146, 'computer', 15, '2048', 2),
(146, 'computer', 16, '2048', 2),
(148, 'computer', 9, '1024', 1),
(148, 'computer', 3, '4', 2),
(151, 'computer', 9, '1024', 1),
(151, 'computer', 3, '4', 2),
(153, 'computer', 9, '1024', 1),
(153, 'computer', 3, '4', 2),
(154, 'computer', 2, '1024', 1),
(154, 'computer', 3, '1', 2),
(155, 'computer', 9, '1024', 1),
(155, 'computer', 3, '4', 2),
(156, 'computer', 9, '1024', 1),
(156, 'computer', 3, '4', 2),
(157, 'computer', 9, '1024', 1),
(157, 'computer', 3, '4', 2),
(158, 'computer', 9, '1024', 1),
(158, 'computer', 3, '4', 2),
(159, 'computer', 12, '2048', 1),
(159, 'computer', 9, '1024', 2),
(159, 'computer', 3, '4', 3),
(160, 'computer', 4, '1024', 1),
(160, 'computer', 3, '1', 2),
(162, 'computer', 9, '1024', 1),
(162, 'computer', 3, '4', 2),
(163, 'computer', 2, '1024', 1),
(163, 'computer', 3, '1', 2),
(164, 'computer', 9, '1024', 1),
(164, 'computer', 3, '4', 2),
(165, 'computer', 9, '1024', 1),
(165, 'computer', 3, '4', 2),
(166, 'computer', 13, '36', 4),
(166, 'computer', 14, '1024', 3),
(167, 'computer', 5, '2048', 1),
(167, 'computer', 6, '2048', 2),
(168, 'computer', 9, '1024', 1),
(168, 'computer', 3, '4', 2),
(169, 'computer', 9, '1024', 1),
(169, 'computer', 3, '4', 2),
(170, 'computer', 10, '512', 1),
(170, 'computer', 11, '512', 2),
(170, 'computer', 3, '1', 3),
(171, 'computer', 9, '1024', 1),
(171, 'computer', 3, '4', 2),
(173, 'computer', 2, '1024', 1),
(173, 'computer', 3, '1', 2),
(175, 'computer', 9, '1024', 1),
(175, 'computer', 3, '4', 2),
(176, 'computer', 2, '1024', 1),
(176, 'computer', 3, '1', 2),
(177, 'computer', 9, '1024', 1),
(177, 'computer', 3, '4', 2),
(178, 'computer', 2, '1024', 1),
(178, 'computer', 3, '1', 2),
(180, 'computer', 2, '1024', 1),
(180, 'computer', 3, '1', 2),
(181, 'computer', 10, '512', 1),
(181, 'computer', 11, '512', 2),
(181, 'computer', 3, '1', 3),
(182, 'computer', 10, '512', 1),
(182, 'computer', 11, '512', 2),
(182, 'computer', 3, '1', 3),
(186, 'computer', 2, '1024', 1),
(186, 'computer', 3, '1', 2),
(187, 'computer', 10, '512', 1),
(187, 'computer', 11, '512', 2),
(187, 'computer', 3, '1', 3),
(190, 'computer', 2, '1024', 1),
(190, 'computer', 3, '1', 2),
(191, 'computer', 7, '256', 1),
(191, 'computer', 8, '256', 2),
(191, 'computer', 3, '1', 3),
(192, 'computer', 10, '512', 1),
(192, 'computer', 11, '512', 2),
(192, 'computer', 3, '1', 3),
(193, 'computer', 10, '1024', 1),
(193, 'computer', 11, '1024', 2),
(193, 'computer', 3, '1', 3),
(195, 'computer', 2, '1024', 1),
(195, 'computer', 3, '1', 2),
(201, 'computer', 10, '512', 1),
(201, 'computer', 11, '512', 2),
(201, 'computer', 3, '1', 3),
(202, 'computer', 9, '2048', 1),
(202, 'computer', 3, '1', 2),
(204, 'computer', 9, '1024', 1),
(204, 'computer', 3, '4', 2),
(206, 'computer', 10, '512', 1),
(206, 'computer', 11, '512', 2),
(206, 'computer', 3, '1', 3),
(208, 'computer', 2, '1024', 1),
(208, 'computer', 3, '1', 2),
(211, 'computer', 7, '256', 1),
(211, 'computer', 8, '256', 2),
(211, 'computer', 3, '1', 3),
(213, 'computer', 10, '512', 1),
(213, 'computer', 11, '512', 2),
(213, 'computer', 3, '1', 3),
(214, 'computer', 9, '1024', 1),
(214, 'computer', 3, '4', 2),
(215, 'computer', 7, '256', 1),
(215, 'computer', 8, '256', 2),
(215, 'computer', 3, '1', 3),
(218, 'computer', 9, '1024', 1),
(218, 'computer', 3, '4', 2),
(219, 'computer', 7, '256', 1),
(219, 'computer', 8, '256', 2),
(219, 'computer', 3, '1', 3),
(224, 'computer', 9, '1024', 1),
(224, 'computer', 3, '4', 2),
(232, 'computer', 10, '1024', 1),
(232, 'computer', 3, '1', 2),
(240, 'computer', 10, '512', 1),
(240, 'computer', 11, '512', 2),
(240, 'computer', 3, '1', 3),
(242, 'computer', 9, '1024', 1),
(242, 'computer', 3, '4', 2),
(243, 'computer', 9, '1024', 1),
(243, 'computer', 3, '4', 2),
(244, 'computer', 9, '1024', 1),
(244, 'computer', 3, '4', 2),
(246, 'computer', 2, '1024', 1),
(246, 'computer', 3, '1', 2),
(247, 'computer', 9, '1024', 1),
(247, 'computer', 3, '4', 2),
(248, 'computer', 2, '1024', 1),
(248, 'computer', 3, '1', 2),
(249, 'computer', 2, '1024', 1),
(249, 'computer', 3, '1', 2),
(251, 'computer', 7, '256', 1),
(251, 'computer', 8, '256', 2),
(251, 'computer', 3, '1', 3),
(254, 'computer', 2, '1024', 1),
(254, 'computer', 3, '1', 2),
(255, 'computer', 13, '33', 4),
(255, 'computer', 15, '512', 2),
(255, 'computer', 16, '512', 2),
(255, 'computer', 17, '512', 0),
(258, 'computer', 7, '256', 1),
(258, 'computer', 8, '256', 2),
(258, 'computer', 3, '1', 3),
(262, 'computer', 2, '1024', 1),
(262, 'computer', 3, '1', 2),
(263, 'computer', 9, '1024', 1),
(263, 'computer', 3, '4', 2),
(264, 'computer', 9, '1024', 1),
(264, 'computer', 3, '4', 2),
(265, 'computer', 2, '1024', 1),
(265, 'computer', 3, '1', 2),
(266, 'computer', 2, '1024', 1),
(266, 'computer', 3, '1', 2),
(267, 'computer', 10, '512', 1),
(267, 'computer', 11, '512', 2),
(267, 'computer', 3, '1', 3),
(268, 'computer', 9, '1024', 1),
(268, 'computer', 3, '4', 2),
(271, 'computer', 10, '512', 1),
(271, 'computer', 11, '512', 2),
(271, 'computer', 3, '1', 3),
(273, 'computer', 2, '1024', 1),
(273, 'computer', 3, '1', 2),
(285, 'computer', 7, '256', 1),
(285, 'computer', 8, '256', 2),
(285, 'computer', 3, '1', 3),
(286, 'computer', 2, '1024', 1),
(286, 'computer', 3, '1', 2),
(288, 'computer', 12, '2048', 1),
(288, 'computer', 9, '1024', 2),
(288, 'computer', 3, '4', 3),
(290, 'computer', 10, '512', 1),
(290, 'computer', 11, '512', 2),
(290, 'computer', 3, '1', 3),
(291, 'computer', 10, '512', 1),
(291, 'computer', 18, '512', 2),
(291, 'computer', 3, '1', 3),
(292, 'computer', 10, '512', 1),
(292, 'computer', 11, '512', 2),
(292, 'computer', 3, '1', 3),
(294, 'computer', 10, '512', 1),
(294, 'computer', 11, '512', 2),
(294, 'computer', 3, '1', 3),
(295, 'computer', 10, '512', 1),
(295, 'computer', 11, '512', 2),
(295, 'computer', 3, '1', 3),
(296, 'computer', 10, '512', 1),
(296, 'computer', 11, '512', 2),
(296, 'computer', 3, '1', 3),
(297, 'computer', 2, '1024', 1),
(297, 'computer', 3, '1', 2),
(302, 'computer', 2, '1024', 1),
(302, 'computer', 3, '1', 2),
(303, 'computer', 2, '1024', 1),
(303, 'computer', 3, '1', 2),
(308, 'computer', 10, '512', 1),
(308, 'computer', 11, '512', 2),
(308, 'computer', 3, '1', 3),
(311, 'computer', 7, '256', 1),
(311, 'computer', 8, '256', 2),
(311, 'computer', 3, '1', 3),
(314, 'computer', 10, '512', 1),
(314, 'computer', 3, '1', 2),
(316, 'computer', 2, '1024', 1),
(316, 'computer', 3, '1', 2),
(319, 'computer', 10, '512', 1),
(319, 'computer', 11, '512', 2),
(319, 'computer', 3, '1', 3),
(322, 'computer', 2, '1024', 1),
(322, 'computer', 3, '1', 2),
(325, 'computer', 10, '512', 1),
(325, 'computer', 3, '1', 2),
(326, 'computer', 10, '512', 1),
(326, 'computer', 3, '1', 2),
(332, 'computer', 2, '1024', 1),
(332, 'computer', 3, '1', 2),
(348, 'computer', 1, '2048', 1),
(349, 'computer', 1, '2048', 1),
(350, 'computer', 1, '2048', 1),
(353, 'computer', 1, '2048', 1),
(354, 'computer', 1, '2048', 1),
(355, 'computer', 1, '2048', 1),
(356, 'computer', 1, '2048', 1),
(357, 'computer', 1, '2048', 1),
(359, 'computer', 2, '1024', 1),
(359, 'computer', 3, '1', 2),
(360, 'computer', 2, '1024', 1),
(360, 'computer', 3, '1', 2),
(361, 'computer', 2, '1024', 1),
(361, 'computer', 3, '1', 2),
(363, 'computer', 10, '512', 1),
(363, 'computer', 11, '512', 2),
(363, 'computer', 3, '1', 3),
(379, 'computer', 9, '2048', 1),
(379, 'computer', 3, '1', 2),
(380, 'computer', 10, '512', 1),
(380, 'computer', 11, '512', 2),
(380, 'computer', 3, '1', 3),
(381, 'computer', 10, '512', 1),
(381, 'computer', 11, '512', 2),
(381, 'computer', 3, '1', 3),
(382, 'computer', 10, '512', 1),
(382, 'computer', 11, '512', 2),
(382, 'computer', 3, '1', 3),
(383, 'computer', 19, '1024', 1),
(384, 'computer', 9, '2048', 1),
(384, 'computer', 3, '1', 2),
(385, 'computer', 9, '2048', 1),
(385, 'computer', 3, '1', 2),
(386, 'computer', 9, '2048', 1),
(386, 'computer', 3, '1', 2),
(387, 'computer', 9, '2048', 1),
(387, 'computer', 3, '1', 2),
(389, 'computer', 9, '2048', 1),
(389, 'computer', 3, '1', 2),
(391, 'computer', 1, '2048', 1),
(397, 'computer', 10, '512', 1),
(397, 'computer', 11, '512', 2),
(397, 'computer', 3, '1', 3),
(398, 'computer', 9, '2048', 1),
(398, 'computer', 3, '1', 2),
(399, 'computer', 9, '2048', 1),
(399, 'computer', 3, '1', 2),
(400, 'computer', 9, '2048', 1),
(400, 'computer', 3, '1', 2),
(401, 'computer', 9, '2048', 1),
(401, 'computer', 3, '1', 2),
(402, 'computer', 9, '2048', 1),
(402, 'computer', 3, '1', 2),
(403, 'computer', 9, '2048', 1),
(403, 'computer', 3, '1', 2),
(404, 'computer', 9, '2048', 1),
(404, 'computer', 3, '1', 2),
(423, 'computer', 2, '1024', 1),
(423, 'computer', 3, '1', 2),
(426, 'computer', 2, '1024', 1),
(426, 'computer', 3, '1', 2),
(428, 'computer', 5, '2048', 1),
(428, 'computer', 6, '2048', 2),
(445, 'computer', 10, '1024', 1),
(445, 'computer', 11, '1024', 2),
(445, 'computer', 3, '4', 3),
(446, 'computer', 10, '1024', 1),
(446, 'computer', 11, '1024', 2),
(446, 'computer', 3, '4', 3),
(447, 'computer', 10, '1024', 1),
(447, 'computer', 11, '1024', 2),
(447, 'computer', 3, '4', 3),
(450, 'computer', 2, '1024', 1),
(450, 'computer', 3, '1', 2),
(451, 'computer', 10, '1024', 1),
(451, 'computer', 11, '1024', 2),
(451, 'computer', 3, '4', 3),
(455, 'computer', 2, '1024', 1),
(455, 'computer', 3, '1', 2),
(460, 'computer', 5, '2048', 1),
(460, 'computer', 6, '2048', 2),
(461, 'computer', 5, '2048', 1),
(461, 'computer', 6, '2048', 2),
(462, 'computer', 1, '2048', 1),
(463, 'computer', 10, '512', 1),
(463, 'computer', 18, '512', 2),
(463, 'computer', 11, '512', 3),
(463, 'computer', 4, '512', 4),
(463, 'computer', 3, '1', 5),
(468, 'computer', 20, '2048', 1),
(468, 'computer', 21, '2048', 2),
(484, 'computer', 10, '1024', 1),
(484, 'computer', 11, '1024', 2),
(484, 'computer', 3, '4', 3),
(485, 'computer', 10, '1024', 1),
(485, 'computer', 11, '1024', 2),
(485, 'computer', 3, '4', 3),
(488, 'computer', 20, '2048', 1),
(488, 'computer', 21, '2048', 2),
(500, 'computer', 9, '2048', 1),
(500, 'computer', 3, '1', 2),
(508, 'computer', 20, '2048', 1),
(508, 'computer', 21, '2048', 2),
(518, 'computer', 20, '2048', 1),
(518, 'computer', 21, '2048', 2),
(527, 'computer', 20, '2048', 1),
(527, 'computer', 21, '2048', 2),
(528, 'computer', 20, '2048', 1),
(528, 'computer', 21, '2048', 2),
(529, 'computer', 20, '2048', 1),
(529, 'computer', 21, '2048', 2),
(530, 'computer', 20, '2048', 1),
(530, 'computer', 21, '2048', 2),
(531, 'computer', 10, '1024', 1),
(531, 'computer', 11, '1024', 2),
(531, 'computer', 3, '4', 3),
(532, 'computer', 22, '2048', 1),
(532, 'computer', 1, '2048', 2),
(533, 'computer', 22, '2048', 1),
(533, 'computer', 1, '2048', 2),
(536, 'computer', 22, '2048', 1),
(536, 'computer', 1, '2048', 2),
(538, 'computer', 22, '2048', 1),
(538, 'computer', 1, '2048', 2),
(540, 'computer', 22, '2048', 1),
(540, 'computer', 1, '2048', 2),
(541, 'computer', 10, '1024', 1),
(541, 'computer', 11, '1024', 2),
(541, 'computer', 3, '4', 3),
(548, 'computer', 1, '2048', 1),
(549, 'computer', 1, '2048', 1),
(550, 'computer', 20, '2048', 1),
(550, 'computer', 21, '2048', 2),
(551, 'computer', 22, '2048', 1),
(551, 'computer', 1, '2048', 2),
(553, 'computer', 1, '2048', 1),
(554, 'computer', 10, '1024', 1),
(554, 'computer', 11, '1024', 2),
(554, 'computer', 3, '4', 3),
(555, 'computer', 22, '2048', 1),
(555, 'computer', 1, '2048', 2),
(556, 'computer', 22, '2048', 1),
(556, 'computer', 1, '2048', 2),
(557, 'computer', 22, '2048', 1),
(557, 'computer', 1, '2048', 2),
(559, 'computer', 1, '2048', 1),
(561, 'computer', 22, '2048', 1),
(561, 'computer', 1, '2048', 2),
(562, 'computer', 22, '2048', 1),
(562, 'computer', 1, '2048', 2),
(565, 'computer', 22, '2048', 1),
(565, 'computer', 1, '2048', 2),
(566, 'computer', 1, '2048', 1),
(573, 'computer', 22, '2048', 1),
(573, 'computer', 1, '2048', 2),
(579, 'computer', 1, '2048', 1),
(601, 'computer', 22, '2048', 1),
(601, 'computer', 1, '2048', 2),
(602, 'computer', 22, '2048', 1),
(602, 'computer', 1, '2048', 2),
(604, 'computer', 22, '2048', 1),
(604, 'computer', 1, '2048', 2),
(611, 'computer', 22, '2048', 1),
(611, 'computer', 1, '2048', 2),
(619, 'computer', 22, '2048', 1),
(619, 'computer', 1, '2048', 2),
(620, 'computer', 22, '2048', 1),
(620, 'computer', 1, '2048', 2),
(625, 'computer', 20, '2048', 1),
(625, 'computer', 21, '2048', 2),
(628, 'computer', 22, '2048', 1),
(628, 'computer', 1, '2048', 2),
(631, 'computer', 7, '256', 1),
(631, 'computer', 8, '256', 2),
(631, 'computer', 3, '1', 3),
(642, 'computer', 10, '512', 1),
(642, 'computer', 18, '512', 2),
(642, 'computer', 11, '512', 3),
(642, 'computer', 4, '512', 4),
(642, 'computer', 3, '1', 5),
(650, 'computer', 22, '2048', 1),
(650, 'computer', 1, '2048', 2),
(651, 'computer', 20, '2048', 1),
(651, 'computer', 21, '2048', 2),
(652, 'computer', 13, '33', 4),
(652, 'computer', 15, '512', 2),
(652, 'computer', 16, '512', 2),
(652, 'computer', 17, '512', 0),
(655, 'computer', 10, '512', 1),
(655, 'computer', 18, '512', 2),
(655, 'computer', 11, '512', 3),
(655, 'computer', 3, '1', 4),
(658, 'computer', 10, '512', 1),
(658, 'computer', 11, '512', 2),
(658, 'computer', 3, '1', 3),
(663, 'computer', 10, '512', 1),
(663, 'computer', 11, '512', 2),
(663, 'computer', 3, '1', 3),
(782, 'computer', 7, '256', 1),
(782, 'computer', 8, '256', 2),
(782, 'computer', 3, '1', 3),
(783, 'computer', 10, '512', 1),
(783, 'computer', 11, '512', 2),
(783, 'computer', 3, '1', 3),
(882, 'computer', 22, '2048', 1),
(882, 'computer', 1, '2048', 2),
(884, 'computer', 10, '512', 1),
(884, 'computer', 11, '512', 2),
(884, 'computer', 3, '1', 3),
(905, 'computer', 22, '2048', 1),
(905, 'computer', 1, '2048', 2),
(908, 'computer', 22, '2048', 1),
(908, 'computer', 1, '2048', 2),
(910, 'computer', 22, '2048', 1),
(910, 'computer', 1, '2048', 2),
(913, 'computer', 22, '2048', 1),
(913, 'computer', 1, '2048', 2),
(915, 'computer', 22, '2048', 1),
(915, 'computer', 1, '2048', 2),
(920, 'computer', 22, '2048', 1),
(920, 'computer', 1, '2048', 2),
(921, 'computer', 22, '2048', 1),
(921, 'computer', 1, '2048', 2),
(922, 'computer', 22, '2048', 1),
(922, 'computer', 1, '2048', 2),
(924, 'computer', 22, '2048', 1),
(924, 'computer', 1, '2048', 2),
(926, 'computer', 22, '2048', 1),
(926, 'computer', 1, '2048', 2),
(934, 'computer', 22, '2048', 1),
(934, 'computer', 1, '2048', 2),
(939, 'computer', 22, '2048', 1),
(939, 'computer', 1, '2048', 2),
(951, 'computer', 10, '512', 1),
(951, 'computer', 11, '512', 2),
(951, 'computer', 3, '1', 3),
(961, 'computer', 9, '2048', 1),
(961, 'computer', 3, '1', 2),
(966, 'computer', 10, '1024', 1),
(966, 'computer', 11, '1024', 2),
(966, 'computer', 3, '4', 3),
(971, 'computer', 5, '2048', 1),
(971, 'computer', 6, '2048', 2),
(975, 'computer', 22, '2048', 1),
(975, 'computer', 1, '2048', 2),
(980, 'computer', 1, '2048', 1),
(989, 'computer', 22, '2048', 1),
(989, 'computer', 1, '2048', 2),
(990, 'computer', 10, '1024', 1),
(990, 'computer', 11, '1024', 2),
(990, 'computer', 3, '4', 3),
(992, 'computer', 22, '2048', 1),
(992, 'computer', 1, '2048', 2),
(995, 'computer', 1, '2048', 1),
(998, 'computer', 23, '1024', 1),
(998, 'computer', 3, '1', 2),
(999, 'computer', 22, '2048', 1),
(999, 'computer', 1, '2048', 2),
(1000, 'computer', 22, '2048', 1),
(1000, 'computer', 1, '2048', 2),
(1028, 'computer', 1, '2048', 1),
(1030, 'computer', 1, '2048', 1),
(1031, 'computer', 1, '2048', 1),
(1032, 'computer', 1, '2048', 1),
(1033, 'computer', 1, '2048', 1),
(1034, 'computer', 1, '2048', 1),
(1035, 'computer', 1, '2048', 1),
(1036, 'computer', 1, '2048', 1),
(1037, 'computer', 1, '2048', 1),
(1038, 'computer', 1, '2048', 1),
(1067, 'computer', 1, '2048', 1),
(1068, 'computer', 1, '2048', 1),
(1070, 'computer', 1, '2048', 1),
(1071, 'computer', 1, '2048', 1),
(1072, 'computer', 1, '2048', 1),
(1073, 'computer', 1, '2048', 1),
(1074, 'computer', 1, '2048', 1),
(1075, 'computer', 1, '2048', 1),
(1076, 'computer', 1, '2048', 1),
(1077, 'computer', 1, '2048', 1),
(1078, 'computer', 1, '2048', 1),
(1079, 'computer', 1, '2048', 1),
(1080, 'computer', 1, '2048', 1),
(1081, 'computer', 1, '2048', 1),
(1083, 'computer', 1, '2048', 1),
(1085, 'computer', 1, '2048', 1),
(1087, 'computer', 1, '2048', 1),
(1088, 'computer', 10, '512', 1),
(1088, 'computer', 18, '512', 2),
(1088, 'computer', 3, '1', 3),
(1089, 'computer', 1, '2048', 1),
(1090, 'computer', 1, '2048', 1),
(1091, 'computer', 1, '2048', 1),
(1093, 'computer', 10, '1024', 1),
(1093, 'computer', 11, '1024', 2),
(1093, 'computer', 3, '4', 3);

TRUNCATE glpi_deviceprocessors;
INSERT INTO `glpi_deviceprocessors` (`id`,`designation`,`frequence`,`manufacturers_id`,`frequency_default`,`nbcores_default`,`nbthreads_default`) VALUES
(1,"Intel(R) Pentium(R) D CPU 3.00GHz",3000,7,3000,2,2),
(2,"Intel Corporation Intel(R) Pentium(R) D CPU 3.00GHz",3000,7,3000,2,2),
(3,"Intel(R) Pentium(R) D CPU 2.80GHz",2800,7,2800,2,2),
(4,"Intel(R) Core(TM) i5-2400 CPU @ 3.10GHz",3100,7,3100,4,4),
(5,"Intel Corporation Pentium III (0.18 µm) With 1 Or 2 MB On-Die L2 Cache",1000,7,1000,1,1),
(6,"Intel(R) Pentium(R) CPU G850 @ 2.90GHz",2900,7,2900,1,1),
(7,"AMD Athlon(tm) II X2 220 Processor", 2800,6,2800,2,2),
(8,"AMD Athlon(tm) Dual Core Processor 5200B",2700,6,2700,2,2),
(9,"AMD Athlon(tm) 64 X2 Dual Core Processor 4400+",2200,6,2600,2,2),
(10,"AMD Athlon(tm) II X2 B22 Processor",2800,6,2800,2,2),
(11,"Advanced Micro Devices AMD Athlon(tm) II X2 B22 Processor",2800,6,2800,2,2),
(12,"Intel(R) Core(TM)2 Duo CPU E4600  @ 2.40GHz",2400,7,2400,2,2),
(13,"Intel(R) Pentium(R) CPU G2020 @ 2.90GHz",2900,7,2900,2,2),
(14,"Intel(R) Celeron(R) CPU G1610 @ 2.60GHz",2600,7,2600,2,2),
(15,"AMD Athlon(tm) II X4 635 Processor",2900,6,2900,4,4),
(16,"Advanced Micro Devices AMD Athlon(tm) II X4 635 Processor",2900,6,2900,4,4),
(17,"Intel(R) Core(TM) i3-3220 CPU @ 3.30GHz",3300,7,3300,2,4),
(18,"AMD Athlon(tm) 64 X2 Dual Core Processor 3800+", 2000,6,2000,2,2),
(19,"Dual-Core AMD Opteron(tm) Processor 2210",1800,6,1800,2,2),
(20,"Dual-Core AMD Opteron(tm) Processor 2216",2400,6,1800,2,2);

TRUNCATE glpi_items_deviceprocessors;
INSERT INTO glpi_items_deviceprocessors (items_id,itemtype,deviceprocessors_id,frequency,nbcores,nbthreads)VALUES 
(658 ,"computer" ,1,3000 ,2,2),
(663 ,"computer" ,1,3000 ,2,2),
(652 ,"computer" ,2,3000 ,2,2),
(463 ,"computer" ,1,3000 ,2,2),
(258 ,"computer" ,3,2800 ,2,2),
(125 ,"computer" ,4,3100 ,4,4),
(77  ,"computer" ,4,3100 ,4,4),
(32  ,"computer" ,4,3100 ,4,4),
(35  ,"computer" ,4,3100 ,4,4),
(167 ,"computer" ,4,3100 ,4,4),
(460 ,"computer" ,4,3100 ,4,4),
(461 ,"computer" ,4,3100 ,4,4),
(428 ,"computer" ,4,3100 ,4,4),
(42  ,"computer" ,4,3100 ,4,4),
(37  ,"computer" ,4,3100 ,4,4),
(44  ,"computer" ,4,3100 ,4,4),
(38  ,"computer" ,4,3100 ,4,4),
(40  ,"computer" ,4,3100 ,4,4),
(39  ,"computer" ,4,3100 ,4,4),
(971 ,"computer" ,4,3100 ,4,4),
(973 ,"computer" ,5,1000 ,1,1),
(980 ,"computer" ,6,2900 ,1,1),
(995 ,"computer" ,6,2900 ,1,1),
(20  ,"computer" ,6,2900 ,1,1),
(8,"computer" ,6,2900 ,1,1),
(2,"computer" ,6,2900 ,1,1),
(6,"computer" ,6,2900 ,1,1),
(17  ,"computer" ,6,2900 ,1,1),
(4,"computer" ,6,2900 ,1,1),
(7,"computer" ,6,2900 ,1,1),
(5,"computer" ,6,2900 ,1,1),
(10  ,"computer" ,6,2900 ,1,1),
(12  ,"computer" ,6,2900 ,1,1),
(391 ,"computer" ,6,2900 ,1,1),
(11  ,"computer" ,6,2900 ,1,1),
(9,"computer" ,6,2900 ,1,1),
(91  ,"computer" ,3,2800 ,2,2),
(500 ,"computer" ,7,2800 ,2,2),
(398 ,"computer" ,7,2800 ,2,2),
(379 ,"computer" ,7,2800 ,2,2),
(403 ,"computer" ,7,2800 ,2,2),
(384 ,"computer" ,7,2800 ,2,2),
(402 ,"computer" ,7,2800 ,2,2),
(400 ,"computer" ,7,2800 ,2,2),
(387 ,"computer" ,7,2800 ,2,2),
(401 ,"computer" ,7,2800 ,2,2),
(202 ,"computer" ,7,2800 ,2,2),
(389 ,"computer" ,7,2800 ,2,2),
(404 ,"computer" ,7,2800 ,2,2),
(386 ,"computer" ,7,2800 ,2,2),
(385 ,"computer" ,7,2800 ,2,2),
(399 ,"computer" ,7,2800 ,2,2),
(961 ,"computer" ,7,2800 ,2,2),
(102 ,"computer" ,7,2800 ,2,2),
(127 ,"computer" ,8,2700 ,2,2),
(180 ,"computer" ,8,2700 ,2,2),
(332 ,"computer" ,8,2700 ,2,2),
(176 ,"computer" ,8,2700 ,2,2),
(173 ,"computer" ,8,2700 ,2,2),
(119 ,"computer" ,8,2700 ,2,2),
(190 ,"computer" ,8,2700 ,2,2),
(195 ,"computer" ,8,2700 ,2,2),
(178 ,"computer" ,8,2700 ,2,2),
(246 ,"computer" ,8,2700 ,2,2),
(249 ,"computer" ,8,2700 ,2,2),
(303 ,"computer" ,8,2700 ,2,2),
(254 ,"computer" ,8,2700 ,2,2),
(316 ,"computer" ,8,2700 ,2,2),
(116 ,"computer" ,8,2700 ,2,2),
(186 ,"computer" ,8,2700 ,2,2),
(208 ,"computer" ,8,2700 ,2,2),
(154 ,"computer" ,8,2700 ,2,2),
(64  ,"computer" ,8,2700 ,2,2),
(114 ,"computer" ,8,2700 ,2,2),
(115 ,"computer" ,8,2700 ,2,2),
(54  ,"computer" ,8,2700 ,2,2),
(248 ,"computer" ,8,2700 ,2,2),
(43  ,"computer" ,8,2700 ,2,2),
(18  ,"computer" ,8,2700 ,2,2),
(113 ,"computer" ,8,2700 ,2,2),
(266 ,"computer" ,8,2700 ,2,2),
(112 ,"computer" ,8,2700 ,2,2),
(262 ,"computer" ,8,2700 ,2,2),
(163 ,"computer" ,8,2700 ,2,2),
(46  ,"computer" ,8,2700 ,2,2),
(265 ,"computer" ,8,2700 ,2,2),
(74  ,"computer" ,8,2700 ,2,2),
(47  ,"computer" ,8,2700 ,2,2),
(79  ,"computer" ,8,2700 ,2,2),
(94  ,"computer" ,9,2600 ,2,2),
(60  ,"computer" ,9,2600 ,2,2),
(26  ,"computer" ,9,2600 ,2,2),
(31  ,"computer" ,9,2600 ,2,2),
(71  ,"computer" ,9,2600 ,2,2),
(29  ,"computer" ,9,2600 ,2,2),
(67  ,"computer" ,9,2600 ,2,2),
(73  ,"computer" ,9,2600 ,2,2),
(19  ,"computer" ,9,2600 ,2,2),
(52  ,"computer" ,9,2600 ,2,2),
(24  ,"computer" ,9,2600 ,2,2),
(25  ,"computer" ,9,2600 ,2,2),
(363 ,"computer" ,1,3000 ,2,2),
(110 ,"computer" ,9,2600 ,2,2),
(53  ,"computer" ,9,2600 ,2,2),
(160 ,"computer" ,9,2600 ,2,2),
(631 ,"computer" ,3,2800 ,2,2),
(192 ,"computer" ,1,3000 ,2,2),
(642 ,"computer" ,1,3000 ,2,2),
(215 ,"computer" ,3,2800 ,2,2),
(211 ,"computer" ,3,2800 ,2,2),
(187 ,"computer" ,1,3000 ,2,2),
(397 ,"computer" ,1,3000 ,2,2),
(143 ,"computer" ,1,3000 ,2,2),
(314 ,"computer" ,1,3000 ,2,2),
(101 ,"computer" ,1,3000 ,2,2),
(326 ,"computer" ,1,3000 ,2,2),
(319 ,"computer" ,1,3000 ,2,2),
(308 ,"computer" ,1,3000 ,2,2),
(325 ,"computer" ,1,3000 ,2,2),
(107 ,"computer" ,1,3000 ,2,2),
(322 ,"computer" ,8,2700 ,2,2),
(100 ,"computer" ,10  ,2800 ,2,2),
(134 ,"computer" ,10  ,2800 ,2,2),
(151 ,"computer" ,10  ,2800 ,2,2),
(122 ,"computer" ,10  ,2800 ,2,2),
(141 ,"computer" ,10  ,2800 ,2,2),
(155 ,"computer" ,10  ,2800 ,2,2),
(175 ,"computer" ,10  ,2800 ,2,2),
(204 ,"computer" ,10  ,2800 ,2,2),
(177 ,"computer" ,10  ,2800 ,2,2),
(214 ,"computer" ,10  ,2800 ,2,2),
(268 ,"computer" ,10  ,2800 ,2,2),
(263 ,"computer" ,10  ,2800 ,2,2),
(168 ,"computer" ,10  ,2800 ,2,2),
(264 ,"computer" ,10  ,2800 ,2,2),
(148 ,"computer" ,10  ,2800 ,2,2),
(129 ,"computer" ,10  ,2800 ,2,2),
(121 ,"computer" ,10  ,2800 ,2,2),
(166 ,"computer" ,11  ,2800 ,2,2),
(105 ,"computer" ,10  ,2800 ,2,2),
(123 ,"computer" ,10  ,2800 ,2,2),
(242 ,"computer" ,10  ,2800 ,2,2),
(164 ,"computer" ,10  ,2800 ,2,2),
(157 ,"computer" ,10  ,2800 ,2,2),
(153 ,"computer" ,10  ,2800 ,2,2),
(224 ,"computer" ,10  ,2800 ,2,2),
(171 ,"computer" ,10  ,2800 ,2,2),
(169 ,"computer" ,10  ,2800 ,2,2),
(247 ,"computer" ,10  ,2800 ,2,2),
(131 ,"computer" ,10  ,2800 ,2,2),
(218 ,"computer" ,10  ,2800 ,2,2),
(158 ,"computer" ,10  ,2800 ,2,2),
(142 ,"computer" ,10  ,2800 ,2,2),
(162 ,"computer" ,10  ,2800 ,2,2),
(243 ,"computer" ,10  ,2800 ,2,2),
(244 ,"computer" ,10  ,2800 ,2,2),
(165 ,"computer" ,10  ,2800 ,2,2),
(130 ,"computer" ,10  ,2800 ,2,2),
(126 ,"computer" ,10  ,2800 ,2,2),
(106 ,"computer" ,10  ,2800 ,2,2),
(146 ,"computer" ,11  ,2800 ,2,2),
(145 ,"computer" ,10  ,2800 ,2,2),
(144 ,"computer" ,11  ,2800 ,2,2),
(156 ,"computer" ,10  ,2800 ,2,2),
(128 ,"computer" ,10  ,2800 ,2,2),
(120 ,"computer" ,10  ,2800 ,2,2),
(132 ,"computer" ,10  ,2800 ,2,2),
(288 ,"computer" ,10  ,2800 ,2,2),
(104 ,"computer" ,10  ,2800 ,2,2),
(124 ,"computer" ,10  ,2800 ,2,2),
(133 ,"computer" ,10  ,2800 ,2,2),
(159 ,"computer" ,10  ,2800 ,2,2),
(103 ,"computer" ,10  ,2800 ,2,2),
(1070 ,"computer" ,6,2900 ,1,1),
(1068 ,"computer" ,6,2900 ,1,1),
(1076 ,"computer" ,6,2900 ,1,1),
(1083 ,"computer" ,6,2900 ,1,1),
(1087 ,"computer" ,6,2900 ,1,1),
(1067 ,"computer" ,6,2900 ,1,1),
(1077 ,"computer" ,6,2900 ,1,1),
(1074 ,"computer" ,6,2900 ,1,1),
(193 ,"computer" ,1,3000 ,2,2),
(108 ,"computer" ,1,3000 ,2,2),
(951 ,"computer" ,1,3000 ,2,2),
(1081 ,"computer" ,6,2900 ,1,1),
(1072 ,"computer" ,6,2900 ,1,1),
(1073 ,"computer" ,6,2900 ,1,1),
(1078 ,"computer" ,6,2900 ,1,1),
(1075 ,"computer" ,6,2900 ,1,1),
(1080 ,"computer" ,6,2900 ,1,1),
(1079 ,"computer" ,6,2900 ,1,1),
(1071 ,"computer" ,6,2900 ,1,1),
(884 ,"computer" ,1,3000 ,2,2),
(426 ,"computer" ,8,2700 ,2,2),
(450 ,"computer" ,8,2700 ,2,2),
(361 ,"computer" ,8,2700 ,2,2),
(359 ,"computer" ,8,2700 ,2,2),
(423 ,"computer" ,8,2700 ,2,2),
(360 ,"computer" ,8,2700 ,2,2),
(998 ,"computer" ,8,2700 ,2,2),
(455 ,"computer" ,8,2700 ,2,2),
(1091 ,"computer" ,6,2900 ,1,1),
(1090 ,"computer" ,6,2900 ,1,1),
(1038 ,"computer" ,6,2900 ,1,1),
(1037 ,"computer" ,6,2900 ,1,1),
(1089 ,"computer" ,6,2900 ,1,1),
(1085 ,"computer" ,6,2900 ,1,1),
(1032 ,"computer" ,6,2900 ,1,1),
(1035 ,"computer" ,6,2900 ,1,1),
(1028 ,"computer" ,6,2900 ,1,1),
(1036 ,"computer" ,6,2900 ,1,1),
(1033 ,"computer" ,6,2900 ,1,1),
(1030 ,"computer" ,6,2900 ,1,1),
(1034 ,"computer" ,6,2900 ,1,1),
(1031 ,"computer" ,6,2900 ,1,1),
(348 ,"computer" ,13  ,2900 ,2,2),
(355 ,"computer" ,13  ,2900 ,2,2),
(356 ,"computer" ,13  ,2900 ,2,2),
(354 ,"computer" ,13  ,2900 ,2,2),
(353 ,"computer" ,13  ,2900 ,2,2),
(357 ,"computer" ,13  ,2900 ,2,2),
(349 ,"computer" ,13  ,2900 ,2,2),
(462 ,"computer" ,13  ,2900 ,2,2),
(350 ,"computer" ,13  ,2900 ,2,2),
(655 ,"computer" ,1,3000 ,2,2),
(311 ,"computer" ,3,2800 ,2,2),
(135 ,"computer" ,6,2900 ,1,1),
(137 ,"computer" ,6,2900 ,1,1),
(139 ,"computer" ,6,2900 ,1,1),
(138 ,"computer" ,6,2900 ,1,1),
(98  ,"computer" ,6,2900 ,1,1),
(296 ,"computer" ,1,3000 ,2,2),
(297 ,"computer" ,8,2700 ,2,2),
(1088 ,"computer" ,1,3000 ,2,2),
(302 ,"computer" ,8,2700 ,2,2),
(286 ,"computer" ,8,2700 ,2,2),
(95  ,"computer" ,8,2700 ,2,2),
(213 ,"computer" ,1,3000 ,2,2),
(255 ,"computer" ,2,3000 ,2,2),
(294 ,"computer" ,1,3000 ,2,2),
(201 ,"computer" ,1,3000 ,2,2),
(206 ,"computer" ,1,3000 ,2,2),
(381 ,"computer" ,1,3000 ,2,2),
(181 ,"computer" ,1,3000 ,2,2),
(271 ,"computer" ,1,3000 ,2,2),
(170 ,"computer" ,1,3000 ,2,2),
(267 ,"computer" ,1,3000 ,2,2),
(380 ,"computer" ,1,3000 ,2,2),
(382 ,"computer" ,1,3000 ,2,2),
(295 ,"computer" ,1,3000 ,2,2),
(182 ,"computer" ,1,3000 ,2,2),
(240 ,"computer" ,1,3000 ,2,2),
(273 ,"computer" ,8,2700 ,2,2),
(292 ,"computer" ,1,3000 ,2,2),
(291 ,"computer" ,1,3000 ,2,2),
(290 ,"computer" ,1,3000 ,2,2),
(579 ,"computer" ,14  ,2600 ,2,2),
(566 ,"computer" ,14  ,2600 ,2,2),
(548 ,"computer" ,14  ,2600 ,2,2),
(549 ,"computer" ,14  ,2600 ,2,2),
(553 ,"computer" ,14  ,2600 ,2,2),
(559 ,"computer" ,14  ,2600 ,2,2),
(628 ,"computer" ,15  ,2900 ,4,4),
(650 ,"computer" ,15  ,2900 ,4,4),
(619 ,"computer" ,15  ,2900 ,4,4),
(604 ,"computer" ,15  ,2900 ,4,4),
(573 ,"computer" ,15  ,2900 ,4,4),
(612 ,"computer" ,16  ,2900 ,4,4),
(620 ,"computer" ,15  ,2900 ,4,4),
(601 ,"computer" ,15  ,2900 ,4,4),
(611 ,"computer" ,15  ,2900 ,4,4),
(602 ,"computer" ,15  ,2900 ,4,4),
(472 ,"computer" ,5,1000 ,1,1),
(480 ,"computer" ,5,1000 ,1,1),
(474 ,"computer" ,5,1000 ,1,1),
(475 ,"computer" ,5,1000 ,1,1),
(471 ,"computer" ,5,1000 ,1,1),
(479 ,"computer" ,5,1000 ,1,1),
(478 ,"computer" ,5,1000 ,1,1),
(473 ,"computer" ,5,1000 ,1,1),
(476 ,"computer" ,5,1000 ,1,1),
(477 ,"computer" ,5,1000 ,1,1),
(481 ,"computer" ,5,1000 ,1,1),
(482 ,"computer" ,5,1000 ,1,1),
(518 ,"computer" ,17  ,3300 ,2,4),
(488 ,"computer" ,17  ,3300 ,2,4),
(527 ,"computer" ,17  ,3300 ,2,4),
(529 ,"computer" ,17  ,3300 ,2,4),
(468 ,"computer" ,17  ,3300 ,2,4),
(550 ,"computer" ,17  ,3300 ,2,4),
(508 ,"computer" ,17  ,3300 ,2,4),
(528 ,"computer" ,17  ,3300 ,2,4),
(530 ,"computer" ,17  ,3300 ,2,4),
(651 ,"computer" ,17  ,3300 ,2,4),
(625 ,"computer" ,17  ,3300 ,2,4),
(496 ,"computer" ,5,1000 ,1,1),
(470 ,"computer" ,5,1000 ,1,1),
(383 ,"computer" ,18  ,2000 ,2,2),
(926 ,"computer" ,4,3100 ,4,4),
(924 ,"computer" ,4,3100 ,4,4),
(908 ,"computer" ,4,3100 ,4,4),
(921 ,"computer" ,4,3100 ,4,4),
(910 ,"computer" ,4,3100 ,4,4),
(913 ,"computer" ,4,3100 ,4,4),
(920 ,"computer" ,4,3100 ,4,4),
(975 ,"computer" ,4,3100 ,4,4),
(999 ,"computer" ,4,3100 ,4,4),
(882 ,"computer" ,4,3100 ,4,4),
(915 ,"computer" ,4,3100 ,4,4),
(905 ,"computer" ,4,3100 ,4,4),
(922 ,"computer" ,4,3100 ,4,4),
(1000 ,"computer" ,4,3100 ,4,4),
(934 ,"computer" ,4,3100 ,4,4),
(551 ,"computer" ,4,3100 ,4,4),
(533 ,"computer" ,4,3100 ,4,4),
(561 ,"computer" ,4,3100 ,4,4),
(532 ,"computer" ,4,3100 ,4,4),
(989 ,"computer" ,4,3100 ,4,4),
(555 ,"computer" ,4,3100 ,4,4),
(992 ,"computer" ,4,3100 ,4,4),
(562 ,"computer" ,4,3100 ,4,4),
(939 ,"computer" ,4,3100 ,4,4),
(540 ,"computer" ,4,3100 ,4,4),
(556 ,"computer" ,4,3100 ,4,4),
(557 ,"computer" ,4,3100 ,4,4),
(538 ,"computer" ,4,3100 ,4,4),
(536 ,"computer" ,4,3100 ,4,4),
(565 ,"computer" ,4,3100 ,4,4),
(89  ,"computer" ,8,2700 ,2,2),
(93  ,"computer" ,8,2700 ,2,2),
(75  ,"computer" ,8,2700 ,2,2),
(88  ,"computer" ,8,2700 ,2,2),
(83  ,"computer" ,8,2700 ,2,2),
(84  ,"computer" ,8,2700 ,2,2),
(1099 ,"computer" ,19  ,1800 ,2,2),
(1096 ,"computer" ,20  ,1800 ,2,2),
(1094 ,"computer" ,20  ,1800 ,2,2),
(1097 ,"computer" ,20  ,1800 ,2,2),
(1098 ,"computer" ,20  ,1800 ,2,2),
(1095 ,"computer" ,20  ,1800 ,2,2),
(782 ,"computer" ,3,2800 ,2,2),
(251 ,"computer" ,3,2800 ,2,2),
(96  ,"computer" ,3,2800 ,2,2),
(232 ,"computer" ,1,3000 ,2,2),
(783 ,"computer" ,1,3000 ,2,2),
(219 ,"computer" ,3,2800 ,2,2),
(191 ,"computer" ,3,2800 ,2,2),
(285 ,"computer" ,3,2800 ,2,2);

TRUNCATE glpi_deviceharddrives;
INSERT INTO glpi_deviceharddrives (designation,interfacetypes_id,manufacturers_id,date_mod,date_creation) VALUES
("ST250DM000-1BD141", 2, 8, '2023-10-29 08:47:19', '2023-10-29 08:47:19'),
("WDC WD2500AAKX-753CA1 ATA Device", 2, 8, '2023-10-29 08:47:19', '2023-10-29 08:47:19'),
("WDC WD2500AAKX-603CA0", 2, 8, '2023-10-29 08:47:19', '2023-10-29 08:47:19'),
("WDC WD25 00AAKX-603CA0 SATA Disk Device", 2, 8, '2023-10-29 08:47:19', '2023-10-29 08:47:19'),
("ATA ST250DM000-1BD14 SCSI Disk Device", 3, 8, '2023-10-29 08:47:19', '2023-10-29 08:47:19'),
("WDC WD2500AAKX-75U6AA0 ATA Device", 2, 8, '2023-10-29 08:47:19', '2023-10-29 08:47:19'),
("ST3250820AS ATA Device", 2, 8, '2023-10-29 08:47:19', '2023-10-29 08:47:19'),
("ATA WDC WD10EZEX-60Z SCSI Disk Device", 3, 8, '2023-10-29 08:47:19', '2023-10-29 08:47:19'),
("ST3500413AS ATA Device", 2, 8, '2023-10-29 08:47:19', '2023-10-29 08:47:19'),
("ATA WDC WD2500AAKX-6 SCSI Disk Device", 3, 8, '2023-10-29 08:47:19', '2023-10-29 08:47:19'),
("WDC WD10 01FAES-60Z2A SCSI Disk Device", 3, 8, '2023-10-29 08:47:19', '2023-10-29 08:47:19'),
("ST250DM000-1BD141 ATA Device", 2, 8, '2023-10-29 08:47:19', '2023-10-29 08:47:19'),
("WDC WD2500AAKX-603CA0 ATA Device", 2, 8, '2023-10-29 08:47:19', '2023-10-29 08:47:19');

INSERT INTO `glpi_items_deviceharddrives` (`items_id`, `itemtype`, `deviceharddrives_id`, `capacity`) VALUES
(2, 'Computer', 1, 238472),
(4, 'Computer', 1, 238472),
(5, 'Computer', 1, 238472),
(6, 'Computer', 1, 238472),
(7, 'Computer', 1, 238472),
(8, 'Computer', 1, 238472),
(9, 'Computer', 1, 238472),
(10, 'Computer', 1, 238472),
(11, 'Computer', 1, 238472),
(12, 'Computer', 1, 238472),
(17, 'Computer', 1, 238472),
(20, 'Computer', 1, 238472),
(32, 'Computer', 2, 238472),
(35, 'Computer', 2, 238472),
(37, 'Computer', 2, 238472),
(38, 'Computer', 2, 238472),
(39, 'Computer', 2, 238472),
(40, 'Computer', 2, 238472),
(42, 'Computer', 2, 238472),
(44, 'Computer', 2, 238472),
(77, 'Computer', 2, 238472),
(98, 'Computer', 3, 238472),
(102, 'Computer', 4, 238472),
(125, 'Computer', 2, 238472),
(135, 'Computer', 3, 238472),
(137, 'Computer', 3, 238472),
(138, 'Computer', 3, 238472),
(139, 'Computer', 3, 238472),
(167, 'Computer', 2, 238472),
(202, 'Computer', 4, 238472),
(348, 'Computer', 5, 238472),
(349, 'Computer', 5, 238472),
(350, 'Computer', 5, 238472),
(353, 'Computer', 5, 238472),
(354, 'Computer', 5, 238472),
(355, 'Computer', 5, 238472),
(356, 'Computer', 5, 238472),
(357, 'Computer', 5, 238472),
(379, 'Computer', 4, 238472),
(384, 'Computer', 4, 238472),
(385, 'Computer', 4, 238472),
(386, 'Computer', 4, 238472),
(387, 'Computer', 4, 238472),
(389, 'Computer', 4, 238472),
(391, 'Computer', 1, 238472),
(398, 'Computer', 4, 238472),
(399, 'Computer', 4, 238472),
(400, 'Computer', 4, 238472),
(401, 'Computer', 4, 238472),
(402, 'Computer', 4, 238472),
(403, 'Computer', 4, 238472),
(404, 'Computer', 4, 238472),
(428, 'Computer', 2, 238472),
(460, 'Computer', 6, 238472),
(461, 'Computer', 7, 238472),
(462, 'Computer', 5, 238472),
(468, 'Computer', 8, 953867),
(488, 'Computer', 8, 953867),
(500, 'Computer', 4, 238472),
(508, 'Computer', 8, 953867),
(518, 'Computer', 8, 953867),
(527, 'Computer', 8, 953867),
(528, 'Computer', 8, 953867),
(529, 'Computer', 8, 953867),
(530, 'Computer', 8, 953867),
(532, 'Computer', 9, 476937),
(533, 'Computer', 9, 476937),
(536, 'Computer', 9, 476937),
(538, 'Computer', 9, 476937),
(540, 'Computer', 9, 476937),
(548, 'Computer', 10, 238472),
(549, 'Computer', 10, 238472),
(550, 'Computer', 8, 953867),
(551, 'Computer', 9, 476937),
(553, 'Computer', 10, 238472),
(555, 'Computer', 9, 476937),
(556, 'Computer', 9, 476937),
(557, 'Computer', 9, 476937),
(559, 'Computer', 10, 238472),
(561, 'Computer', 9, 476937),
(562, 'Computer', 9, 476937),
(565, 'Computer', 9, 476937),
(566, 'Computer', 10, 238472),
(573, 'Computer', 11, 953867),
(579, 'Computer', 10, 238472),
(601, 'Computer', 11, 953867),
(602, 'Computer', 11, 953867),
(604, 'Computer', 11, 953867),
(611, 'Computer', 11, 953867),
(619, 'Computer', 11, 953867),
(620, 'Computer', 11, 953867),
(625, 'Computer', 8, 953867),
(628, 'Computer', 11, 953867),
(650, 'Computer', 11, 953867),
(651, 'Computer', 8, 953867),
(882, 'Computer', 9, 476937),
(905, 'Computer', 9, 476937),
(908, 'Computer', 9, 476937),
(910, 'Computer', 9, 476937),
(913, 'Computer', 9, 476937),
(915, 'Computer', 9, 476937),
(920, 'Computer', 9, 476937),
(921, 'Computer', 9, 476937),
(922, 'Computer', 9, 476937),
(924, 'Computer', 9, 476937),
(926, 'Computer', 9, 476937),
(934, 'Computer', 9, 476937),
(939, 'Computer', 9, 476937),
(961, 'Computer', 4, 238472),
(971, 'Computer', 2, 238472),
(975, 'Computer', 9, 476937),
(980, 'Computer', 1, 238472),
(989, 'Computer', 9, 476937),
(992, 'Computer', 9, 476937),
(995, 'Computer', 1, 238472),
(999, 'Computer', 9, 476937),
(1000, 'Computer', 9, 476937),
(1028, 'Computer', 12, 238472),
(1030, 'Computer', 12, 238472),
(1031, 'Computer', 12, 238472),
(1032, 'Computer', 12, 238472),
(1033, 'Computer', 12, 238472),
(1034, 'Computer', 12, 238472),
(1035, 'Computer', 12, 238472),
(1036, 'Computer', 12, 238472),
(1037, 'Computer', 12, 238472),
(1038, 'Computer', 12, 238472),
(1067, 'Computer', 13, 238472),
(1068, 'Computer', 13, 238472),
(1070, 'Computer', 13, 238472),
(1071, 'Computer', 13, 238472),
(1072, 'Computer', 13, 238472),
(1073, 'Computer', 13, 238472),
(1074, 'Computer', 13, 238472),
(1075, 'Computer', 13, 238472),
(1076, 'Computer', 13, 238472),
(1077, 'Computer', 13, 238472),
(1078, 'Computer', 13, 238472),
(1079, 'Computer', 13, 238472),
(1080, 'Computer', 13, 238472),
(1081, 'Computer', 13, 238472),
(1083, 'Computer', 13, 238472),
(1085, 'Computer', 12, 238472),
(1087, 'Computer', 13, 238472),
(1089, 'Computer', 12, 238472),
(1090, 'Computer', 12, 238472),
(1091, 'Computer', 12, 238472);

INSERT INTO `glpi_devicenetworkcards` (`DESIGNATION`) VALUES
("Intel(R) 82579LM Gigabit Network Connection"),
("Broadcom NetXtreme Gigabit Ethernet - Miniport d''ordonnancement de paquets"),
("Realtek PCIe GBE Family Controller"),
("Intel(R) 82566DM Gigabit Network Connection - Miniport d''ordonnancement de paquets"),
("Broadcom NetXtreme Gigabit Ethernet"),
("Carte réseau Fast Ethernet PCI Realtek RTL8139 Family - Miniport d''ordonnancement de paquets"),
("Intel(R) 82566DM-2 Gigabit Network Connection - Miniport d''ordonnancement de paquets"),
("NVIDIA nForce 10/100 Mbps Ethernet"),
("Bluetooth PAN Network Adapter - Miniport d''ordonnancement de paquets"),
("TP-LINK 300Mbps Wireless N Adapter"),
("eth0"),
("eth1");

INSERT INTO `glpi_items_devicenetworkcards` (`items_id`, `itemtype`, `devicenetworkcards_id`, `mac`) VALUES
(2, 'computer', 1, '24:BE:05:18:35:75'),
(4, 'computer', 1, '24:BE:05:20:51:CE'),
(5, 'computer', 1, '24:BE:05:18:35:4E'),
(6, 'computer', 1, '24:BE:05:1B:5F:1E'),
(7, 'computer', 1, '24:BE:05:20:51:CF'),
(8, 'computer', 1, '24:BE:05:20:51:ED'),
(9, 'computer', 1, '24:BE:05:20:51:E1'),
(10, 'computer', 1, '24:BE:05:18:35:2D'),
(11, 'computer', 1, '24:BE:05:1B:5F:08'),
(12, 'computer', 1, '24:BE:05:1B:5F:48'),
(17, 'computer', 1, '24:BE:05:20:51:EF'),
(18, 'computer', 2, '00:24:21:80:C6:2B'),
(19, 'computer', 2, '00:1F:29:35:DB:89'),
(20, 'computer', 1, '24:BE:05:18:35:6E'),
(24, 'computer', 2, '00:1F:29:35:B0:71'),
(25, 'computer', 2, '00:1F:29:35:DB:A0'),
(26, 'computer', 2, '00:1F:29:35:D8:64'),
(29, 'computer', 2, '00:1F:29:35:AF:11'),
(31, 'computer', 2, '00:1F:29:36:B1:C9'),
(32, 'computer', 3, 'D4:BE:D9:BE:11:E9'),
(35, 'computer', 3, 'D4:BE:D9:BC:78:32'),
(37, 'computer', 3, 'D4:BE:D9:BC:6F:60'),
(38, 'computer', 3, 'D4:BE:D9:BE:4F:20'),
(39, 'computer', 3, 'D4:BE:D9:BE:53:F7'),
(40, 'computer', 3, 'D4:BE:D9:BC:77:59'),
(42, 'computer', 3, 'D4:BE:D9:BD:77:75'),
(43, 'computer', 2, '00:24:21:81:39:94'),
(44, 'computer', 3, 'D4:BE:D9:BE:0D:0C'),
(46, 'computer', 2, '00:24:21:80:C6:75'),
(47, 'computer', 2, '00:24:21:80:C4:A9'),
(52, 'computer', 2, '00:1F:29:35:AF:95'),
(53, 'computer', 2, '00:1F:29:36:AD:7D'),
(54, 'computer', 2, '00:24:21:80:C6:1E'),
(60, 'computer', 2, '00:1F:29:36:B2:43'),
(64, 'computer', 2, '00:24:21:80:C6:1B'),
(67, 'computer', 2, '00:1F:29:35:DB:F2'),
(71, 'computer', 2, '00:1F:29:35:DB:BF'),
(73, 'computer', 2, '00:1F:29:35:B1:96'),
(74, 'computer', 2, '00:24:21:80:C6:7C'),
(75, 'computer', 2, '00:24:21:80:C4:B7'),
(77, 'computer', 3, 'D4:BE:D9:BC:72:A6'),
(79, 'computer', 2, '00:24:21:80:C7:08'),
(83, 'computer', 2, '00:24:21:80:C4:B1'),
(84, 'computer', 2, '00:24:21:81:39:57'),
(88, 'computer', 2, '00:24:21:80:C4:FF'),
(89, 'computer', 2, '00:24:21:81:3A:99'),
(91, 'computer', 2, '00:18:71:6E:D7:83'),
(93, 'computer', 2, '00:24:21:81:39:97'),
(94, 'computer', 2, '00:1F:29:35:DB:B6'),
(95, 'computer', 2, '00:24:21:80:C4:F4'),
(96, 'computer', 2, '00:18:71:6E:D8:83'),
(98, 'computer', 1, '08:2E:5F:30:BD:E9'),
(100, 'computer', 2, '78:E7:D1:D1:2D:60'),
(101, 'computer', 4, '00:0F:FE:65:83:3A'),
(102, 'computer', 5, '08:2E:5F:18:64:14'),
(103, 'computer', 2, '78:E7:D1:D5:42:51'),
(104, 'computer', 2, '78:E7:D1:D5:42:52'),
(105, 'computer', 2, '78:E7:D1:D1:9F:4F'),
(106, 'computer', 2, '78:E7:D1:D1:9F:8E'),
(107, 'computer', 4, '00:0F:FE:65:83:62'),
(108, 'computer', 4, '00:0F:FE:65:7D:FC'),
(110, 'computer', 2, '00:1F:29:36:B1:B4'),
(112, 'computer', 2, '00:24:21:80:C6:66'),
(113, 'computer', 2, '00:24:21:81:3A:B0'),
(114, 'computer', 2, '00:24:21:81:3A:01'),
(115, 'computer', 2, '00:24:21:81:1C:C4'),
(116, 'computer', 2, '00:24:21:81:39:DF'),
(119, 'computer', 2, '00:24:21:81:39:B5'),
(120, 'computer', 2, '78:E7:D1:D5:42:76'),
(121, 'computer', 2, '78:E7:D1:D5:42:31'),
(122, 'computer', 2, '78:E7:D1:D1:9F:3A'),
(123, 'computer', 2, '78:E7:D1:D1:2D:40'),
(124, 'computer', 2, '78:E7:D1:D6:C6:6B'),
(125, 'computer', 3, 'D4:BE:D9:BD:15:A8'),
(126, 'computer', 2, '78:E7:D1:D1:2C:3D'),
(127, 'computer', 2, '00:24:21:80:C7:09'),
(128, 'computer', 2, '78:E7:D1:D1:2D:51'),
(129, 'computer', 2, '78:E7:D1:D1:33:FF'),
(130, 'computer', 2, '78:E7:D1:D1:35:D0'),
(131, 'computer', 2, '78:E7:D1:D1:2C:FE'),
(132, 'computer', 2, '78:E7:D1:D1:9F:72'),
(133, 'computer', 2, '78:E7:D1:D1:9F:3E'),
(134, 'computer', 2, '78:E7:D1:D1:2D:69'),
(135, 'computer', 1, 'E8:39:35:32:6A:F5'),
(137, 'computer', 1, '08:2E:5F:30:BD:E6'),
(138, 'computer', 1, '08:2E:5F:05:3C:24'),
(139, 'computer', 1, '08:2E:5F:30:3D:A7'),
(141, 'computer', 2, '78:E7:D1:C2:4B:F1'),
(142, 'computer', 2, '1C:C1:DE:54:BB:0F'),
(143, 'computer', 4, '00:0F:FE:65:74:32'),
(144, 'computer', 2, '78:E7:D1:D1:9F:57'),
(145, 'computer', 2, '78:E7:D1:D5:40:2E'),
(146, 'computer', 2, '78:E7:D1:D1:2D:1C'),
(148, 'computer', 2, '78:E7:D1:D1:A8:43'),
(151, 'computer', 2, '78:E7:D1:D5:4A:41'),
(153, 'computer', 2, '78:E7:D1:D5:42:2D'),
(154, 'computer', 2, '00:24:21:81:39:AF'),
(155, 'computer', 2, '78:E7:D1:D1:9F:82'),
(156, 'computer', 2, '78:E7:D1:D3:4C:47'),
(157, 'computer', 2, '78:E7:D1:D1:2D:3B'),
(158, 'computer', 2, '78:E7:D1:D1:9F:8B'),
(159, 'computer', 2, '78:E7:D1:D1:9D:3E'),
(160, 'computer', 2, '00:1F:29:36:B1:44'),
(162, 'computer', 2, '78:E7:D1:D1:2D:99'),
(163, 'computer', 2, '00:24:21:80:C6:74'),
(164, 'computer', 2, '78:E7:D1:D1:2D:30'),
(165, 'computer', 2, '78:E7:D1:D1:9F:7A'),
(166, 'computer', 2, '78:E7:D1:D5:49:96'),
(167, 'computer', 3, 'D4:BE:D9:BD:16:10'),
(168, 'computer', 2, '78:E7:D1:D5:42:2C'),
(169, 'computer', 2, '78:E7:D1:D1:9F:3C'),
(170, 'computer', 4, '00:0F:FE:65:7E:9E'),
(171, 'computer', 2, '78:E7:D1:D5:40:46'),
(173, 'computer', 2, '00:24:21:81:39:8F'),
(175, 'computer', 2, '78:E7:D1:D1:A8:60'),
(176, 'computer', 2, '00:24:21:81:39:63'),
(177, 'computer', 2, '78:E7:D1:D1:35:8F'),
(178, 'computer', 2, '00:24:21:81:39:56'),
(180, 'computer', 2, '00:24:21:81:39:71'),
(181, 'computer', 4, '00:0F:FE:65:7F:1C'),
(182, 'computer', 4, '00:0F:FE:65:7E:D4'),
(186, 'computer', 2, '00:24:21:81:39:AD'),
(187, 'computer', 4, '00:0F:FE:65:73:46'),
(190, 'computer', 2, '00:24:21:81:39:F7'),
(191, 'computer', 2, '00:18:71:6E:D7:D9'),
(192, 'computer', 4, '00:0F:FE:65:83:60'),
(193, 'computer', 4, '00:0F:FE:65:81:E0'),
(195, 'computer', 2, '00:24:21:81:39:83'),
(201, 'computer', 4, '00:0F:FE:65:7D:D0'),
(202, 'computer', 5, '08:2E:5F:16:FD:88'),
(204, 'computer', 2, '78:E7:D1:D5:4A:4E'),
(206, 'computer', 4, '00:0F:FE:65:7E:50'),
(208, 'computer', 2, '00:24:21:81:39:B6'),
(211, 'computer', 2, '00:18:71:6E:D7:8B'),
(213, 'computer', 4, '00:0F:FE:65:7E:7E'),
(214, 'computer', 2, '78:E7:D1:D5:42:48'),
(215, 'computer', 2, '00:18:71:6E:D5:BC'),
(218, 'computer', 2, '78:E7:D1:D5:40:F8'),
(219, 'computer', 2, '00:18:71:72:8A:FE'),
(224, 'computer', 2, '78:E7:D1:D1:2B:11'),
(232, 'computer', 4, '00:0F:FE:65:7E:5A'),
(240, 'computer', 4, '00:0F:FE:65:7F:8A'),
(242, 'computer', 2, '78:E7:D1:D5:42:61'),
(243, 'computer', 2, '78:E7:D1:D1:33:EE'),
(244, 'computer', 2, '78:E7:D1:D1:2C:3B'),
(246, 'computer', 2, '00:24:21:81:39:FC'),
(247, 'computer', 2, '78:E7:D1:D1:2D:9C'),
(248, 'computer', 2, '00:24:21:80:C4:F0'),
(249, 'computer', 2, '00:24:21:81:39:7C'),
(251, 'computer', 2, '00:18:71:6E:D7:90'),
(254, 'computer', 2, '00:24:21:80:C4:FC'),
(255, 'computer', 4, '00:0F:FE:65:83:80'),
(258, 'computer', 2, '00:18:71:6E:D7:37'),
(262, 'computer', 2, '00:24:21:80:C5:9C'),
(263, 'computer', 2, '78:E7:D1:D5:42:9C'),
(264, 'computer', 2, '78:E7:D1:CB:84:28'),
(265, 'computer', 2, '00:24:21:80:C7:10'),
(266, 'computer', 2, '00:24:21:80:C6:36'),
(267, 'computer', 4, '00:0F:FE:65:7D:C2'),
(268, 'computer', 2, '78:E7:D1:D1:9F:63'),
(271, 'computer', 4, '00:0F:FE:65:7E:2C'),
(273, 'computer', 2, '00:24:21:81:39:6E'),
(285, 'computer', 2, '00:18:71:6E:D8:AF'),
(286, 'computer', 2, '00:24:21:80:C7:03'),
(288, 'computer', 2, '78:E7:D1:D5:40:42'),
(290, 'computer', 4, '00:0F:FE:65:93:B6'),
(291, 'computer', 4, '00:0F:FE:65:80:96'),
(292, 'computer', 4, '00:0F:FE:65:48:54'),
(294, 'computer', 4, '00:0F:FE:65:7F:3A'),
(295, 'computer', 4, '00:0F:FE:65:7E:5E'),
(296, 'computer', 4, '00:0F:FE:65:42:20'),
(297, 'computer', 2, '00:24:21:80:C4:EE'),
(302, 'computer', 2, '00:24:21:80:C5:8E'),
(303, 'computer', 2, '00:24:21:81:39:AB'),
(308, 'computer', 4, '00:0F:FE:65:4A:64'),
(311, 'computer', 2, '00:18:71:6E:D7:6E'),
(314, 'computer', 4, '00:0F:FE:65:83:82'),
(316, 'computer', 2, '00:24:21:80:C4:B0'),
(319, 'computer', 4, '00:0F:FE:65:83:84'),
(322, 'computer', 2, '00:24:21:80:C6:26'),
(325, 'computer', 4, '00:0F:FE:65:83:26'),
(326, 'computer', 4, '00:0F:FE:65:83:72'),
(332, 'computer', 2, '00:24:21:81:39:64'),
(348, 'computer', 1, '88:51:FB:6F:5F:8A'),
(349, 'computer', 1, '88:51:FB:6F:5F:8C'),
(350, 'computer', 1, '74:46:A0:97:70:B0'),
(353, 'computer', 1, '74:46:A0:9C:9B:18'),
(354, 'computer', 1, '88:51:FB:6F:5F:90'),
(355, 'computer', 1, '74:46:A0:97:70:BA'),
(356, 'computer', 1, '74:46:A0:97:70:BC'),
(357, 'computer', 1, '74:46:A0:9F:C3:0F'),
(359, 'computer', 2, '00:24:21:80:C7:15'),
(360, 'computer', 2, '00:24:21:81:39:67'),
(361, 'computer', 2, '00:24:21:80:C6:6F'),
(363, 'computer', 4, '00:0F:FE:65:7D:E6'),
(379, 'computer', 5, '08:2E:5F:18:63:D4'),
(380, 'computer', 4, '00:0F:FE:65:7F:72'),
(381, 'computer', 4, '00:0F:FE:65:7E:6C'),
(382, 'computer', 4, '00:0F:FE:65:6C:40'),
(383, 'computer', 6, '00:18:F3:92:BE:57'),
(384, 'computer', 5, '08:2E:5F:16:FD:67'),
(385, 'computer', 5, '08:2E:5F:18:63:FF'),
(386, 'computer', 5, '08:2E:5F:16:FD:4E'),
(387, 'computer', 5, '08:2E:5F:18:63:F6'),
(389, 'computer', 5, '08:2E:5F:18:63:FC'),
(391, 'computer', 1, '24:BE:05:1B:5F:35'),
(397, 'computer', 4, '00:0F:FE:65:74:DE'),
(398, 'computer', 5, '08:2E:5F:16:FD:41'),
(399, 'computer', 5, '08:2E:5F:16:FD:65'),
(400, 'computer', 5, '08:2E:5F:18:63:42'),
(401, 'computer', 5, '08:2E:5F:18:63:F7'),
(402, 'computer', 5, '08:2E:5F:18:63:FB'),
(403, 'computer', 5, '08:2E:5F:16:FD:4A'),
(404, 'computer', 5, '08:2E:5F:16:FD:3E'),
(423, 'computer', 2, '00:24:21:81:39:5D'),
(426, 'computer', 2, '00:24:21:80:C6:60'),
(428, 'computer', 3, 'D4:BE:D9:BE:4F:6C'),
(445, 'computer', 7, '00:0F:FE:D4:37:9C'),
(446, 'computer', 7, '00:0F:FE:D4:40:52'),
(447, 'computer', 7, '00:0F:FE:D4:3D:42'),
(450, 'computer', 2, '00:24:21:81:39:F4'),
(451, 'computer', 7, '00:0F:FE:D4:40:32'),
(455, 'computer', 2, '00:24:21:81:3A:1C'),
(460, 'computer', 3, 'D4:BE:D9:BE:4F:6D'),
(461, 'computer', 3, 'D4:BE:D9:BE:4C:DB'),
(462, 'computer', 1, '88:51:FB:6F:5F:61'),
(463, 'computer', 4, '00:0F:FE:65:82:E8'),
(468, 'computer', 1, '74:46:A0:AF:8B:3D'),
(470, 'computer', 1, '74:46:A0:B2:8A:10'),
(471, 'computer', 1, '74:46:A0:B2:8A:07'),
(472, 'computer', 1, '74:46:A0:9D:FC:9C'),
(473, 'computer', 1, '74:46:A0:9D:FC:95'),
(474, 'computer', 1, '74:46:A0:B2:8A:13'),
(475, 'computer', 1, '74:46:A0:AF:8F:20'),
(476, 'computer', 1, '74:46:A0:9D:FC:86'),
(477, 'computer', 1, '74:46:A0:9D:FC:97'),
(478, 'computer', 1, '74:46:A0:B2:89:FC'),
(479, 'computer', 1, '74:46:A0:B7:81:5F'),
(480, 'computer', 1, '74:46:A0:9D:FC:7B'),
(481, 'computer', 1, '74:46:A0:9D:FB:82'),
(482, 'computer', 1, '74:46:A0:9D:FC:9A'),
(484, 'computer', 7, '00:0F:FE:D5:24:8F'),
(485, 'computer', 7, '00:0F:FE:D5:27:CD'),
(488, 'computer', 1, '74:46:A0:9D:FC:92'),
(496, 'computer', 1, '74:46:A0:9D:FC:94'),
(500, 'computer', 5, '08:2E:5F:18:63:F3'),
(508, 'computer', 1, '74:46:A0:B2:89:FF'),
(518, 'computer', 1, '74:46:A0:AF:8F:E2'),
(527, 'computer', 1, '74:46:A0:AF:8F:21'),
(528, 'computer', 1, '74:46:A0:B2:8A:0F'),
(529, 'computer', 1, '74:46:A0:B2:89:04'),
(530, 'computer', 1, '74:46:A0:9D:FC:9E'),
(531, 'computer', 7, '00:0F:FE:D5:29:B9'),
(532, 'computer', 3, 'F0:4D:A2:F5:27:70'),
(533, 'computer', 3, 'D0:67:E5:11:73:5A'),
(536, 'computer', 3, 'D0:67:E5:11:76:DB'),
(538, 'computer', 3, 'D0:67:E5:10:6F:0F'),
(540, 'computer', 3, 'D0:67:E5:11:2A:6B'),
(541, 'computer', 7, '00:0F:FE:D5:38:A9'),
(548, 'computer', 1, '74:46:A0:97:73:0A'),
(549, 'computer', 1, '74:46:A0:9F:C6:5B'),
(550, 'computer', 1, '74:46:A0:AF:8B:16'),
(551, 'computer', 3, 'D0:67:E5:10:6E:9C'),
(553, 'computer', 1, '74:46:A0:9F:C6:36'),
(554, 'computer', 7, '00:0F:FE:D5:3B:67'),
(555, 'computer', 3, 'D0:67:E5:10:75:45'),
(556, 'computer', 3, 'D0:67:E5:10:6F:3A'),
(557, 'computer', 3, 'D0:67:E5:10:7C:A2'),
(559, 'computer', 1, '88:51:FB:6F:61:78'),
(561, 'computer', 3, 'D0:67:E5:10:6E:76'),
(562, 'computer', 3, 'D0:67:E5:11:74:7F'),
(565, 'computer', 3, 'D0:67:E5:11:2A:D3'),
(566, 'computer', 1, '74:46:A0:9F:C6:5F'),
(573, 'computer', 8, '70:71:BC:B8:A2:96'),
(579, 'computer', 1, '74:46:A0:9C:9D:0D'),
(601, 'computer', 8, '70:71:BC:89:64:2E'),
(602, 'computer', 8, '70:71:BC:89:64:C2'),
(604, 'computer', 8, '70:71:BC:89:63:FA'),
(611, 'computer', 8, '70:71:BC:89:63:10'),
(612, 'computer', 8, '70:71:BC:89:64:5C'),
(619, 'computer', 8, '70:71:BC:89:68:31'),
(620, 'computer', 8, '70:71:BC:89:5F:03'),
(625, 'computer', 1, '74:46:A0:AF:8B:2D'),
(628, 'computer', 8, '70:71:BC:89:65:04'),
(631, 'computer', 2, '00:18:71:6E:D8:AD'),
(642, 'computer', 4, '00:0F:FE:65:76:02'),
(650, 'computer', 8, '70:71:BC:89:61:3E'),
(651, 'computer', 1, '74:46:A0:9D:FC:9B'),
(652, 'computer', 4, '00:0F:FE:65:7D:4C'),
(655, 'computer', 4, '00:0F:FE:65:75:BC'),
(658, 'computer', 4, '00:0F:FE:65:83:58'),
(663, 'computer', 4, '00:0F:FE:65:7D:DE'),
(782, 'computer', 2, '00:18:71:6F:D2:EF'),
(783, 'computer', 4, '00:0F:FE:65:7D:92'),
(882, 'computer', 3, 'D0:67:E5:10:71:9D'),
(884, 'computer', 4, '00:0F:FE:65:83:9E'),
(905, 'computer', 3, 'D0:67:E5:11:72:8E'),
(908, 'computer', 3, 'D0:67:E5:10:6E:83'),
(910, 'computer', 3, 'D0:67:E5:11:74:7C'),
(913, 'computer', 3, 'D0:67:E5:11:76:16'),
(915, 'computer', 3, 'D0:67:E5:10:6E:E9'),
(920, 'computer', 3, 'D0:67:E5:11:2D:28'),
(921, 'computer', 3, 'D0:67:E5:11:72:A8'),
(922, 'computer', 3, 'D0:67:E5:10:6E:87'),
(924, 'computer', 3, 'D0:67:E5:10:75:49'),
(926, 'computer', 3, 'D0:67:E5:10:6F:E9'),
(934, 'computer', 3, 'D0:67:E5:10:6E:2F'),
(939, 'computer', 3, 'D0:67:E5:10:6F:3F'),
(951, 'computer', 4, '00:0F:FE:65:7E:3C'),
(961, 'computer', 5, '08:2E:5F:18:63:FE'),
(966, 'computer', 7, '00:0F:FE:D4:3F:88'),
(966, 'computer', 9, '00:15:83:4E:7D:26'),
(971, 'computer', 3, 'D4:BE:D9:BD:7D:4F'),
(973, 'computer', 1, '24:BE:05:18:35:6F'),
(975, 'computer', 3, 'D0:67:E5:10:6E:68'),
(980, 'computer', 1, '24:BE:05:18:35:6F'),
(989, 'computer', 3, 'D0:67:E5:10:7B:A9'),
(990, 'computer', 7, '00:0F:FE:D4:3D:60'),
(990, 'computer', 9, '00:15:83:4E:7A:9F'),
(992, 'computer', 3, 'D0:67:E5:10:7C:AE'),
(995, 'computer', 1, '24:BE:05:1B:5F:43'),
(998, 'computer', 2, '00:24:21:80:C6:FD'),
(999, 'computer', 3, 'D0:67:E5:10:6E:7C'),
(1000, 'computer', 3, 'D0:67:E5:10:6E:82'),
(1028, 'computer', 10, 'B0:48:7A:BF:6F:61'),
(1030, 'computer', 1, '24:BE:05:18:35:6D'),
(1030, 'computer', 10, 'B0:48:7A:BF:69:08'),
(1031, 'computer', 1, '24:BE:05:1B:5F:1A'),
(1031, 'computer', 10, 'B0:48:7A:BF:71:61'),
(1032, 'computer', 1, '24:BE:05:1B:5F:05'),
(1032, 'computer', 10, 'B0:48:7A:BF:6C:43'),
(1033, 'computer', 1, '24:BE:05:20:52:17'),
(1033, 'computer', 10, 'B0:48:7A:BF:6A:31'),
(1034, 'computer', 1, '24:BE:05:20:52:12'),
(1034, 'computer', 10, 'B0:48:7A:BF:67:0D'),
(1035, 'computer', 1, '24:BE:05:18:34:FB'),
(1035, 'computer', 10, 'B0:48:7A:BF:69:09'),
(1036, 'computer', 10, 'B0:48:7A:BF:6B:1B'),
(1037, 'computer', 10, 'B0:48:7A:BF:6F:5D'),
(1038, 'computer', 1, '24:BE:05:20:51:C1'),
(1038, 'computer', 10, 'B0:48:7A:BF:66:C5'),
(1067, 'computer', 1, 'E8:39:35:32:6A:FA'),
(1068, 'computer', 1, 'E8:39:35:32:6A:AE'),
(1070, 'computer', 1, '08:2E:5F:05:B2:8F'),
(1071, 'computer', 1, '08:2E:5F:30:BE:8A'),
(1072, 'computer', 1, '08:2E:5F:30:3D:B8'),
(1073, 'computer', 1, 'E8:39:35:32:6A:FB'),
(1074, 'computer', 1, '08:2E:5F:30:3D:B9'),
(1075, 'computer', 1, 'E8:39:35:32:6A:F8'),
(1076, 'computer', 1, '10:60:4B:69:D0:A7'),
(1077, 'computer', 1, '2C:41:38:B3:2B:21'),
(1078, 'computer', 1, '08:2E:5F:30:BE:88'),
(1079, 'computer', 1, '08:2E:5F:30:BE:9F'),
(1080, 'computer', 1, '08:2E:5F:06:B4:9A'),
(1081, 'computer', 1, '08:2E:5F:30:BE:8D'),
(1083, 'computer', 1, '08:2E:5F:30:BE:8F'),
(1085, 'computer', 1, '24:BE:05:20:51:F8'),
(1085, 'computer', 10, 'B0:48:7A:BF:6D:60'),
(1087, 'computer', 1, '08:2E:5F:30:BE:A1'),
(1088, 'computer', 4, '00:0F:FE:65:83:9C'),
(1089, 'computer', 1, '24:BE:05:18:36:36'),
(1089, 'computer', 10, 'B0:48:7A:BF:6F:66'),
(1090, 'computer', 1, '24:BE:05:1B:5F:46'),
(1090, 'computer', 10, 'B0:48:7A:BF:6B:14'),
(1091, 'computer', 1, '24:BE:05:1B:5F:4D'),
(1091, 'computer', 10, 'B0:48:7A:BF:6C:3D'),
(1093, 'computer', 7, '00:0F:FE:D5:3B:9B'),
(1093, 'computer', 9, '00:15:83:4E:7A:94'),
(1094, 'computer', 11, 'ba:81:4c:37:73:6f'),
(1095, 'computer', 11, 'f2:fa:eb:84:de:5e'),
(1096, 'computer', 11, '82:ce:a1:2e:48:c9'),
(1097, 'computer', 11, 'b6:37:c0:0f:0f:e9'),
(1097, 'computer', 12, 'ea:40:80:8f:1b:60'),
(1098, 'computer', 11, 'a2:91:d7:d0:d5:b6'),
(1099, 'computer', 11, 'ba:b8:a1:ee:50:25');

TRUNCATE glpi_networkports;
INSERT INTO `glpi_networkports` (`items_id`, `itemtype`, `logical_number`, `name`, `instantiation_type`, `mac`, `date_mod`, `date_creation`) VALUES
(2, 'computer', 1, 'Intel(R) 82579LM Gigabit Network Connection', 'NetworkPortEthernet', '24:BE:05:18:35:75', '2023-10-29 12:57:14', '2023-10-29 12:57:14'),
(4, 'computer', 1, 'Intel(R) 82579LM Gigabit Network Connection', 'NetworkPortEthernet', '24:BE:05:20:51:CE', '2023-10-29 12:57:14', '2023-10-29 12:57:14'),
(5, 'computer', 1, 'Intel(R) 82579LM Gigabit Network Connection', 'NetworkPortEthernet', '24:BE:05:18:35:4E', '2023-10-29 12:57:14', '2023-10-29 12:57:14'),
(6, 'computer', 1, 'Intel(R) 82579LM Gigabit Network Connection', 'NetworkPortEthernet', '24:BE:05:1B:5F:1E', '2023-10-29 12:57:14', '2023-10-29 12:57:14'),
(7, 'computer', 1, 'Intel(R) 82579LM Gigabit Network Connection', 'NetworkPortEthernet', '24:BE:05:20:51:CF', '2023-10-29 12:57:14', '2023-10-29 12:57:14'),
(8, 'computer', 1, 'Intel(R) 82579LM Gigabit Network Connection', 'NetworkPortEthernet', '24:BE:05:20:51:ED', '2023-10-29 12:57:14', '2023-10-29 12:57:14'),
(9, 'computer', 1, 'Intel(R) 82579LM Gigabit Network Connection', 'NetworkPortEthernet', '24:BE:05:20:51:E1', '2023-10-29 12:57:14', '2023-10-29 12:57:14'),
(10, 'computer', 1, 'Intel(R) 82579LM Gigabit Network Connection', 'NetworkPortEthernet', '24:BE:05:18:35:2D', '2023-10-29 12:57:14', '2023-10-29 12:57:14'),
(11, 'computer', 1, 'Intel(R) 82579LM Gigabit Network Connection', 'NetworkPortEthernet', '24:BE:05:1B:5F:08', '2023-10-29 12:57:14', '2023-10-29 12:57:14'),
(12, 'computer', 1, 'Intel(R) 82579LM Gigabit Network Connection', 'NetworkPortEthernet', '24:BE:05:1B:5F:48', '2023-10-29 12:57:14', '2023-10-29 12:57:14'),
(17, 'computer', 1, 'Intel(R) 82579LM Gigabit Network Connection', 'NetworkPortEthernet', '24:BE:05:20:51:EF', '2023-10-29 12:57:14', '2023-10-29 12:57:14'),
(18, 'computer', 1, 'Broadcom NetXtreme Gigabit Ethernet - Miniport d\'\'ordonnancement de paquets', 'NetworkPortEthernet', '00:24:21:80:C6:2B', '2023-10-29 12:57:14', '2023-10-29 12:57:14'),
(19, 'computer', 1, 'Broadcom NetXtreme Gigabit Ethernet - Miniport d\'\'ordonnancement de paquets', 'NetworkPortEthernet', '00:1F:29:35:DB:89', '2023-10-29 12:57:14', '2023-10-29 12:57:14'),
(20, 'computer', 1, 'Intel(R) 82579LM Gigabit Network Connection', 'NetworkPortEthernet', '24:BE:05:18:35:6E', '2023-10-29 12:57:14', '2023-10-29 12:57:14'),
(24, 'computer', 1, 'Broadcom NetXtreme Gigabit Ethernet - Miniport d\'\'ordonnancement de paquets', 'NetworkPortEthernet', '00:1F:29:35:B0:71', '2023-10-29 12:57:14', '2023-10-29 12:57:14'),
(25, 'computer', 1, 'Broadcom NetXtreme Gigabit Ethernet - Miniport d\'\'ordonnancement de paquets', 'NetworkPortEthernet', '00:1F:29:35:DB:A0', '2023-10-29 12:57:14', '2023-10-29 12:57:14'),
(26, 'computer', 1, 'Broadcom NetXtreme Gigabit Ethernet - Miniport d\'\'ordonnancement de paquets', 'NetworkPortEthernet', '00:1F:29:35:D8:64', '2023-10-29 12:57:14', '2023-10-29 12:57:14'),
(29, 'computer', 1, 'Broadcom NetXtreme Gigabit Ethernet - Miniport d\'\'ordonnancement de paquets', 'NetworkPortEthernet', '00:1F:29:35:AF:11', '2023-10-29 12:57:14', '2023-10-29 12:57:14'),
(31, 'computer', 1, 'Broadcom NetXtreme Gigabit Ethernet - Miniport d\'\'ordonnancement de paquets', 'NetworkPortEthernet', '00:1F:29:36:B1:C9', '2023-10-29 12:57:14', '2023-10-29 12:57:14'),
(32, 'computer', 1, 'Realtek PCIe GBE Family Controller', 'NetworkPortEthernet', 'D4:BE:D9:BE:11:E9', '2023-10-29 12:57:14', '2023-10-29 12:57:14'),
(35, 'computer', 1, 'Realtek PCIe GBE Family Controller', 'NetworkPortEthernet', 'D4:BE:D9:BC:78:32', '2023-10-29 12:57:14', '2023-10-29 12:57:14'),
(37, 'computer', 1, 'Realtek PCIe GBE Family Controller', 'NetworkPortEthernet', 'D4:BE:D9:BC:6F:60', '2023-10-29 12:57:14', '2023-10-29 12:57:14'),
(38, 'computer', 1, 'Realtek PCIe GBE Family Controller', 'NetworkPortEthernet', 'D4:BE:D9:BE:4F:20', '2023-10-29 12:57:14', '2023-10-29 12:57:14'),
(39, 'computer', 1, 'Realtek PCIe GBE Family Controller', 'NetworkPortEthernet', 'D4:BE:D9:BE:53:F7', '2023-10-29 12:57:14', '2023-10-29 12:57:14'),
(40, 'computer', 1, 'Realtek PCIe GBE Family Controller', 'NetworkPortEthernet', 'D4:BE:D9:BC:77:59', '2023-10-29 12:57:14', '2023-10-29 12:57:14'),
(42, 'computer', 1, 'Realtek PCIe GBE Family Controller', 'NetworkPortEthernet', 'D4:BE:D9:BD:77:75', '2023-10-29 12:57:14', '2023-10-29 12:57:14'),
(43, 'computer', 1, 'Broadcom NetXtreme Gigabit Ethernet - Miniport d\'\'ordonnancement de paquets', 'NetworkPortEthernet', '00:24:21:81:39:94', '2023-10-29 12:57:14', '2023-10-29 12:57:14'),
(44, 'computer', 1, 'Realtek PCIe GBE Family Controller', 'NetworkPortEthernet', 'D4:BE:D9:BE:0D:0C', '2023-10-29 12:57:14', '2023-10-29 12:57:14'),
(46, 'computer', 1, 'Broadcom NetXtreme Gigabit Ethernet - Miniport d\'\'ordonnancement de paquets', 'NetworkPortEthernet', '00:24:21:80:C6:75', '2023-10-29 12:57:14', '2023-10-29 12:57:14'),
(47, 'computer', 1, 'Broadcom NetXtreme Gigabit Ethernet - Miniport d\'\'ordonnancement de paquets', 'NetworkPortEthernet', '00:24:21:80:C4:A9', '2023-10-29 12:57:14', '2023-10-29 12:57:14'),
(52, 'computer', 1, 'Broadcom NetXtreme Gigabit Ethernet - Miniport d\'\'ordonnancement de paquets', 'NetworkPortEthernet', '00:1F:29:35:AF:95', '2023-10-29 12:57:14', '2023-10-29 12:57:14'),
(53, 'computer', 1, 'Broadcom NetXtreme Gigabit Ethernet - Miniport d\'\'ordonnancement de paquets', 'NetworkPortEthernet', '00:1F:29:36:AD:7D', '2023-10-29 12:57:14', '2023-10-29 12:57:14'),
(54, 'computer', 1, 'Broadcom NetXtreme Gigabit Ethernet - Miniport d\'\'ordonnancement de paquets', 'NetworkPortEthernet', '00:24:21:80:C6:1E', '2023-10-29 12:57:14', '2023-10-29 12:57:14'),
(60, 'computer', 1, 'Broadcom NetXtreme Gigabit Ethernet - Miniport d\'\'ordonnancement de paquets', 'NetworkPortEthernet', '00:1F:29:36:B2:43', '2023-10-29 12:57:14', '2023-10-29 12:57:14'),
(64, 'computer', 1, 'Broadcom NetXtreme Gigabit Ethernet - Miniport d\'\'ordonnancement de paquets', 'NetworkPortEthernet', '00:24:21:80:C6:1B', '2023-10-29 12:57:14', '2023-10-29 12:57:14'),
(67, 'computer', 1, 'Broadcom NetXtreme Gigabit Ethernet - Miniport d\'\'ordonnancement de paquets', 'NetworkPortEthernet', '00:1F:29:35:DB:F2', '2023-10-29 12:57:14', '2023-10-29 12:57:14'),
(71, 'computer', 1, 'Broadcom NetXtreme Gigabit Ethernet - Miniport d\'\'ordonnancement de paquets', 'NetworkPortEthernet', '00:1F:29:35:DB:BF', '2023-10-29 12:57:14', '2023-10-29 12:57:14'),
(73, 'computer', 1, 'Broadcom NetXtreme Gigabit Ethernet - Miniport d\'\'ordonnancement de paquets', 'NetworkPortEthernet', '00:1F:29:35:B1:96', '2023-10-29 12:57:14', '2023-10-29 12:57:14'),
(74, 'computer', 1, 'Broadcom NetXtreme Gigabit Ethernet - Miniport d\'\'ordonnancement de paquets', 'NetworkPortEthernet', '00:24:21:80:C6:7C', '2023-10-29 12:57:14', '2023-10-29 12:57:14'),
(75, 'computer', 1, 'Broadcom NetXtreme Gigabit Ethernet - Miniport d\'\'ordonnancement de paquets', 'NetworkPortEthernet', '00:24:21:80:C4:B7', '2023-10-29 12:57:14', '2023-10-29 12:57:14'),
(77, 'computer', 1, 'Realtek PCIe GBE Family Controller', 'NetworkPortEthernet', 'D4:BE:D9:BC:72:A6', '2023-10-29 12:57:14', '2023-10-29 12:57:14'),
(79, 'computer', 1, 'Broadcom NetXtreme Gigabit Ethernet - Miniport d\'\'ordonnancement de paquets', 'NetworkPortEthernet', '00:24:21:80:C7:08', '2023-10-29 12:57:14', '2023-10-29 12:57:14'),
(83, 'computer', 1, 'Broadcom NetXtreme Gigabit Ethernet - Miniport d\'\'ordonnancement de paquets', 'NetworkPortEthernet', '00:24:21:80:C4:B1', '2023-10-29 12:57:14', '2023-10-29 12:57:14'),
(84, 'computer', 1, 'Broadcom NetXtreme Gigabit Ethernet - Miniport d\'\'ordonnancement de paquets', 'NetworkPortEthernet', '00:24:21:81:39:57', '2023-10-29 12:57:14', '2023-10-29 12:57:14'),
(88, 'computer', 1, 'Broadcom NetXtreme Gigabit Ethernet - Miniport d\'\'ordonnancement de paquets', 'NetworkPortEthernet', '00:24:21:80:C4:FF', '2023-10-29 12:57:14', '2023-10-29 12:57:14'),
(89, 'computer', 1, 'Broadcom NetXtreme Gigabit Ethernet - Miniport d\'\'ordonnancement de paquets', 'NetworkPortEthernet', '00:24:21:81:3A:99', '2023-10-29 12:57:14', '2023-10-29 12:57:14'),
(91, 'computer', 1, 'Broadcom NetXtreme Gigabit Ethernet - Miniport d\'\'ordonnancement de paquets', 'NetworkPortEthernet', '00:18:71:6E:D7:83', '2023-10-29 12:57:14', '2023-10-29 12:57:14'),
(93, 'computer', 1, 'Broadcom NetXtreme Gigabit Ethernet - Miniport d\'\'ordonnancement de paquets', 'NetworkPortEthernet', '00:24:21:81:39:97', '2023-10-29 12:57:14', '2023-10-29 12:57:14'),
(94, 'computer', 1, 'Broadcom NetXtreme Gigabit Ethernet - Miniport d\'\'ordonnancement de paquets', 'NetworkPortEthernet', '00:1F:29:35:DB:B6', '2023-10-29 12:57:14', '2023-10-29 12:57:14'),
(95, 'computer', 1, 'Broadcom NetXtreme Gigabit Ethernet - Miniport d\'\'ordonnancement de paquets', 'NetworkPortEthernet', '00:24:21:80:C4:F4', '2023-10-29 12:57:14', '2023-10-29 12:57:14'),
(96, 'computer', 1, 'Broadcom NetXtreme Gigabit Ethernet - Miniport d\'\'ordonnancement de paquets', 'NetworkPortEthernet', '00:18:71:6E:D8:83', '2023-10-29 12:57:14', '2023-10-29 12:57:14'),
(98, 'computer', 1, 'Intel(R) 82579LM Gigabit Network Connection', 'NetworkPortEthernet', '08:2E:5F:30:BD:E9', '2023-10-29 12:57:14', '2023-10-29 12:57:14'),
(100, 'computer', 1, 'Broadcom NetXtreme Gigabit Ethernet - Miniport d\'\'ordonnancement de paquets', 'NetworkPortEthernet', '78:E7:D1:D1:2D:60', '2023-10-29 12:57:14', '2023-10-29 12:57:14'),
(101, 'computer', 1, 'Intel(R) 82566DM Gigabit Network Connection - Miniport d\'\'ordonnancement de paquets', 'NetworkPortEthernet', '00:0F:FE:65:83:3A', '2023-10-29 12:57:14', '2023-10-29 12:57:14'),
(102, 'computer', 1, 'Broadcom NetXtreme Gigabit Ethernet', 'NetworkPortEthernet', '08:2E:5F:18:64:14', '2023-10-29 12:57:14', '2023-10-29 12:57:14'),
(103, 'computer', 1, 'Broadcom NetXtreme Gigabit Ethernet - Miniport d\'\'ordonnancement de paquets', 'NetworkPortEthernet', '78:E7:D1:D5:42:51', '2023-10-29 12:57:14', '2023-10-29 12:57:14'),
(104, 'computer', 1, 'Broadcom NetXtreme Gigabit Ethernet - Miniport d\'\'ordonnancement de paquets', 'NetworkPortEthernet', '78:E7:D1:D5:42:52', '2023-10-29 12:57:14', '2023-10-29 12:57:14'),
(105, 'computer', 1, 'Broadcom NetXtreme Gigabit Ethernet - Miniport d\'\'ordonnancement de paquets', 'NetworkPortEthernet', '78:E7:D1:D1:9F:4F', '2023-10-29 12:57:14', '2023-10-29 12:57:14'),
(106, 'computer', 1, 'Broadcom NetXtreme Gigabit Ethernet - Miniport d\'\'ordonnancement de paquets', 'NetworkPortEthernet', '78:E7:D1:D1:9F:8E', '2023-10-29 12:57:14', '2023-10-29 12:57:14'),
(107, 'computer', 1, 'Intel(R) 82566DM Gigabit Network Connection - Miniport d\'\'ordonnancement de paquets', 'NetworkPortEthernet', '00:0F:FE:65:83:62', '2023-10-29 12:57:14', '2023-10-29 12:57:14'),
(108, 'computer', 1, 'Intel(R) 82566DM Gigabit Network Connection - Miniport d\'\'ordonnancement de paquets', 'NetworkPortEthernet', '00:0F:FE:65:7D:FC', '2023-10-29 12:57:14', '2023-10-29 12:57:14'),
(110, 'computer', 1, 'Broadcom NetXtreme Gigabit Ethernet - Miniport d\'\'ordonnancement de paquets', 'NetworkPortEthernet', '00:1F:29:36:B1:B4', '2023-10-29 12:57:14', '2023-10-29 12:57:14'),
(112, 'computer', 1, 'Broadcom NetXtreme Gigabit Ethernet - Miniport d\'\'ordonnancement de paquets', 'NetworkPortEthernet', '00:24:21:80:C6:66', '2023-10-29 12:57:14', '2023-10-29 12:57:14'),
(113, 'computer', 1, 'Broadcom NetXtreme Gigabit Ethernet - Miniport d\'\'ordonnancement de paquets', 'NetworkPortEthernet', '00:24:21:81:3A:B0', '2023-10-29 12:57:14', '2023-10-29 12:57:14'),
(114, 'computer', 1, 'Broadcom NetXtreme Gigabit Ethernet - Miniport d\'\'ordonnancement de paquets', 'NetworkPortEthernet', '00:24:21:81:3A:01', '2023-10-29 12:57:14', '2023-10-29 12:57:14'),
(115, 'computer', 1, 'Broadcom NetXtreme Gigabit Ethernet - Miniport d\'\'ordonnancement de paquets', 'NetworkPortEthernet', '00:24:21:81:1C:C4', '2023-10-29 12:57:14', '2023-10-29 12:57:14'),
(116, 'computer', 1, 'Broadcom NetXtreme Gigabit Ethernet - Miniport d\'\'ordonnancement de paquets', 'NetworkPortEthernet', '00:24:21:81:39:DF', '2023-10-29 12:57:14', '2023-10-29 12:57:14'),
(119, 'computer', 1, 'Broadcom NetXtreme Gigabit Ethernet - Miniport d\'\'ordonnancement de paquets', 'NetworkPortEthernet', '00:24:21:81:39:B5', '2023-10-29 12:57:14', '2023-10-29 12:57:14'),
(120, 'computer', 1, 'Broadcom NetXtreme Gigabit Ethernet - Miniport d\'\'ordonnancement de paquets', 'NetworkPortEthernet', '78:E7:D1:D5:42:76', '2023-10-29 12:57:14', '2023-10-29 12:57:14'),
(121, 'computer', 1, 'Broadcom NetXtreme Gigabit Ethernet - Miniport d\'\'ordonnancement de paquets', 'NetworkPortEthernet', '78:E7:D1:D5:42:31', '2023-10-29 12:57:14', '2023-10-29 12:57:14'),
(122, 'computer', 1, 'Broadcom NetXtreme Gigabit Ethernet - Miniport d\'\'ordonnancement de paquets', 'NetworkPortEthernet', '78:E7:D1:D1:9F:3A', '2023-10-29 12:57:14', '2023-10-29 12:57:14'),
(123, 'computer', 1, 'Broadcom NetXtreme Gigabit Ethernet - Miniport d\'\'ordonnancement de paquets', 'NetworkPortEthernet', '78:E7:D1:D1:2D:40', '2023-10-29 12:57:14', '2023-10-29 12:57:14'),
(124, 'computer', 1, 'Broadcom NetXtreme Gigabit Ethernet - Miniport d\'\'ordonnancement de paquets', 'NetworkPortEthernet', '78:E7:D1:D6:C6:6B', '2023-10-29 12:57:14', '2023-10-29 12:57:14'),
(125, 'computer', 1, 'Realtek PCIe GBE Family Controller', 'NetworkPortEthernet', 'D4:BE:D9:BD:15:A8', '2023-10-29 12:57:14', '2023-10-29 12:57:14'),
(126, 'computer', 1, 'Broadcom NetXtreme Gigabit Ethernet - Miniport d\'\'ordonnancement de paquets', 'NetworkPortEthernet', '78:E7:D1:D1:2C:3D', '2023-10-29 12:57:14', '2023-10-29 12:57:14'),
(127, 'computer', 1, 'Broadcom NetXtreme Gigabit Ethernet - Miniport d\'\'ordonnancement de paquets', 'NetworkPortEthernet', '00:24:21:80:C7:09', '2023-10-29 12:57:14', '2023-10-29 12:57:14'),
(128, 'computer', 1, 'Broadcom NetXtreme Gigabit Ethernet - Miniport d\'\'ordonnancement de paquets', 'NetworkPortEthernet', '78:E7:D1:D1:2D:51', '2023-10-29 12:57:14', '2023-10-29 12:57:14'),
(129, 'computer', 1, 'Broadcom NetXtreme Gigabit Ethernet - Miniport d\'\'ordonnancement de paquets', 'NetworkPortEthernet', '78:E7:D1:D1:33:FF', '2023-10-29 12:57:14', '2023-10-29 12:57:14'),
(130, 'computer', 1, 'Broadcom NetXtreme Gigabit Ethernet - Miniport d\'\'ordonnancement de paquets', 'NetworkPortEthernet', '78:E7:D1:D1:35:D0', '2023-10-29 12:57:14', '2023-10-29 12:57:14'),
(131, 'computer', 1, 'Broadcom NetXtreme Gigabit Ethernet - Miniport d\'\'ordonnancement de paquets', 'NetworkPortEthernet', '78:E7:D1:D1:2C:FE', '2023-10-29 12:57:14', '2023-10-29 12:57:14'),
(132, 'computer', 1, 'Broadcom NetXtreme Gigabit Ethernet - Miniport d\'\'ordonnancement de paquets', 'NetworkPortEthernet', '78:E7:D1:D1:9F:72', '2023-10-29 12:57:14', '2023-10-29 12:57:14'),
(133, 'computer', 1, 'Broadcom NetXtreme Gigabit Ethernet - Miniport d\'\'ordonnancement de paquets', 'NetworkPortEthernet', '78:E7:D1:D1:9F:3E', '2023-10-29 12:57:14', '2023-10-29 12:57:14'),
(134, 'computer', 1, 'Broadcom NetXtreme Gigabit Ethernet - Miniport d\'\'ordonnancement de paquets', 'NetworkPortEthernet', '78:E7:D1:D1:2D:69', '2023-10-29 12:57:14', '2023-10-29 12:57:14'),
(135, 'computer', 1, 'Intel(R) 82579LM Gigabit Network Connection', 'NetworkPortEthernet', 'E8:39:35:32:6A:F5', '2023-10-29 12:57:14', '2023-10-29 12:57:14'),
(137, 'computer', 1, 'Intel(R) 82579LM Gigabit Network Connection', 'NetworkPortEthernet', '08:2E:5F:30:BD:E6', '2023-10-29 12:57:14', '2023-10-29 12:57:14'),
(138, 'computer', 1, 'Intel(R) 82579LM Gigabit Network Connection', 'NetworkPortEthernet', '08:2E:5F:05:3C:24', '2023-10-29 12:57:14', '2023-10-29 12:57:14'),
(139, 'computer', 1, 'Intel(R) 82579LM Gigabit Network Connection', 'NetworkPortEthernet', '08:2E:5F:30:3D:A7', '2023-10-29 12:57:14', '2023-10-29 12:57:14'),
(141, 'computer', 1, 'Broadcom NetXtreme Gigabit Ethernet - Miniport d\'\'ordonnancement de paquets', 'NetworkPortEthernet', '78:E7:D1:C2:4B:F1', '2023-10-29 12:57:14', '2023-10-29 12:57:14'),
(142, 'computer', 1, 'Broadcom NetXtreme Gigabit Ethernet - Miniport d\'\'ordonnancement de paquets', 'NetworkPortEthernet', '1C:C1:DE:54:BB:0F', '2023-10-29 12:57:14', '2023-10-29 12:57:14'),
(143, 'computer', 1, 'Intel(R) 82566DM Gigabit Network Connection - Miniport d\'\'ordonnancement de paquets', 'NetworkPortEthernet', '00:0F:FE:65:74:32', '2023-10-29 12:57:14', '2023-10-29 12:57:14'),
(144, 'computer', 1, 'Broadcom NetXtreme Gigabit Ethernet - Miniport d\'\'ordonnancement de paquets', 'NetworkPortEthernet', '78:E7:D1:D1:9F:57', '2023-10-29 12:57:14', '2023-10-29 12:57:14'),
(145, 'computer', 1, 'Broadcom NetXtreme Gigabit Ethernet - Miniport d\'\'ordonnancement de paquets', 'NetworkPortEthernet', '78:E7:D1:D5:40:2E', '2023-10-29 12:57:14', '2023-10-29 12:57:14'),
(146, 'computer', 1, 'Broadcom NetXtreme Gigabit Ethernet - Miniport d\'\'ordonnancement de paquets', 'NetworkPortEthernet', '78:E7:D1:D1:2D:1C', '2023-10-29 12:57:14', '2023-10-29 12:57:14'),
(148, 'computer', 1, 'Broadcom NetXtreme Gigabit Ethernet - Miniport d\'\'ordonnancement de paquets', 'NetworkPortEthernet', '78:E7:D1:D1:A8:43', '2023-10-29 12:57:14', '2023-10-29 12:57:14'),
(151, 'computer', 1, 'Broadcom NetXtreme Gigabit Ethernet - Miniport d\'\'ordonnancement de paquets', 'NetworkPortEthernet', '78:E7:D1:D5:4A:41', '2023-10-29 12:57:14', '2023-10-29 12:57:14'),
(153, 'computer', 1, 'Broadcom NetXtreme Gigabit Ethernet - Miniport d\'\'ordonnancement de paquets', 'NetworkPortEthernet', '78:E7:D1:D5:42:2D', '2023-10-29 12:57:14', '2023-10-29 12:57:14'),
(154, 'computer', 1, 'Broadcom NetXtreme Gigabit Ethernet - Miniport d\'\'ordonnancement de paquets', 'NetworkPortEthernet', '00:24:21:81:39:AF', '2023-10-29 12:57:14', '2023-10-29 12:57:14'),
(155, 'computer', 1, 'Broadcom NetXtreme Gigabit Ethernet - Miniport d\'\'ordonnancement de paquets', 'NetworkPortEthernet', '78:E7:D1:D1:9F:82', '2023-10-29 12:57:14', '2023-10-29 12:57:14'),
(156, 'computer', 1, 'Broadcom NetXtreme Gigabit Ethernet - Miniport d\'\'ordonnancement de paquets', 'NetworkPortEthernet', '78:E7:D1:D3:4C:47', '2023-10-29 12:57:14', '2023-10-29 12:57:14'),
(157, 'computer', 1, 'Broadcom NetXtreme Gigabit Ethernet - Miniport d\'\'ordonnancement de paquets', 'NetworkPortEthernet', '78:E7:D1:D1:2D:3B', '2023-10-29 12:57:14', '2023-10-29 12:57:14'),
(158, 'computer', 1, 'Broadcom NetXtreme Gigabit Ethernet - Miniport d\'\'ordonnancement de paquets', 'NetworkPortEthernet', '78:E7:D1:D1:9F:8B', '2023-10-29 12:57:14', '2023-10-29 12:57:14'),
(159, 'computer', 1, 'Broadcom NetXtreme Gigabit Ethernet - Miniport d\'\'ordonnancement de paquets', 'NetworkPortEthernet', '78:E7:D1:D1:9D:3E', '2023-10-29 12:57:14', '2023-10-29 12:57:14'),
(160, 'computer', 1, 'Broadcom NetXtreme Gigabit Ethernet - Miniport d\'\'ordonnancement de paquets', 'NetworkPortEthernet', '00:1F:29:36:B1:44', '2023-10-29 12:57:14', '2023-10-29 12:57:14'),
(162, 'computer', 1, 'Broadcom NetXtreme Gigabit Ethernet - Miniport d\'\'ordonnancement de paquets', 'NetworkPortEthernet', '78:E7:D1:D1:2D:99', '2023-10-29 12:57:14', '2023-10-29 12:57:14'),
(163, 'computer', 1, 'Broadcom NetXtreme Gigabit Ethernet - Miniport d\'\'ordonnancement de paquets', 'NetworkPortEthernet', '00:24:21:80:C6:74', '2023-10-29 12:57:14', '2023-10-29 12:57:14'),
(164, 'computer', 1, 'Broadcom NetXtreme Gigabit Ethernet - Miniport d\'\'ordonnancement de paquets', 'NetworkPortEthernet', '78:E7:D1:D1:2D:30', '2023-10-29 12:57:14', '2023-10-29 12:57:14'),
(165, 'computer', 1, 'Broadcom NetXtreme Gigabit Ethernet - Miniport d\'\'ordonnancement de paquets', 'NetworkPortEthernet', '78:E7:D1:D1:9F:7A', '2023-10-29 12:57:14', '2023-10-29 12:57:14'),
(166, 'computer', 1, 'Broadcom NetXtreme Gigabit Ethernet - Miniport d\'\'ordonnancement de paquets', 'NetworkPortEthernet', '78:E7:D1:D5:49:96', '2023-10-29 12:57:14', '2023-10-29 12:57:14'),
(167, 'computer', 1, 'Realtek PCIe GBE Family Controller', 'NetworkPortEthernet', 'D4:BE:D9:BD:16:10', '2023-10-29 12:57:14', '2023-10-29 12:57:14'),
(168, 'computer', 1, 'Broadcom NetXtreme Gigabit Ethernet - Miniport d\'\'ordonnancement de paquets', 'NetworkPortEthernet', '78:E7:D1:D5:42:2C', '2023-10-29 12:57:14', '2023-10-29 12:57:14'),
(169, 'computer', 1, 'Broadcom NetXtreme Gigabit Ethernet - Miniport d\'\'ordonnancement de paquets', 'NetworkPortEthernet', '78:E7:D1:D1:9F:3C', '2023-10-29 12:57:14', '2023-10-29 12:57:14'),
(170, 'computer', 1, 'Intel(R) 82566DM Gigabit Network Connection - Miniport d\'\'ordonnancement de paquets', 'NetworkPortEthernet', '00:0F:FE:65:7E:9E', '2023-10-29 12:57:14', '2023-10-29 12:57:14'),
(171, 'computer', 1, 'Broadcom NetXtreme Gigabit Ethernet - Miniport d\'\'ordonnancement de paquets', 'NetworkPortEthernet', '78:E7:D1:D5:40:46', '2023-10-29 12:57:14', '2023-10-29 12:57:14'),
(173, 'computer', 1, 'Broadcom NetXtreme Gigabit Ethernet - Miniport d\'\'ordonnancement de paquets', 'NetworkPortEthernet', '00:24:21:81:39:8F', '2023-10-29 12:57:14', '2023-10-29 12:57:14'),
(175, 'computer', 1, 'Broadcom NetXtreme Gigabit Ethernet - Miniport d\'\'ordonnancement de paquets', 'NetworkPortEthernet', '78:E7:D1:D1:A8:60', '2023-10-29 12:57:14', '2023-10-29 12:57:14'),
(176, 'computer', 1, 'Broadcom NetXtreme Gigabit Ethernet - Miniport d\'\'ordonnancement de paquets', 'NetworkPortEthernet', '00:24:21:81:39:63', '2023-10-29 12:57:14', '2023-10-29 12:57:14'),
(177, 'computer', 1, 'Broadcom NetXtreme Gigabit Ethernet - Miniport d\'\'ordonnancement de paquets', 'NetworkPortEthernet', '78:E7:D1:D1:35:8F', '2023-10-29 12:57:14', '2023-10-29 12:57:14'),
(178, 'computer', 1, 'Broadcom NetXtreme Gigabit Ethernet - Miniport d\'\'ordonnancement de paquets', 'NetworkPortEthernet', '00:24:21:81:39:56', '2023-10-29 12:57:14', '2023-10-29 12:57:14'),
(180, 'computer', 1, 'Broadcom NetXtreme Gigabit Ethernet - Miniport d\'\'ordonnancement de paquets', 'NetworkPortEthernet', '00:24:21:81:39:71', '2023-10-29 12:57:14', '2023-10-29 12:57:14'),
(181, 'computer', 1, 'Intel(R) 82566DM Gigabit Network Connection - Miniport d\'\'ordonnancement de paquets', 'NetworkPortEthernet', '00:0F:FE:65:7F:1C', '2023-10-29 12:57:14', '2023-10-29 12:57:14'),
(182, 'computer', 1, 'Intel(R) 82566DM Gigabit Network Connection - Miniport d\'\'ordonnancement de paquets', 'NetworkPortEthernet', '00:0F:FE:65:7E:D4', '2023-10-29 12:57:14', '2023-10-29 12:57:14'),
(186, 'computer', 1, 'Broadcom NetXtreme Gigabit Ethernet - Miniport d\'\'ordonnancement de paquets', 'NetworkPortEthernet', '00:24:21:81:39:AD', '2023-10-29 12:57:14', '2023-10-29 12:57:14'),
(187, 'computer', 1, 'Intel(R) 82566DM Gigabit Network Connection - Miniport d\'\'ordonnancement de paquets', 'NetworkPortEthernet', '00:0F:FE:65:73:46', '2023-10-29 12:57:14', '2023-10-29 12:57:14'),
(190, 'computer', 1, 'Broadcom NetXtreme Gigabit Ethernet - Miniport d\'\'ordonnancement de paquets', 'NetworkPortEthernet', '00:24:21:81:39:F7', '2023-10-29 12:57:14', '2023-10-29 12:57:14'),
(191, 'computer', 1, 'Broadcom NetXtreme Gigabit Ethernet - Miniport d\'\'ordonnancement de paquets', 'NetworkPortEthernet', '00:18:71:6E:D7:D9', '2023-10-29 12:57:14', '2023-10-29 12:57:14'),
(192, 'computer', 1, 'Intel(R) 82566DM Gigabit Network Connection - Miniport d\'\'ordonnancement de paquets', 'NetworkPortEthernet', '00:0F:FE:65:83:60', '2023-10-29 12:57:14', '2023-10-29 12:57:14'),
(193, 'computer', 1, 'Intel(R) 82566DM Gigabit Network Connection - Miniport d\'\'ordonnancement de paquets', 'NetworkPortEthernet', '00:0F:FE:65:81:E0', '2023-10-29 12:57:14', '2023-10-29 12:57:14'),
(195, 'computer', 1, 'Broadcom NetXtreme Gigabit Ethernet - Miniport d\'\'ordonnancement de paquets', 'NetworkPortEthernet', '00:24:21:81:39:83', '2023-10-29 12:57:14', '2023-10-29 12:57:14'),
(201, 'computer', 1, 'Intel(R) 82566DM Gigabit Network Connection - Miniport d\'\'ordonnancement de paquets', 'NetworkPortEthernet', '00:0F:FE:65:7D:D0', '2023-10-29 12:57:14', '2023-10-29 12:57:14'),
(202, 'computer', 1, 'Broadcom NetXtreme Gigabit Ethernet', 'NetworkPortEthernet', '08:2E:5F:16:FD:88', '2023-10-29 12:57:14', '2023-10-29 12:57:14'),
(204, 'computer', 1, 'Broadcom NetXtreme Gigabit Ethernet - Miniport d\'\'ordonnancement de paquets', 'NetworkPortEthernet', '78:E7:D1:D5:4A:4E', '2023-10-29 12:57:14', '2023-10-29 12:57:14'),
(206, 'computer', 1, 'Intel(R) 82566DM Gigabit Network Connection - Miniport d\'\'ordonnancement de paquets', 'NetworkPortEthernet', '00:0F:FE:65:7E:50', '2023-10-29 12:57:14', '2023-10-29 12:57:14'),
(208, 'computer', 1, 'Broadcom NetXtreme Gigabit Ethernet - Miniport d\'\'ordonnancement de paquets', 'NetworkPortEthernet', '00:24:21:81:39:B6', '2023-10-29 12:57:14', '2023-10-29 12:57:14'),
(211, 'computer', 1, 'Broadcom NetXtreme Gigabit Ethernet - Miniport d\'\'ordonnancement de paquets', 'NetworkPortEthernet', '00:18:71:6E:D7:8B', '2023-10-29 12:57:14', '2023-10-29 12:57:14'),
(213, 'computer', 1, 'Intel(R) 82566DM Gigabit Network Connection - Miniport d\'\'ordonnancement de paquets', 'NetworkPortEthernet', '00:0F:FE:65:7E:7E', '2023-10-29 12:57:14', '2023-10-29 12:57:14'),
(214, 'computer', 1, 'Broadcom NetXtreme Gigabit Ethernet - Miniport d\'\'ordonnancement de paquets', 'NetworkPortEthernet', '78:E7:D1:D5:42:48', '2023-10-29 12:57:14', '2023-10-29 12:57:14'),
(215, 'computer', 1, 'Broadcom NetXtreme Gigabit Ethernet - Miniport d\'\'ordonnancement de paquets', 'NetworkPortEthernet', '00:18:71:6E:D5:BC', '2023-10-29 12:57:14', '2023-10-29 12:57:14'),
(218, 'computer', 1, 'Broadcom NetXtreme Gigabit Ethernet - Miniport d\'\'ordonnancement de paquets', 'NetworkPortEthernet', '78:E7:D1:D5:40:F8', '2023-10-29 12:57:14', '2023-10-29 12:57:14'),
(219, 'computer', 1, 'Broadcom NetXtreme Gigabit Ethernet - Miniport d\'\'ordonnancement de paquets', 'NetworkPortEthernet', '00:18:71:72:8A:FE', '2023-10-29 12:57:14', '2023-10-29 12:57:14'),
(224, 'computer', 1, 'Broadcom NetXtreme Gigabit Ethernet - Miniport d\'\'ordonnancement de paquets', 'NetworkPortEthernet', '78:E7:D1:D1:2B:11', '2023-10-29 12:57:14', '2023-10-29 12:57:14'),
(232, 'computer', 1, 'Intel(R) 82566DM Gigabit Network Connection - Miniport d\'\'ordonnancement de paquets', 'NetworkPortEthernet', '00:0F:FE:65:7E:5A', '2023-10-29 12:57:14', '2023-10-29 12:57:14'),
(240, 'computer', 1, 'Intel(R) 82566DM Gigabit Network Connection - Miniport d\'\'ordonnancement de paquets', 'NetworkPortEthernet', '00:0F:FE:65:7F:8A', '2023-10-29 12:57:14', '2023-10-29 12:57:14'),
(242, 'computer', 1, 'Broadcom NetXtreme Gigabit Ethernet - Miniport d\'\'ordonnancement de paquets', 'NetworkPortEthernet', '78:E7:D1:D5:42:61', '2023-10-29 12:57:14', '2023-10-29 12:57:14'),
(243, 'computer', 1, 'Broadcom NetXtreme Gigabit Ethernet - Miniport d\'\'ordonnancement de paquets', 'NetworkPortEthernet', '78:E7:D1:D1:33:EE', '2023-10-29 12:57:14', '2023-10-29 12:57:14'),
(244, 'computer', 1, 'Broadcom NetXtreme Gigabit Ethernet - Miniport d\'\'ordonnancement de paquets', 'NetworkPortEthernet', '78:E7:D1:D1:2C:3B', '2023-10-29 12:57:14', '2023-10-29 12:57:14'),
(246, 'computer', 1, 'Broadcom NetXtreme Gigabit Ethernet - Miniport d\'\'ordonnancement de paquets', 'NetworkPortEthernet', '00:24:21:81:39:FC', '2023-10-29 12:57:14', '2023-10-29 12:57:14'),
(247, 'computer', 1, 'Broadcom NetXtreme Gigabit Ethernet - Miniport d\'\'ordonnancement de paquets', 'NetworkPortEthernet', '78:E7:D1:D1:2D:9C', '2023-10-29 12:57:14', '2023-10-29 12:57:14'),
(248, 'computer', 1, 'Broadcom NetXtreme Gigabit Ethernet - Miniport d\'\'ordonnancement de paquets', 'NetworkPortEthernet', '00:24:21:80:C4:F0', '2023-10-29 12:57:14', '2023-10-29 12:57:14'),
(249, 'computer', 1, 'Broadcom NetXtreme Gigabit Ethernet - Miniport d\'\'ordonnancement de paquets', 'NetworkPortEthernet', '00:24:21:81:39:7C', '2023-10-29 12:57:14', '2023-10-29 12:57:14'),
(251, 'computer', 1, 'Broadcom NetXtreme Gigabit Ethernet - Miniport d\'\'ordonnancement de paquets', 'NetworkPortEthernet', '00:18:71:6E:D7:90', '2023-10-29 12:57:14', '2023-10-29 12:57:14'),
(254, 'computer', 1, 'Broadcom NetXtreme Gigabit Ethernet - Miniport d\'\'ordonnancement de paquets', 'NetworkPortEthernet', '00:24:21:80:C4:FC', '2023-10-29 12:57:14', '2023-10-29 12:57:14'),
(255, 'computer', 1, 'Intel(R) 82566DM Gigabit Network Connection - Miniport d\'\'ordonnancement de paquets', 'NetworkPortEthernet', '00:0F:FE:65:83:80', '2023-10-29 12:57:14', '2023-10-29 12:57:14'),
(258, 'computer', 1, 'Broadcom NetXtreme Gigabit Ethernet - Miniport d\'\'ordonnancement de paquets', 'NetworkPortEthernet', '00:18:71:6E:D7:37', '2023-10-29 12:57:14', '2023-10-29 12:57:14'),
(262, 'computer', 1, 'Broadcom NetXtreme Gigabit Ethernet - Miniport d\'\'ordonnancement de paquets', 'NetworkPortEthernet', '00:24:21:80:C5:9C', '2023-10-29 12:57:14', '2023-10-29 12:57:14'),
(263, 'computer', 1, 'Broadcom NetXtreme Gigabit Ethernet - Miniport d\'\'ordonnancement de paquets', 'NetworkPortEthernet', '78:E7:D1:D5:42:9C', '2023-10-29 12:57:14', '2023-10-29 12:57:14'),
(264, 'computer', 1, 'Broadcom NetXtreme Gigabit Ethernet - Miniport d\'\'ordonnancement de paquets', 'NetworkPortEthernet', '78:E7:D1:CB:84:28', '2023-10-29 12:57:14', '2023-10-29 12:57:14'),
(265, 'computer', 1, 'Broadcom NetXtreme Gigabit Ethernet - Miniport d\'\'ordonnancement de paquets', 'NetworkPortEthernet', '00:24:21:80:C7:10', '2023-10-29 12:57:14', '2023-10-29 12:57:14'),
(266, 'computer', 1, 'Broadcom NetXtreme Gigabit Ethernet - Miniport d\'\'ordonnancement de paquets', 'NetworkPortEthernet', '00:24:21:80:C6:36', '2023-10-29 12:57:14', '2023-10-29 12:57:14'),
(267, 'computer', 1, 'Intel(R) 82566DM Gigabit Network Connection - Miniport d\'\'ordonnancement de paquets', 'NetworkPortEthernet', '00:0F:FE:65:7D:C2', '2023-10-29 12:57:14', '2023-10-29 12:57:14'),
(268, 'computer', 1, 'Broadcom NetXtreme Gigabit Ethernet - Miniport d\'\'ordonnancement de paquets', 'NetworkPortEthernet', '78:E7:D1:D1:9F:63', '2023-10-29 12:57:14', '2023-10-29 12:57:14'),
(271, 'computer', 1, 'Intel(R) 82566DM Gigabit Network Connection - Miniport d\'\'ordonnancement de paquets', 'NetworkPortEthernet', '00:0F:FE:65:7E:2C', '2023-10-29 12:57:14', '2023-10-29 12:57:14'),
(273, 'computer', 1, 'Broadcom NetXtreme Gigabit Ethernet - Miniport d\'\'ordonnancement de paquets', 'NetworkPortEthernet', '00:24:21:81:39:6E', '2023-10-29 12:57:14', '2023-10-29 12:57:14'),
(285, 'computer', 1, 'Broadcom NetXtreme Gigabit Ethernet - Miniport d\'\'ordonnancement de paquets', 'NetworkPortEthernet', '00:18:71:6E:D8:AF', '2023-10-29 12:57:14', '2023-10-29 12:57:14'),
(286, 'computer', 1, 'Broadcom NetXtreme Gigabit Ethernet - Miniport d\'\'ordonnancement de paquets', 'NetworkPortEthernet', '00:24:21:80:C7:03', '2023-10-29 12:57:14', '2023-10-29 12:57:14'),
(288, 'computer', 1, 'Broadcom NetXtreme Gigabit Ethernet - Miniport d\'\'ordonnancement de paquets', 'NetworkPortEthernet', '78:E7:D1:D5:40:42', '2023-10-29 12:57:14', '2023-10-29 12:57:14'),
(290, 'computer', 1, 'Intel(R) 82566DM Gigabit Network Connection - Miniport d\'\'ordonnancement de paquets', 'NetworkPortEthernet', '00:0F:FE:65:93:B6', '2023-10-29 12:57:14', '2023-10-29 12:57:14'),
(291, 'computer', 1, 'Intel(R) 82566DM Gigabit Network Connection - Miniport d\'\'ordonnancement de paquets', 'NetworkPortEthernet', '00:0F:FE:65:80:96', '2023-10-29 12:57:14', '2023-10-29 12:57:14'),
(292, 'computer', 1, 'Intel(R) 82566DM Gigabit Network Connection - Miniport d\'\'ordonnancement de paquets', 'NetworkPortEthernet', '00:0F:FE:65:48:54', '2023-10-29 12:57:14', '2023-10-29 12:57:14'),
(294, 'computer', 1, 'Intel(R) 82566DM Gigabit Network Connection - Miniport d\'\'ordonnancement de paquets', 'NetworkPortEthernet', '00:0F:FE:65:7F:3A', '2023-10-29 12:57:14', '2023-10-29 12:57:14'),
(295, 'computer', 1, 'Intel(R) 82566DM Gigabit Network Connection - Miniport d\'\'ordonnancement de paquets', 'NetworkPortEthernet', '00:0F:FE:65:7E:5E', '2023-10-29 12:57:14', '2023-10-29 12:57:14'),
(296, 'computer', 1, 'Intel(R) 82566DM Gigabit Network Connection - Miniport d\'\'ordonnancement de paquets', 'NetworkPortEthernet', '00:0F:FE:65:42:20', '2023-10-29 12:57:14', '2023-10-29 12:57:14'),
(297, 'computer', 1, 'Broadcom NetXtreme Gigabit Ethernet - Miniport d\'\'ordonnancement de paquets', 'NetworkPortEthernet', '00:24:21:80:C4:EE', '2023-10-29 12:57:14', '2023-10-29 12:57:14'),
(302, 'computer', 1, 'Broadcom NetXtreme Gigabit Ethernet - Miniport d\'\'ordonnancement de paquets', 'NetworkPortEthernet', '00:24:21:80:C5:8E', '2023-10-29 12:57:14', '2023-10-29 12:57:14'),
(303, 'computer', 1, 'Broadcom NetXtreme Gigabit Ethernet - Miniport d\'\'ordonnancement de paquets', 'NetworkPortEthernet', '00:24:21:81:39:AB', '2023-10-29 12:57:14', '2023-10-29 12:57:14'),
(308, 'computer', 1, 'Intel(R) 82566DM Gigabit Network Connection - Miniport d\'\'ordonnancement de paquets', 'NetworkPortEthernet', '00:0F:FE:65:4A:64', '2023-10-29 12:57:14', '2023-10-29 12:57:14'),
(311, 'computer', 1, 'Broadcom NetXtreme Gigabit Ethernet - Miniport d\'\'ordonnancement de paquets', 'NetworkPortEthernet', '00:18:71:6E:D7:6E', '2023-10-29 12:57:14', '2023-10-29 12:57:14'),
(314, 'computer', 1, 'Intel(R) 82566DM Gigabit Network Connection - Miniport d\'\'ordonnancement de paquets', 'NetworkPortEthernet', '00:0F:FE:65:83:82', '2023-10-29 12:57:14', '2023-10-29 12:57:14'),
(316, 'computer', 1, 'Broadcom NetXtreme Gigabit Ethernet - Miniport d\'\'ordonnancement de paquets', 'NetworkPortEthernet', '00:24:21:80:C4:B0', '2023-10-29 12:57:14', '2023-10-29 12:57:14'),
(319, 'computer', 1, 'Intel(R) 82566DM Gigabit Network Connection - Miniport d\'\'ordonnancement de paquets', 'NetworkPortEthernet', '00:0F:FE:65:83:84', '2023-10-29 12:57:14', '2023-10-29 12:57:14'),
(322, 'computer', 1, 'Broadcom NetXtreme Gigabit Ethernet - Miniport d\'\'ordonnancement de paquets', 'NetworkPortEthernet', '00:24:21:80:C6:26', '2023-10-29 12:57:14', '2023-10-29 12:57:14'),
(325, 'computer', 1, 'Intel(R) 82566DM Gigabit Network Connection - Miniport d\'\'ordonnancement de paquets', 'NetworkPortEthernet', '00:0F:FE:65:83:26', '2023-10-29 12:57:14', '2023-10-29 12:57:14'),
(326, 'computer', 1, 'Intel(R) 82566DM Gigabit Network Connection - Miniport d\'\'ordonnancement de paquets', 'NetworkPortEthernet', '00:0F:FE:65:83:72', '2023-10-29 12:57:14', '2023-10-29 12:57:14'),
(332, 'computer', 1, 'Broadcom NetXtreme Gigabit Ethernet - Miniport d\'\'ordonnancement de paquets', 'NetworkPortEthernet', '00:24:21:81:39:64', '2023-10-29 12:57:14', '2023-10-29 12:57:14'),
(348, 'computer', 1, 'Intel(R) 82579LM Gigabit Network Connection', 'NetworkPortEthernet', '88:51:FB:6F:5F:8A', '2023-10-29 12:57:14', '2023-10-29 12:57:14'),
(349, 'computer', 1, 'Intel(R) 82579LM Gigabit Network Connection', 'NetworkPortEthernet', '88:51:FB:6F:5F:8C', '2023-10-29 12:57:14', '2023-10-29 12:57:14'),
(350, 'computer', 1, 'Intel(R) 82579LM Gigabit Network Connection', 'NetworkPortEthernet', '74:46:A0:97:70:B0', '2023-10-29 12:57:14', '2023-10-29 12:57:14'),
(353, 'computer', 1, 'Intel(R) 82579LM Gigabit Network Connection', 'NetworkPortEthernet', '74:46:A0:9C:9B:18', '2023-10-29 12:57:14', '2023-10-29 12:57:14'),
(354, 'computer', 1, 'Intel(R) 82579LM Gigabit Network Connection', 'NetworkPortEthernet', '88:51:FB:6F:5F:90', '2023-10-29 12:57:14', '2023-10-29 12:57:14'),
(355, 'computer', 1, 'Intel(R) 82579LM Gigabit Network Connection', 'NetworkPortEthernet', '74:46:A0:97:70:BA', '2023-10-29 12:57:14', '2023-10-29 12:57:14'),
(356, 'computer', 1, 'Intel(R) 82579LM Gigabit Network Connection', 'NetworkPortEthernet', '74:46:A0:97:70:BC', '2023-10-29 12:57:14', '2023-10-29 12:57:14'),
(357, 'computer', 1, 'Intel(R) 82579LM Gigabit Network Connection', 'NetworkPortEthernet', '74:46:A0:9F:C3:0F', '2023-10-29 12:57:14', '2023-10-29 12:57:14'),
(359, 'computer', 1, 'Broadcom NetXtreme Gigabit Ethernet - Miniport d\'\'ordonnancement de paquets', 'NetworkPortEthernet', '00:24:21:80:C7:15', '2023-10-29 12:57:14', '2023-10-29 12:57:14'),
(360, 'computer', 1, 'Broadcom NetXtreme Gigabit Ethernet - Miniport d\'\'ordonnancement de paquets', 'NetworkPortEthernet', '00:24:21:81:39:67', '2023-10-29 12:57:14', '2023-10-29 12:57:14'),
(361, 'computer', 1, 'Broadcom NetXtreme Gigabit Ethernet - Miniport d\'\'ordonnancement de paquets', 'NetworkPortEthernet', '00:24:21:80:C6:6F', '2023-10-29 12:57:14', '2023-10-29 12:57:14'),
(363, 'computer', 1, 'Intel(R) 82566DM Gigabit Network Connection - Miniport d\'\'ordonnancement de paquets', 'NetworkPortEthernet', '00:0F:FE:65:7D:E6', '2023-10-29 12:57:14', '2023-10-29 12:57:14'),
(379, 'computer', 1, 'Broadcom NetXtreme Gigabit Ethernet', 'NetworkPortEthernet', '08:2E:5F:18:63:D4', '2023-10-29 12:57:14', '2023-10-29 12:57:14'),
(380, 'computer', 1, 'Intel(R) 82566DM Gigabit Network Connection - Miniport d\'\'ordonnancement de paquets', 'NetworkPortEthernet', '00:0F:FE:65:7F:72', '2023-10-29 12:57:14', '2023-10-29 12:57:14'),
(381, 'computer', 1, 'Intel(R) 82566DM Gigabit Network Connection - Miniport d\'\'ordonnancement de paquets', 'NetworkPortEthernet', '00:0F:FE:65:7E:6C', '2023-10-29 12:57:14', '2023-10-29 12:57:14'),
(382, 'computer', 1, 'Intel(R) 82566DM Gigabit Network Connection - Miniport d\'\'ordonnancement de paquets', 'NetworkPortEthernet', '00:0F:FE:65:6C:40', '2023-10-29 12:57:14', '2023-10-29 12:57:14'),
(383, 'computer', 1, 'Carte réseau Fast Ethernet PCI Realtek RTL8139 Family - Miniport d\'\'ordonnancement de paquets', 'NetworkPortEthernet', '00:18:F3:92:BE:57', '2023-10-29 12:57:14', '2023-10-29 12:57:14'),
(384, 'computer', 1, 'Broadcom NetXtreme Gigabit Ethernet', 'NetworkPortEthernet', '08:2E:5F:16:FD:67', '2023-10-29 12:57:14', '2023-10-29 12:57:14'),
(385, 'computer', 1, 'Broadcom NetXtreme Gigabit Ethernet', 'NetworkPortEthernet', '08:2E:5F:18:63:FF', '2023-10-29 12:57:14', '2023-10-29 12:57:14'),
(386, 'computer', 1, 'Broadcom NetXtreme Gigabit Ethernet', 'NetworkPortEthernet', '08:2E:5F:16:FD:4E', '2023-10-29 12:57:14', '2023-10-29 12:57:14'),
(387, 'computer', 1, 'Broadcom NetXtreme Gigabit Ethernet', 'NetworkPortEthernet', '08:2E:5F:18:63:F6', '2023-10-29 12:57:14', '2023-10-29 12:57:14'),
(389, 'computer', 1, 'Broadcom NetXtreme Gigabit Ethernet', 'NetworkPortEthernet', '08:2E:5F:18:63:FC', '2023-10-29 12:57:14', '2023-10-29 12:57:14'),
(391, 'computer', 1, 'Intel(R) 82579LM Gigabit Network Connection', 'NetworkPortEthernet', '24:BE:05:1B:5F:35', '2023-10-29 12:57:14', '2023-10-29 12:57:14'),
(397, 'computer', 1, 'Intel(R) 82566DM Gigabit Network Connection - Miniport d\'\'ordonnancement de paquets', 'NetworkPortEthernet', '00:0F:FE:65:74:DE', '2023-10-29 12:57:14', '2023-10-29 12:57:14'),
(398, 'computer', 1, 'Broadcom NetXtreme Gigabit Ethernet', 'NetworkPortEthernet', '08:2E:5F:16:FD:41', '2023-10-29 12:57:14', '2023-10-29 12:57:14'),
(399, 'computer', 1, 'Broadcom NetXtreme Gigabit Ethernet', 'NetworkPortEthernet', '08:2E:5F:16:FD:65', '2023-10-29 12:57:14', '2023-10-29 12:57:14'),
(400, 'computer', 1, 'Broadcom NetXtreme Gigabit Ethernet', 'NetworkPortEthernet', '08:2E:5F:18:63:42', '2023-10-29 12:57:14', '2023-10-29 12:57:14'),
(401, 'computer', 1, 'Broadcom NetXtreme Gigabit Ethernet', 'NetworkPortEthernet', '08:2E:5F:18:63:F7', '2023-10-29 12:57:14', '2023-10-29 12:57:14'),
(402, 'computer', 1, 'Broadcom NetXtreme Gigabit Ethernet', 'NetworkPortEthernet', '08:2E:5F:18:63:FB', '2023-10-29 12:57:14', '2023-10-29 12:57:14'),
(403, 'computer', 1, 'Broadcom NetXtreme Gigabit Ethernet', 'NetworkPortEthernet', '08:2E:5F:16:FD:4A', '2023-10-29 12:57:14', '2023-10-29 12:57:14'),
(404, 'computer', 1, 'Broadcom NetXtreme Gigabit Ethernet', 'NetworkPortEthernet', '08:2E:5F:16:FD:3E', '2023-10-29 12:57:14', '2023-10-29 12:57:14'),
(423, 'computer', 1, 'Broadcom NetXtreme Gigabit Ethernet - Miniport d\'\'ordonnancement de paquets', 'NetworkPortEthernet', '00:24:21:81:39:5D', '2023-10-29 12:57:14', '2023-10-29 12:57:14'),
(426, 'computer', 1, 'Broadcom NetXtreme Gigabit Ethernet - Miniport d\'\'ordonnancement de paquets', 'NetworkPortEthernet', '00:24:21:80:C6:60', '2023-10-29 12:57:14', '2023-10-29 12:57:14'),
(428, 'computer', 1, 'Realtek PCIe GBE Family Controller', 'NetworkPortEthernet', 'D4:BE:D9:BE:4F:6C', '2023-10-29 12:57:14', '2023-10-29 12:57:14'),
(445, 'computer', 1, 'Intel(R) 82566DM-2 Gigabit Network Connection - Miniport d\'\'ordonnancement de paquets', 'NetworkPortEthernet', '00:0F:FE:D4:37:9C', '2023-10-29 12:57:14', '2023-10-29 12:57:14'),
(446, 'computer', 1, 'Intel(R) 82566DM-2 Gigabit Network Connection - Miniport d\'\'ordonnancement de paquets', 'NetworkPortEthernet', '00:0F:FE:D4:40:52', '2023-10-29 12:57:14', '2023-10-29 12:57:14'),
(447, 'computer', 1, 'Intel(R) 82566DM-2 Gigabit Network Connection - Miniport d\'\'ordonnancement de paquets', 'NetworkPortEthernet', '00:0F:FE:D4:3D:42', '2023-10-29 12:57:14', '2023-10-29 12:57:14'),
(450, 'computer', 1, 'Broadcom NetXtreme Gigabit Ethernet - Miniport d\'\'ordonnancement de paquets', 'NetworkPortEthernet', '00:24:21:81:39:F4', '2023-10-29 12:57:14', '2023-10-29 12:57:14'),
(451, 'computer', 1, 'Intel(R) 82566DM-2 Gigabit Network Connection - Miniport d\'\'ordonnancement de paquets', 'NetworkPortEthernet', '00:0F:FE:D4:40:32', '2023-10-29 12:57:14', '2023-10-29 12:57:14'),
(455, 'computer', 1, 'Broadcom NetXtreme Gigabit Ethernet - Miniport d\'\'ordonnancement de paquets', 'NetworkPortEthernet', '00:24:21:81:3A:1C', '2023-10-29 12:57:14', '2023-10-29 12:57:14'),
(460, 'computer', 1, 'Realtek PCIe GBE Family Controller', 'NetworkPortEthernet', 'D4:BE:D9:BE:4F:6D', '2023-10-29 12:57:14', '2023-10-29 12:57:14'),
(461, 'computer', 1, 'Realtek PCIe GBE Family Controller', 'NetworkPortEthernet', 'D4:BE:D9:BE:4C:DB', '2023-10-29 12:57:14', '2023-10-29 12:57:14'),
(462, 'computer', 1, 'Intel(R) 82579LM Gigabit Network Connection', 'NetworkPortEthernet', '88:51:FB:6F:5F:61', '2023-10-29 12:57:14', '2023-10-29 12:57:14'),
(463, 'computer', 1, 'Intel(R) 82566DM Gigabit Network Connection - Miniport d\'\'ordonnancement de paquets', 'NetworkPortEthernet', '00:0F:FE:65:82:E8', '2023-10-29 12:57:14', '2023-10-29 12:57:14'),
(468, 'computer', 1, 'Intel(R) 82579LM Gigabit Network Connection', 'NetworkPortEthernet', '74:46:A0:AF:8B:3D', '2023-10-29 12:57:14', '2023-10-29 12:57:14'),
(470, 'computer', 1, 'Intel(R) 82579LM Gigabit Network Connection', 'NetworkPortEthernet', '74:46:A0:B2:8A:10', '2023-10-29 12:57:14', '2023-10-29 12:57:14'),
(471, 'computer', 1, 'Intel(R) 82579LM Gigabit Network Connection', 'NetworkPortEthernet', '74:46:A0:B2:8A:07', '2023-10-29 12:57:14', '2023-10-29 12:57:14'),
(472, 'computer', 1, 'Intel(R) 82579LM Gigabit Network Connection', 'NetworkPortEthernet', '74:46:A0:9D:FC:9C', '2023-10-29 12:57:14', '2023-10-29 12:57:14'),
(473, 'computer', 1, 'Intel(R) 82579LM Gigabit Network Connection', 'NetworkPortEthernet', '74:46:A0:9D:FC:95', '2023-10-29 12:57:14', '2023-10-29 12:57:14'),
(474, 'computer', 1, 'Intel(R) 82579LM Gigabit Network Connection', 'NetworkPortEthernet', '74:46:A0:B2:8A:13', '2023-10-29 12:57:14', '2023-10-29 12:57:14'),
(475, 'computer', 1, 'Intel(R) 82579LM Gigabit Network Connection', 'NetworkPortEthernet', '74:46:A0:AF:8F:20', '2023-10-29 12:57:14', '2023-10-29 12:57:14'),
(476, 'computer', 1, 'Intel(R) 82579LM Gigabit Network Connection', 'NetworkPortEthernet', '74:46:A0:9D:FC:86', '2023-10-29 12:57:14', '2023-10-29 12:57:14'),
(477, 'computer', 1, 'Intel(R) 82579LM Gigabit Network Connection', 'NetworkPortEthernet', '74:46:A0:9D:FC:97', '2023-10-29 12:57:14', '2023-10-29 12:57:14'),
(478, 'computer', 1, 'Intel(R) 82579LM Gigabit Network Connection', 'NetworkPortEthernet', '74:46:A0:B2:89:FC', '2023-10-29 12:57:14', '2023-10-29 12:57:14'),
(479, 'computer', 1, 'Intel(R) 82579LM Gigabit Network Connection', 'NetworkPortEthernet', '74:46:A0:B7:81:5F', '2023-10-29 12:57:14', '2023-10-29 12:57:14'),
(480, 'computer', 1, 'Intel(R) 82579LM Gigabit Network Connection', 'NetworkPortEthernet', '74:46:A0:9D:FC:7B', '2023-10-29 12:57:14', '2023-10-29 12:57:14'),
(481, 'computer', 1, 'Intel(R) 82579LM Gigabit Network Connection', 'NetworkPortEthernet', '74:46:A0:9D:FB:82', '2023-10-29 12:57:14', '2023-10-29 12:57:14'),
(482, 'computer', 1, 'Intel(R) 82579LM Gigabit Network Connection', 'NetworkPortEthernet', '74:46:A0:9D:FC:9A', '2023-10-29 12:57:14', '2023-10-29 12:57:14'),
(484, 'computer', 1, 'Intel(R) 82566DM-2 Gigabit Network Connection - Miniport d\'\'ordonnancement de paquets', 'NetworkPortEthernet', '00:0F:FE:D5:24:8F', '2023-10-29 12:57:14', '2023-10-29 12:57:14'),
(485, 'computer', 1, 'Intel(R) 82566DM-2 Gigabit Network Connection - Miniport d\'\'ordonnancement de paquets', 'NetworkPortEthernet', '00:0F:FE:D5:27:CD', '2023-10-29 12:57:14', '2023-10-29 12:57:14'),
(488, 'computer', 1, 'Intel(R) 82579LM Gigabit Network Connection', 'NetworkPortEthernet', '74:46:A0:9D:FC:92', '2023-10-29 12:57:14', '2023-10-29 12:57:14'),
(496, 'computer', 1, 'Intel(R) 82579LM Gigabit Network Connection', 'NetworkPortEthernet', '74:46:A0:9D:FC:94', '2023-10-29 12:57:14', '2023-10-29 12:57:14'),
(500, 'computer', 1, 'Broadcom NetXtreme Gigabit Ethernet', 'NetworkPortEthernet', '08:2E:5F:18:63:F3', '2023-10-29 12:57:14', '2023-10-29 12:57:14'),
(508, 'computer', 1, 'Intel(R) 82579LM Gigabit Network Connection', 'NetworkPortEthernet', '74:46:A0:B2:89:FF', '2023-10-29 12:57:14', '2023-10-29 12:57:14'),
(518, 'computer', 1, 'Intel(R) 82579LM Gigabit Network Connection', 'NetworkPortEthernet', '74:46:A0:AF:8F:E2', '2023-10-29 12:57:14', '2023-10-29 12:57:14'),
(527, 'computer', 1, 'Intel(R) 82579LM Gigabit Network Connection', 'NetworkPortEthernet', '74:46:A0:AF:8F:21', '2023-10-29 12:57:14', '2023-10-29 12:57:14'),
(528, 'computer', 1, 'Intel(R) 82579LM Gigabit Network Connection', 'NetworkPortEthernet', '74:46:A0:B2:8A:0F', '2023-10-29 12:57:14', '2023-10-29 12:57:14'),
(529, 'computer', 1, 'Intel(R) 82579LM Gigabit Network Connection', 'NetworkPortEthernet', '74:46:A0:B2:89:04', '2023-10-29 12:57:14', '2023-10-29 12:57:14'),
(530, 'computer', 1, 'Intel(R) 82579LM Gigabit Network Connection', 'NetworkPortEthernet', '74:46:A0:9D:FC:9E', '2023-10-29 12:57:14', '2023-10-29 12:57:14'),
(531, 'computer', 1, 'Intel(R) 82566DM-2 Gigabit Network Connection - Miniport d\'\'ordonnancement de paquets', 'NetworkPortEthernet', '00:0F:FE:D5:29:B9', '2023-10-29 12:57:14', '2023-10-29 12:57:14'),
(532, 'computer', 1, 'Realtek PCIe GBE Family Controller', 'NetworkPortEthernet', 'F0:4D:A2:F5:27:70', '2023-10-29 12:57:14', '2023-10-29 12:57:14'),
(533, 'computer', 1, 'Realtek PCIe GBE Family Controller', 'NetworkPortEthernet', 'D0:67:E5:11:73:5A', '2023-10-29 12:57:14', '2023-10-29 12:57:14'),
(536, 'computer', 1, 'Realtek PCIe GBE Family Controller', 'NetworkPortEthernet', 'D0:67:E5:11:76:DB', '2023-10-29 12:57:14', '2023-10-29 12:57:14'),
(538, 'computer', 1, 'Realtek PCIe GBE Family Controller', 'NetworkPortEthernet', 'D0:67:E5:10:6F:0F', '2023-10-29 12:57:14', '2023-10-29 12:57:14'),
(540, 'computer', 1, 'Realtek PCIe GBE Family Controller', 'NetworkPortEthernet', 'D0:67:E5:11:2A:6B', '2023-10-29 12:57:14', '2023-10-29 12:57:14'),
(541, 'computer', 1, 'Intel(R) 82566DM-2 Gigabit Network Connection - Miniport d\'\'ordonnancement de paquets', 'NetworkPortEthernet', '00:0F:FE:D5:38:A9', '2023-10-29 12:57:14', '2023-10-29 12:57:14'),
(548, 'computer', 1, 'Intel(R) 82579LM Gigabit Network Connection', 'NetworkPortEthernet', '74:46:A0:97:73:0A', '2023-10-29 12:57:14', '2023-10-29 12:57:14'),
(549, 'computer', 1, 'Intel(R) 82579LM Gigabit Network Connection', 'NetworkPortEthernet', '74:46:A0:9F:C6:5B', '2023-10-29 12:57:14', '2023-10-29 12:57:14'),
(550, 'computer', 1, 'Intel(R) 82579LM Gigabit Network Connection', 'NetworkPortEthernet', '74:46:A0:AF:8B:16', '2023-10-29 12:57:14', '2023-10-29 12:57:14'),
(551, 'computer', 1, 'Realtek PCIe GBE Family Controller', 'NetworkPortEthernet', 'D0:67:E5:10:6E:9C', '2023-10-29 12:57:14', '2023-10-29 12:57:14'),
(553, 'computer', 1, 'Intel(R) 82579LM Gigabit Network Connection', 'NetworkPortEthernet', '74:46:A0:9F:C6:36', '2023-10-29 12:57:14', '2023-10-29 12:57:14'),
(554, 'computer', 1, 'Intel(R) 82566DM-2 Gigabit Network Connection - Miniport d\'\'ordonnancement de paquets', 'NetworkPortEthernet', '00:0F:FE:D5:3B:67', '2023-10-29 12:57:14', '2023-10-29 12:57:14'),
(555, 'computer', 1, 'Realtek PCIe GBE Family Controller', 'NetworkPortEthernet', 'D0:67:E5:10:75:45', '2023-10-29 12:57:14', '2023-10-29 12:57:14'),
(556, 'computer', 1, 'Realtek PCIe GBE Family Controller', 'NetworkPortEthernet', 'D0:67:E5:10:6F:3A', '2023-10-29 12:57:14', '2023-10-29 12:57:14'),
(557, 'computer', 1, 'Realtek PCIe GBE Family Controller', 'NetworkPortEthernet', 'D0:67:E5:10:7C:A2', '2023-10-29 12:57:14', '2023-10-29 12:57:14'),
(559, 'computer', 1, 'Intel(R) 82579LM Gigabit Network Connection', 'NetworkPortEthernet', '88:51:FB:6F:61:78', '2023-10-29 12:57:14', '2023-10-29 12:57:14'),
(561, 'computer', 1, 'Realtek PCIe GBE Family Controller', 'NetworkPortEthernet', 'D0:67:E5:10:6E:76', '2023-10-29 12:57:14', '2023-10-29 12:57:14'),
(562, 'computer', 1, 'Realtek PCIe GBE Family Controller', 'NetworkPortEthernet', 'D0:67:E5:11:74:7F', '2023-10-29 12:57:14', '2023-10-29 12:57:14'),
(565, 'computer', 1, 'Realtek PCIe GBE Family Controller', 'NetworkPortEthernet', 'D0:67:E5:11:2A:D3', '2023-10-29 12:57:14', '2023-10-29 12:57:14'),
(566, 'computer', 1, 'Intel(R) 82579LM Gigabit Network Connection', 'NetworkPortEthernet', '74:46:A0:9F:C6:5F', '2023-10-29 12:57:14', '2023-10-29 12:57:14'),
(573, 'computer', 1, 'NVIDIA nForce 10/100 Mbps Ethernet', 'NetworkPortEthernet', '70:71:BC:B8:A2:96', '2023-10-29 12:57:14', '2023-10-29 12:57:14'),
(579, 'computer', 1, 'Intel(R) 82579LM Gigabit Network Connection', 'NetworkPortEthernet', '74:46:A0:9C:9D:0D', '2023-10-29 12:57:14', '2023-10-29 12:57:14'),
(601, 'computer', 1, 'NVIDIA nForce 10/100 Mbps Ethernet', 'NetworkPortEthernet', '70:71:BC:89:64:2E', '2023-10-29 12:57:14', '2023-10-29 12:57:14'),
(602, 'computer', 1, 'NVIDIA nForce 10/100 Mbps Ethernet', 'NetworkPortEthernet', '70:71:BC:89:64:C2', '2023-10-29 12:57:14', '2023-10-29 12:57:14'),
(604, 'computer', 1, 'NVIDIA nForce 10/100 Mbps Ethernet', 'NetworkPortEthernet', '70:71:BC:89:63:FA', '2023-10-29 12:57:14', '2023-10-29 12:57:14'),
(611, 'computer', 1, 'NVIDIA nForce 10/100 Mbps Ethernet', 'NetworkPortEthernet', '70:71:BC:89:63:10', '2023-10-29 12:57:14', '2023-10-29 12:57:14'),
(612, 'computer', 1, 'NVIDIA nForce 10/100 Mbps Ethernet', 'NetworkPortEthernet', '70:71:BC:89:64:5C', '2023-10-29 12:57:14', '2023-10-29 12:57:14');

INSERT INTO `glpi_networkports` (`items_id`, `itemtype`, `logical_number`, `name`, `instantiation_type`, `mac`, `date_mod`, `date_creation`) VALUES
(619, 'computer', 1, 'NVIDIA nForce 10/100 Mbps Ethernet', 'NetworkPortEthernet', '70:71:BC:89:68:31', '2023-10-29 12:57:14', '2023-10-29 12:57:14'),
(620, 'computer', 1, 'NVIDIA nForce 10/100 Mbps Ethernet', 'NetworkPortEthernet', '70:71:BC:89:5F:03', '2023-10-29 12:57:14', '2023-10-29 12:57:14'),
(625, 'computer', 1, 'Intel(R) 82579LM Gigabit Network Connection', 'NetworkPortEthernet', '74:46:A0:AF:8B:2D', '2023-10-29 12:57:14', '2023-10-29 12:57:14'),
(628, 'computer', 1, 'NVIDIA nForce 10/100 Mbps Ethernet', 'NetworkPortEthernet', '70:71:BC:89:65:04', '2023-10-29 12:57:14', '2023-10-29 12:57:14'),
(631, 'computer', 1, 'Broadcom NetXtreme Gigabit Ethernet - Miniport d\'\'ordonnancement de paquets', 'NetworkPortEthernet', '00:18:71:6E:D8:AD', '2023-10-29 12:57:14', '2023-10-29 12:57:14'),
(642, 'computer', 1, 'Intel(R) 82566DM Gigabit Network Connection - Miniport d\'\'ordonnancement de paquets', 'NetworkPortEthernet', '00:0F:FE:65:76:02', '2023-10-29 12:57:14', '2023-10-29 12:57:14'),
(650, 'computer', 1, 'NVIDIA nForce 10/100 Mbps Ethernet', 'NetworkPortEthernet', '70:71:BC:89:61:3E', '2023-10-29 12:57:14', '2023-10-29 12:57:14'),
(651, 'computer', 1, 'Intel(R) 82579LM Gigabit Network Connection', 'NetworkPortEthernet', '74:46:A0:9D:FC:9B', '2023-10-29 12:57:14', '2023-10-29 12:57:14'),
(652, 'computer', 1, 'Intel(R) 82566DM Gigabit Network Connection - Miniport d\'\'ordonnancement de paquets', 'NetworkPortEthernet', '00:0F:FE:65:7D:4C', '2023-10-29 12:57:14', '2023-10-29 12:57:14'),
(655, 'computer', 1, 'Intel(R) 82566DM Gigabit Network Connection - Miniport d\'\'ordonnancement de paquets', 'NetworkPortEthernet', '00:0F:FE:65:75:BC', '2023-10-29 12:57:14', '2023-10-29 12:57:14'),
(658, 'computer', 1, 'Intel(R) 82566DM Gigabit Network Connection - Miniport d\'\'ordonnancement de paquets', 'NetworkPortEthernet', '00:0F:FE:65:83:58', '2023-10-29 12:57:14', '2023-10-29 12:57:14'),
(663, 'computer', 1, 'Intel(R) 82566DM Gigabit Network Connection - Miniport d\'\'ordonnancement de paquets', 'NetworkPortEthernet', '00:0F:FE:65:7D:DE', '2023-10-29 12:57:14', '2023-10-29 12:57:14'),
(782, 'computer', 1, 'Broadcom NetXtreme Gigabit Ethernet - Miniport d\'\'ordonnancement de paquets', 'NetworkPortEthernet', '00:18:71:6F:D2:EF', '2023-10-29 12:57:14', '2023-10-29 12:57:14'),
(783, 'computer', 1, 'Intel(R) 82566DM Gigabit Network Connection - Miniport d\'\'ordonnancement de paquets', 'NetworkPortEthernet', '00:0F:FE:65:7D:92', '2023-10-29 12:57:14', '2023-10-29 12:57:14'),
(882, 'computer', 1, 'Realtek PCIe GBE Family Controller', 'NetworkPortEthernet', 'D0:67:E5:10:71:9D', '2023-10-29 12:57:14', '2023-10-29 12:57:14'),
(884, 'computer', 1, 'Intel(R) 82566DM Gigabit Network Connection - Miniport d\'\'ordonnancement de paquets', 'NetworkPortEthernet', '00:0F:FE:65:83:9E', '2023-10-29 12:57:14', '2023-10-29 12:57:14'),
(905, 'computer', 1, 'Realtek PCIe GBE Family Controller', 'NetworkPortEthernet', 'D0:67:E5:11:72:8E', '2023-10-29 12:57:14', '2023-10-29 12:57:14'),
(908, 'computer', 1, 'Realtek PCIe GBE Family Controller', 'NetworkPortEthernet', 'D0:67:E5:10:6E:83', '2023-10-29 12:57:14', '2023-10-29 12:57:14'),
(910, 'computer', 1, 'Realtek PCIe GBE Family Controller', 'NetworkPortEthernet', 'D0:67:E5:11:74:7C', '2023-10-29 12:57:14', '2023-10-29 12:57:14'),
(913, 'computer', 1, 'Realtek PCIe GBE Family Controller', 'NetworkPortEthernet', 'D0:67:E5:11:76:16', '2023-10-29 12:57:14', '2023-10-29 12:57:14'),
(915, 'computer', 1, 'Realtek PCIe GBE Family Controller', 'NetworkPortEthernet', 'D0:67:E5:10:6E:E9', '2023-10-29 12:57:14', '2023-10-29 12:57:14'),
(920, 'computer', 1, 'Realtek PCIe GBE Family Controller', 'NetworkPortEthernet', 'D0:67:E5:11:2D:28', '2023-10-29 12:57:14', '2023-10-29 12:57:14'),
(921, 'computer', 1, 'Realtek PCIe GBE Family Controller', 'NetworkPortEthernet', 'D0:67:E5:11:72:A8', '2023-10-29 12:57:14', '2023-10-29 12:57:14'),
(922, 'computer', 1, 'Realtek PCIe GBE Family Controller', 'NetworkPortEthernet', 'D0:67:E5:10:6E:87', '2023-10-29 12:57:14', '2023-10-29 12:57:14'),
(924, 'computer', 1, 'Realtek PCIe GBE Family Controller', 'NetworkPortEthernet', 'D0:67:E5:10:75:49', '2023-10-29 12:57:14', '2023-10-29 12:57:14'),
(926, 'computer', 1, 'Realtek PCIe GBE Family Controller', 'NetworkPortEthernet', 'D0:67:E5:10:6F:E9', '2023-10-29 12:57:14', '2023-10-29 12:57:14'),
(934, 'computer', 1, 'Realtek PCIe GBE Family Controller', 'NetworkPortEthernet', 'D0:67:E5:10:6E:2F', '2023-10-29 12:57:14', '2023-10-29 12:57:14'),
(939, 'computer', 1, 'Realtek PCIe GBE Family Controller', 'NetworkPortEthernet', 'D0:67:E5:10:6F:3F', '2023-10-29 12:57:14', '2023-10-29 12:57:14'),
(951, 'computer', 1, 'Intel(R) 82566DM Gigabit Network Connection - Miniport d\'\'ordonnancement de paquets', 'NetworkPortEthernet', '00:0F:FE:65:7E:3C', '2023-10-29 12:57:14', '2023-10-29 12:57:14'),
(961, 'computer', 1, 'Broadcom NetXtreme Gigabit Ethernet', 'NetworkPortEthernet', '08:2E:5F:18:63:FE', '2023-10-29 12:57:14', '2023-10-29 12:57:14'),
(966, 'computer', 1, 'Intel(R) 82566DM-2 Gigabit Network Connection - Miniport d\'\'ordonnancement de paquets', 'NetworkPortEthernet', '00:0F:FE:D4:3F:88', '2023-10-29 12:57:14', '2023-10-29 12:57:14'),
(966, 'computer', 1, 'Bluetooth PAN Network Adapter - Miniport d\'\'ordonnancement de paquets', 'NetworkPortEthernet', '00:15:83:4E:7D:26', '2023-10-29 12:57:14', '2023-10-29 12:57:14'),
(971, 'computer', 1, 'Realtek PCIe GBE Family Controller', 'NetworkPortEthernet', 'D4:BE:D9:BD:7D:4F', '2023-10-29 12:57:14', '2023-10-29 12:57:14'),
(973, 'computer', 1, 'Intel(R) 82579LM Gigabit Network Connection', 'NetworkPortEthernet', '24:BE:05:18:35:6F', '2023-10-29 12:57:14', '2023-10-29 12:57:14'),
(975, 'computer', 1, 'Realtek PCIe GBE Family Controller', 'NetworkPortEthernet', 'D0:67:E5:10:6E:68', '2023-10-29 12:57:14', '2023-10-29 12:57:14'),
(980, 'computer', 1, 'Intel(R) 82579LM Gigabit Network Connection', 'NetworkPortEthernet', '24:BE:05:18:35:6F', '2023-10-29 12:57:14', '2023-10-29 12:57:14'),
(989, 'computer', 1, 'Realtek PCIe GBE Family Controller', 'NetworkPortEthernet', 'D0:67:E5:10:7B:A9', '2023-10-29 12:57:14', '2023-10-29 12:57:14'),
(990, 'computer', 1, 'Intel(R) 82566DM-2 Gigabit Network Connection - Miniport d\'\'ordonnancement de paquets', 'NetworkPortEthernet', '00:0F:FE:D4:3D:60', '2023-10-29 12:57:14', '2023-10-29 12:57:14'),
(990, 'computer', 1, 'Bluetooth PAN Network Adapter - Miniport d\'\'ordonnancement de paquets', 'NetworkPortEthernet', '00:15:83:4E:7A:9F', '2023-10-29 12:57:14', '2023-10-29 12:57:14'),
(992, 'computer', 1, 'Realtek PCIe GBE Family Controller', 'NetworkPortEthernet', 'D0:67:E5:10:7C:AE', '2023-10-29 12:57:14', '2023-10-29 12:57:14'),
(995, 'computer', 1, 'Intel(R) 82579LM Gigabit Network Connection', 'NetworkPortEthernet', '24:BE:05:1B:5F:43', '2023-10-29 12:57:14', '2023-10-29 12:57:14'),
(998, 'computer', 1, 'Broadcom NetXtreme Gigabit Ethernet - Miniport d\'\'ordonnancement de paquets', 'NetworkPortEthernet', '00:24:21:80:C6:FD', '2023-10-29 12:57:14', '2023-10-29 12:57:14'),
(999, 'computer', 1, 'Realtek PCIe GBE Family Controller', 'NetworkPortEthernet', 'D0:67:E5:10:6E:7C', '2023-10-29 12:57:14', '2023-10-29 12:57:14'),
(1000, 'computer', 1, 'Realtek PCIe GBE Family Controller', 'NetworkPortEthernet', 'D0:67:E5:10:6E:82', '2023-10-29 12:57:14', '2023-10-29 12:57:14'),
(1028, 'computer', 1, 'TP-LINK 300Mbps Wireless N Adapter', 'NetworkPortEthernet', 'B0:48:7A:BF:6F:61', '2023-10-29 12:57:14', '2023-10-29 12:57:14'),
(1030, 'computer', 1, 'Intel(R) 82579LM Gigabit Network Connection', 'NetworkPortEthernet', '24:BE:05:18:35:6D', '2023-10-29 12:57:14', '2023-10-29 12:57:14'),
(1030, 'computer', 1, 'TP-LINK 300Mbps Wireless N Adapter', 'NetworkPortEthernet', 'B0:48:7A:BF:69:08', '2023-10-29 12:57:14', '2023-10-29 12:57:14'),
(1031, 'computer', 1, 'Intel(R) 82579LM Gigabit Network Connection', 'NetworkPortEthernet', '24:BE:05:1B:5F:1A', '2023-10-29 12:57:14', '2023-10-29 12:57:14'),
(1031, 'computer', 1, 'TP-LINK 300Mbps Wireless N Adapter', 'NetworkPortEthernet', 'B0:48:7A:BF:71:61', '2023-10-29 12:57:14', '2023-10-29 12:57:14'),
(1032, 'computer', 1, 'Intel(R) 82579LM Gigabit Network Connection', 'NetworkPortEthernet', '24:BE:05:1B:5F:05', '2023-10-29 12:57:14', '2023-10-29 12:57:14'),
(1032, 'computer', 1, 'TP-LINK 300Mbps Wireless N Adapter', 'NetworkPortEthernet', 'B0:48:7A:BF:6C:43', '2023-10-29 12:57:14', '2023-10-29 12:57:14'),
(1033, 'computer', 1, 'Intel(R) 82579LM Gigabit Network Connection', 'NetworkPortEthernet', '24:BE:05:20:52:17', '2023-10-29 12:57:14', '2023-10-29 12:57:14'),
(1033, 'computer', 1, 'TP-LINK 300Mbps Wireless N Adapter', 'NetworkPortEthernet', 'B0:48:7A:BF:6A:31', '2023-10-29 12:57:14', '2023-10-29 12:57:14'),
(1034, 'computer', 1, 'Intel(R) 82579LM Gigabit Network Connection', 'NetworkPortEthernet', '24:BE:05:20:52:12', '2023-10-29 12:57:14', '2023-10-29 12:57:14'),
(1034, 'computer', 1, 'TP-LINK 300Mbps Wireless N Adapter', 'NetworkPortEthernet', 'B0:48:7A:BF:67:0D', '2023-10-29 12:57:14', '2023-10-29 12:57:14'),
(1035, 'computer', 1, 'Intel(R) 82579LM Gigabit Network Connection', 'NetworkPortEthernet', '24:BE:05:18:34:FB', '2023-10-29 12:57:14', '2023-10-29 12:57:14'),
(1035, 'computer', 1, 'TP-LINK 300Mbps Wireless N Adapter', 'NetworkPortEthernet', 'B0:48:7A:BF:69:09', '2023-10-29 12:57:14', '2023-10-29 12:57:14'),
(1036, 'computer', 1, 'TP-LINK 300Mbps Wireless N Adapter', 'NetworkPortEthernet', 'B0:48:7A:BF:6B:1B', '2023-10-29 12:57:14', '2023-10-29 12:57:14'),
(1037, 'computer', 1, 'TP-LINK 300Mbps Wireless N Adapter', 'NetworkPortEthernet', 'B0:48:7A:BF:6F:5D', '2023-10-29 12:57:14', '2023-10-29 12:57:14'),
(1038, 'computer', 1, 'Intel(R) 82579LM Gigabit Network Connection', 'NetworkPortEthernet', '24:BE:05:20:51:C1', '2023-10-29 12:57:14', '2023-10-29 12:57:14'),
(1038, 'computer', 1, 'TP-LINK 300Mbps Wireless N Adapter', 'NetworkPortEthernet', 'B0:48:7A:BF:66:C5', '2023-10-29 12:57:14', '2023-10-29 12:57:14'),
(1067, 'computer', 1, 'Intel(R) 82579LM Gigabit Network Connection', 'NetworkPortEthernet', 'E8:39:35:32:6A:FA', '2023-10-29 12:57:14', '2023-10-29 12:57:14'),
(1068, 'computer', 1, 'Intel(R) 82579LM Gigabit Network Connection', 'NetworkPortEthernet', 'E8:39:35:32:6A:AE', '2023-10-29 12:57:14', '2023-10-29 12:57:14'),
(1070, 'computer', 1, 'Intel(R) 82579LM Gigabit Network Connection', 'NetworkPortEthernet', '08:2E:5F:05:B2:8F', '2023-10-29 12:57:14', '2023-10-29 12:57:14'),
(1071, 'computer', 1, 'Intel(R) 82579LM Gigabit Network Connection', 'NetworkPortEthernet', '08:2E:5F:30:BE:8A', '2023-10-29 12:57:14', '2023-10-29 12:57:14'),
(1072, 'computer', 1, 'Intel(R) 82579LM Gigabit Network Connection', 'NetworkPortEthernet', '08:2E:5F:30:3D:B8', '2023-10-29 12:57:14', '2023-10-29 12:57:14'),
(1073, 'computer', 1, 'Intel(R) 82579LM Gigabit Network Connection', 'NetworkPortEthernet', 'E8:39:35:32:6A:FB', '2023-10-29 12:57:14', '2023-10-29 12:57:14'),
(1074, 'computer', 1, 'Intel(R) 82579LM Gigabit Network Connection', 'NetworkPortEthernet', '08:2E:5F:30:3D:B9', '2023-10-29 12:57:14', '2023-10-29 12:57:14'),
(1075, 'computer', 1, 'Intel(R) 82579LM Gigabit Network Connection', 'NetworkPortEthernet', 'E8:39:35:32:6A:F8', '2023-10-29 12:57:14', '2023-10-29 12:57:14'),
(1076, 'computer', 1, 'Intel(R) 82579LM Gigabit Network Connection', 'NetworkPortEthernet', '10:60:4B:69:D0:A7', '2023-10-29 12:57:14', '2023-10-29 12:57:14'),
(1077, 'computer', 1, 'Intel(R) 82579LM Gigabit Network Connection', 'NetworkPortEthernet', '2C:41:38:B3:2B:21', '2023-10-29 12:57:14', '2023-10-29 12:57:14'),
(1078, 'computer', 1, 'Intel(R) 82579LM Gigabit Network Connection', 'NetworkPortEthernet', '08:2E:5F:30:BE:88', '2023-10-29 12:57:14', '2023-10-29 12:57:14'),
(1079, 'computer', 1, 'Intel(R) 82579LM Gigabit Network Connection', 'NetworkPortEthernet', '08:2E:5F:30:BE:9F', '2023-10-29 12:57:14', '2023-10-29 12:57:14'),
(1080, 'computer', 1, 'Intel(R) 82579LM Gigabit Network Connection', 'NetworkPortEthernet', '08:2E:5F:06:B4:9A', '2023-10-29 12:57:14', '2023-10-29 12:57:14'),
(1081, 'computer', 1, 'Intel(R) 82579LM Gigabit Network Connection', 'NetworkPortEthernet', '08:2E:5F:30:BE:8D', '2023-10-29 12:57:14', '2023-10-29 12:57:14'),
(1083, 'computer', 1, 'Intel(R) 82579LM Gigabit Network Connection', 'NetworkPortEthernet', '08:2E:5F:30:BE:8F', '2023-10-29 12:57:14', '2023-10-29 12:57:14'),
(1085, 'computer', 1, 'Intel(R) 82579LM Gigabit Network Connection', 'NetworkPortEthernet', '24:BE:05:20:51:F8', '2023-10-29 12:57:14', '2023-10-29 12:57:14'),
(1085, 'computer', 1, 'TP-LINK 300Mbps Wireless N Adapter', 'NetworkPortEthernet', 'B0:48:7A:BF:6D:60', '2023-10-29 12:57:14', '2023-10-29 12:57:14'),
(1087, 'computer', 1, 'Intel(R) 82579LM Gigabit Network Connection', 'NetworkPortEthernet', '08:2E:5F:30:BE:A1', '2023-10-29 12:57:14', '2023-10-29 12:57:14'),
(1088, 'computer', 1, 'Intel(R) 82566DM Gigabit Network Connection - Miniport d\'\'ordonnancement de paquets', 'NetworkPortEthernet', '00:0F:FE:65:83:9C', '2023-10-29 12:57:14', '2023-10-29 12:57:14'),
(1089, 'computer', 1, 'Intel(R) 82579LM Gigabit Network Connection', 'NetworkPortEthernet', '24:BE:05:18:36:36', '2023-10-29 12:57:14', '2023-10-29 12:57:14'),
(1089, 'computer', 1, 'TP-LINK 300Mbps Wireless N Adapter', 'NetworkPortEthernet', 'B0:48:7A:BF:6F:66', '2023-10-29 12:57:14', '2023-10-29 12:57:14'),
(1090, 'computer', 1, 'Intel(R) 82579LM Gigabit Network Connection', 'NetworkPortEthernet', '24:BE:05:1B:5F:46', '2023-10-29 12:57:14', '2023-10-29 12:57:14'),
(1090, 'computer', 1, 'TP-LINK 300Mbps Wireless N Adapter', 'NetworkPortEthernet', 'B0:48:7A:BF:6B:14', '2023-10-29 12:57:14', '2023-10-29 12:57:14'),
(1091, 'computer', 1, 'Intel(R) 82579LM Gigabit Network Connection', 'NetworkPortEthernet', '24:BE:05:1B:5F:4D', '2023-10-29 12:57:14', '2023-10-29 12:57:14'),
(1091, 'computer', 1, 'TP-LINK 300Mbps Wireless N Adapter', 'NetworkPortEthernet', 'B0:48:7A:BF:6C:3D', '2023-10-29 12:57:14', '2023-10-29 12:57:14'),
(1093, 'computer', 1, 'Intel(R) 82566DM-2 Gigabit Network Connection - Miniport d\'\'ordonnancement de paquets', 'NetworkPortEthernet', '00:0F:FE:D5:3B:9B', '2023-10-29 12:57:14', '2023-10-29 12:57:14'),
(1093, 'computer', 1, 'Bluetooth PAN Network Adapter - Miniport d\'\'ordonnancement de paquets', 'NetworkPortEthernet', '00:15:83:4E:7A:94', '2023-10-29 12:57:14', '2023-10-29 12:57:14'),
(1094, 'computer', 1, 'eth0', 'NetworkPortEthernet', 'ba:81:4c:37:73:6f', '2023-10-29 12:57:14', '2023-10-29 12:57:14'),
(1095, 'computer', 1, 'eth0', 'NetworkPortEthernet', 'f2:fa:eb:84:de:5e', '2023-10-29 12:57:14', '2023-10-29 12:57:14'),
(1096, 'computer', 1, 'eth0', 'NetworkPortEthernet', '82:ce:a1:2e:48:c9', '2023-10-29 12:57:14', '2023-10-29 12:57:14'),
(1097, 'computer', 1, 'eth0', 'NetworkPortEthernet', 'b6:37:c0:0f:0f:e9', '2023-10-29 12:57:14', '2023-10-29 12:57:14'),
(1097, 'computer', 1, 'eth1', 'NetworkPortEthernet', 'ea:40:80:8f:1b:60', '2023-10-29 12:57:14', '2023-10-29 12:57:14'),
(1098, 'computer', 1, 'eth0', 'NetworkPortEthernet', 'a2:91:d7:d0:d5:b6', '2023-10-29 12:57:14', '2023-10-29 12:57:14'),
(1099, 'computer', 1, 'eth0', 'NetworkPortEthernet', 'ba:b8:a1:ee:50:25', '2023-10-29 12:57:14', '2023-10-29 12:57:14');


